banco;comercio;descuento;descuento_pct;tope;dias;horario;lugares;tarjetas;modalidad;region;vigencia;url;condiciones
Banco Falabella;Coppelia;40%;40;Sin Tope;Lunes;;;"CMR Mastercard; CMR Mastercard Premium; Tarjeta Débito Banco Falabella; CMR Mastercard Elite";Presencial;Región Metropolitana de Santiago;2026-08-01 → 2026-09-30;https://www.bancofalabella.cl/descuentos/detalle/coppelia;Sigue estos pasos: /  / - Todos los Lunes / - 40% de descuento pagando con tu CMR y 30% de descuento pagando con Débito Banco Falabella. / CONDICIONES  / - Solo Presencial / - No acumulable sobre otras promociones
Banco Falabella;Petit;40% (40% dcto sin tope con CMR y 30% sin tope con Débito Banco Falabella);40;Sin Tope;Lunes, Martes, Miércoles, Jueves, Viernes, Sábado, Domingo;;Alto las Condes;"CMR Mastercard Elite; CMR Mastercard; CMR Mastercard Premium; Tarjeta Débito Banco Falabella";Presencial;Región Metropolitana de Santiago;2025-11-01 → 2026-09-30;https://www.bancofalabella.cl/descuentos/detalle/petit;Conoce el detalle /  / Descuento: 40% dcto sin tope con CMR y 30% sin tope con Débito Banco Falabella / - De lunes a domingo / - Exclusivo Alto las Condes
Banco Falabella;Patio Bulnes Restobar;40% (40% dcto con CMR y 30% con Débito Banco Falabella.);40;Sin Tope;Lunes;;"Buin; Manuel Bulnes 491, comuna de Buin, Región Metropolitana";"CMR Mastercard; CMR Mastercard Premium; Tarjeta Débito Banco Falabella; CMR Mastercard Elite";Presencial;Región Metropolitana de Santiago;2026-06-01 → 2026-09-30;https://www.bancofalabella.cl/descuentos/detalle/patio-bulnes-restobar;Sigue estos pasos /  / - Usa tu tarjeta CMR o Débito Banco Falabella como medio de pago / - Y listo! Ya tienes tu 40% dcto con CMR y 30% con Débito Banco Falabella. / Condiciones: / *Solo Presencial / - Todos los Lunes / *Dirección: Manuel Bulnes 491, comuna de Buin, Región Metropolitana
Banco Falabella;La Maestranza;40% (40% dcto con CMR y 30% con Débito Banco Falabella.);40;Sin Tope;Lunes, Miércoles, Viernes;;Avenida Vitacura 5468, Vitacura – Santiago;"CMR Mastercard; CMR Mastercard Premium; CMR Mastercard Elite; Tarjeta Débito Banco Falabella";Presencial;Región Metropolitana de Santiago;2026-01-01 → 2026-09-30;https://www.bancofalabella.cl/descuentos/detalle/la-maestranza;Sigue estos pasos /  / - Has tu reserva en La Maestranza / - Usa tu tarjeta CMR o Débito Banco Falabella como medio de pago / - Y listo! Ya tienes tu 40% dcto con CMR y 30% con Débito Banco Falabella. / Condiciones: / *Solo Presencial / - Todos los lunes, miércoles y viernes / - *Dirección: Avenida Vitacura 5468, Vitacura – Santiago
Banco Falabella;Kento Gourmet;40%;40;Sin Tope;Lunes, Martes, Miércoles, Jueves;;"Alto Las Condes (Av Presidente Kennedy Lateral 9001); Parque Arauco (Av Presidente Kennedy 5413); Av. Vitacura 5460";"CMR Mastercard; CMR Mastercard Premium; CMR Mastercard Elite; Tarjeta Débito Banco Falabella";Presencial;Región Metropolitana de Santiago;2026-01-01 → 2026-09-30;https://www.bancofalabella.cl/descuentos/detalle/kento-gourmet;¡Sin Tope! Disfruta con un 40% de dcto pagando con tu CMR y 30% de dcto pagando con débito Banco Falabella / Locales: / - Alto Las Condes (Av Presidente Kennedy Lateral 9001) / - Parque Arauco (Av Presidente Kennedy 5413) / - Av. Vitacura 5460 / Condiciones: / - Excluye promociones / - Exclusivo presencial / - lunes a jueves
Banco Falabella;Frida Kahlo;40% (40% dcto sin tope con CMR y 30% dcto sin tope con Débito Banco Falabella);40;Sin Tope;Lunes, Martes, Miércoles, Jueves;;Costanera Center: lunes a jueves;"Tarjeta Débito Banco Falabella; CMR Mastercard Elite; CMR Mastercard Premium; CMR Mastercard";Presencial;Región Metropolitana de Santiago;2026-01-01 → 2026-09-30;https://www.bancofalabella.cl/descuentos/detalle/frida-kahlo;Conoce el detalle /  / Descuento: 40% dcto sin tope con CMR y 30% dcto sin tope con Débito Banco Falabella / Válido en locales: / - Costanera Center: lunes a jueves
Banco Falabella;Vapiano;40% (40% dcto con CMR y 30% con Débito Banco Falabella.);40;Sin Tope;Lunes, Miércoles, Viernes, Sábado, Domingo;;Avenida Presidente Kennedy 5413, Las Condes, Región Metropolitana y Avenida Providencia 1984, Providencia. Región Metropolitana;"CMR Mastercard; CMR Mastercard Premium; CMR Mastercard Elite; Tarjeta Débito Banco Falabella";Presencial;Región Metropolitana de Santiago;2026-01-01 → 2026-09-30;https://www.bancofalabella.cl/descuentos/detalle/vapiano;Sigue estos pasos /  / - Has tu reserva en Vapiano / - Usa tu tarjeta CMR o Débito Banco Falabella como medio de pago / - Y listo! Ya tienes tu 40% dcto con CMR y 30% con Débito Banco Falabella. / Condiciones: / *Solo Presencial / - Todos los Lunes, Miércoles, Viernes, Sábados y Domingos / *Dirección: Avenida Presidente Kennedy 5413, Las Condes, Región Metropolitana y Avenida Providencia 1984, Providencia. Región Metropolitana
Banco Falabella;Muu grill;40% (40% dcto sin tope con CMR y 30% dcto sin tope con Débito Banco Falabella);40;Sin Tope;Lunes, Martes, Miércoles, Jueves, Viernes, Sábado, Domingo;;"Mallplaza Oeste: Todos los días; Mallplaza Egaña: Todos los días; Mallplaza Vespucio: Todos los días; Mallplaza Tobalaba: Todos los días; Mallplaza Los Dominicos: Todos los días; AV Isidora Goyenechea 3000, las condes: Todos los días; Vivo panorámico: Todos los días; Mercado Bulnes: Todos los días; Costanera Center: Todos los días; Mall Marina Viña: Todos los días; Mallplaza Antofagasta: Lunes a miércoles";"CMR Mastercard; CMR Mastercard Premium; CMR Mastercard Elite; Tarjeta Débito Banco Falabella";Presencial;Región Metropolitana de Santiago, Región de Valparaíso;2026-01-01 → 2026-09-30;https://www.bancofalabella.cl/descuentos/detalle/40-de-dcto-en-restaurantes-mallplaza-muu-grill;Conoce el detalle /  / Descuento: 40% dcto sin tope con CMR y 30% dcto sin tope con Débito Banco Falabella / Válido en locales: / - Mallplaza Oeste: Todos los días / - Mallplaza Egaña: Todos los días / - Mallplaza Vespucio: Todos los días / - Mallplaza Tobalaba: Todos los días / - Mallplaza Los Dominicos: Todos los días / - AV Isidora Goyenechea 3000, las condes: Todos los días / - Vivo panorámico: Todos los días / - Mercado Bulnes: Todos los días / - Costanera Center: Todos los días / - Mall Marina Viña: Todos los días / - Mallplaza Antofagasta: Lunes a miércoles
Banco Falabella;Cabrera al Paso;40% (40% dcto sin tope con CMR y 30% dcto sin tope con Débito Banco Falabella);40;Sin Tope;Lunes, Martes, Miércoles, Jueves, Viernes, Sábado, Domingo;;Mallplaza Egaña: lunes a domingo;"CMR Mastercard; CMR Mastercard Premium; CMR Mastercard Elite; Tarjeta Débito Banco Falabella";Presencial;Región Metropolitana de Santiago;2026-01-01 → 2026-09-30;https://www.bancofalabella.cl/descuentos/detalle/la-cabrera-al-paso;Conoce el detalle /  / Descuento: 40% dcto sin tope con CMR y 30% dcto sin tope con Débito Banco Falabella / Válido en locales: / - Mallplaza Egaña: lunes a domingo
Banco Falabella;Tanta;40% (40% dcto sin tope con CMR y 30% dcto sin tope con Débito Banco Falabella);40;Sin Tope;Lunes, Martes, Miércoles, Jueves, Viernes, Sábado, Domingo;;"Isidora 3000: Viernes a domingo; Mallplaza Norte: lunes a jueves; Mall Florida Center: Todos los dias; Mallplaza Tobalaba: Todos los dias; Mallplaza Egaña: lunes a miércoles";"CMR Mastercard; CMR Mastercard Premium; CMR Mastercard Elite; Tarjeta Débito Banco Falabella";Presencial;Región Metropolitana de Santiago, Región de Valparaíso;2026-01-01 → 2026-09-30;https://www.bancofalabella.cl/descuentos/detalle/40-de-dcto-en-restaurantes-mallplaza-tanta;Conoce el detalle /  / Descuento: 40% dcto sin tope con CMR y 30% dcto sin tope con Débito Banco Falabella / Válido en locales: / - Isidora 3000: Viernes a domingo / - Mallplaza Norte: lunes a jueves / - Mall Florida Center: Todos los dias / - Mallplaza Tobalaba: Todos los dias / - Mallplaza Egaña: lunes a miércoles
Banco Falabella;Mamma mia;40% (40% dcto sin tope con CMR y 30% dcto sin tope con Débito Banco Falabella);40;Sin Tope;Lunes, Martes, Miércoles, Jueves, Viernes, Sábado, Domingo;;"Mallplaza Tobalaba: Todos los días; Vivo Panorámico: Todos los días; Parque Arauco: Todos los días; Mallplaza Antofagasta: lunes a miércoles";"Tarjeta Débito Banco Falabella; CMR Mastercard Elite; CMR Mastercard Premium; CMR Mastercard";Presencial;Región Metropolitana de Santiago;2026-01-01 → 2026-09-30;https://www.bancofalabella.cl/descuentos/detalle/40-de-dcto-en-restaurantes-mallplaza-mamma-mia;Conoce el detalle /  / Descuento: Hasta 40% dcto sin tope con CMR y 30% dcto sin tope con Débito Banco Falabella / Válido en locales: / - Mallplaza Tobalaba: Todos los días / - Vivo Panorámico: Todos los días / - Parque Arauco: Todos los días / - Mallplaza Antofagasta: lunes a miércoles.
Banco Falabella;Berlín Doner Kebab;40%;40;Sin Tope;Lunes, Martes, Jueves;;;"CMR Mastercard; CMR Mastercard Premium; CMR Mastercard Elite; Tarjeta Débito Banco Falabella";Presencial;Región Metropolitana de Santiago;2025-10-01 → 2026-09-30;https://www.bancofalabella.cl/descuentos/detalle/berlin-doner-kebab;Locales: / Gerónimo de Alderete 1579, Vitacura. / Irarrázaval 1520, Ñuñoa. / Condiciones: / - Excluye promociones
Banco Falabella;Kairos garden;40% (40% dcto sin tope con CMR y 30% dcto sin tope con Débito Banco Falabella);40;Sin Tope;Lunes, Martes;;Mall Plaza Vespucio: lunes y martes;"CMR Mastercard; CMR Mastercard Elite; CMR Mastercard Premium; Tarjeta Débito Banco Falabella";Presencial;Región Metropolitana de Santiago;2026-01-01 → 2026-09-30;https://www.bancofalabella.cl/descuentos/detalle/kairos-garden;Conoce el detalle /  / Descuento: 40% dcto sin tope con CMR y 30% dcto sin tope con Débito Banco Falabella / Válido en locales: / - Mall Plaza Vespucio: lunes y martes
Banco Falabella;La piazza;40% (40% dcto sin tope con CMR y 30% dcto sin tope con Débito Banco Falabella);40;Sin Tope;Lunes, Martes, Miércoles, Jueves, Viernes, Sábado, Domingo;Open Kennedy desde las 19:00hrs: miércoles a domingo;"Mall Plaza Vespucio: Todos los días; Open Kennedy: lunes y martes; Open Kennedy desde las 19:00hrs: miércoles a domingo";"CMR Mastercard; CMR Mastercard Premium; CMR Mastercard Elite; Tarjeta Débito Banco Falabella";Presencial;Región Metropolitana de Santiago;2026-01-01 → 2026-09-30;https://www.bancofalabella.cl/descuentos/detalle/sog-la-piazza;Conoce el detalle /  / Descuento: 40% dcto sin tope con CMR y 30% dcto sin tope con Débito Banco Falabella / Válido en locales: / - Mall Plaza Vespucio: Todos los días / - Open Kennedy: lunes y martes / - Open Kennedy desde las 19:00hrs: miércoles a domingo
Banco Falabella;La patrona;40% (40% dcto sin tope con CMR y 30% dcto sin tope con Débito Banco Falabella);40;Sin Tope;Lunes, Martes, Miércoles, Jueves;;La Patrona Mall Plaza Vespucio: lunes a jueves;"CMR Mastercard; CMR Mastercard Premium; CMR Mastercard Elite; Tarjeta Débito Banco Falabella";Presencial;Región Metropolitana de Santiago;2026-01-01 → 2026-09-30;https://www.bancofalabella.cl/descuentos/detalle/40-de-dcto-en-restaurantes-mallplaza-la-patrona;Conoce el detalle /  / Descuento: Hasta 40% dcto sin tope con CMR y 30% dcto sin tope con Débito Banco Falabella / Válido en locales: / - La Patrona Mall Plaza Vespucio: lunes a jueves
Banco Falabella;Paris texas;40% (40% dcto sin tope con CMR y 30% dcto sin tope con Débito Banco Falabella);40;Sin Tope;Lunes, Martes, Miércoles, Jueves;;Paris Texas Mallplaza Vespucio: lunes a jueves;"CMR Mastercard; CMR Mastercard Premium; Tarjeta Débito Banco Falabella; CMR Mastercard Elite";Presencial;Región Metropolitana de Santiago;2026-01-01 → 2026-09-30;https://www.bancofalabella.cl/descuentos/detalle/40-de-dcto-en-restaurantes-mallplaza-paris-texas;Conoce el detalle /  / Descuento: 40% dcto sin tope con CMR y 30% dcto sin tope con Débito Banco Falabella / Válido en locales: / - Paris Texas Mallplaza Vespucio: lunes a jueves
Banco Falabella;Take a wok;40% (40% dcto sin tope con CMR y 30% dcto sin tope con Débito Banco Falabella);40;Sin Tope;Lunes, Martes, Miércoles, Jueves, Viernes, Sábado, Domingo;;"Mallplaza Oeste: Todos los días; Mallplaza Egaña: lunes a jueves; Mallplaza Los Dominicos: Todos los días; Mallplaza Vespucio: Todos los días; Mallplaza Tobalaba: Todos los días; Mallplaza Antofagasta: Lunes a viernes; Vivo Imperio: sábados y domingos; Parque Arauco : Todos los días";"CMR Mastercard; CMR Mastercard Premium; Tarjeta Débito Banco Falabella; CMR Mastercard Elite";Presencial;Región Metropolitana de Santiago;2026-01-01 → 2026-09-30;https://www.bancofalabella.cl/descuentos/detalle/40-de-dcto-en-restaurantes-mallplaza-take-a-wok;Conoce el detalle /  / Descuento: 40% dcto sin tope con CMR y 30% dcto sin tope con Débito Banco Falabella / Válido en locales: / - Mallplaza Oeste: Todos los días / - Mallplaza Egaña: lunes a jueves / - Mallplaza Los Dominicos: Todos los días / - Mallplaza Vespucio: Todos los días / - Mallplaza Tobalaba: Todos los días / - Mallplaza Antofagasta: Lunes a viernes / - Vivo Imperio: sábados y domingos / - Parque Arauco : Todos los días
Banco Falabella;La sanguchera del barrio;40% (40% dcto sin tope con CMR y 30% dcto sin tope con Débito Banco Falabella de lunes a domingo);40;Sin Tope;Lunes, Martes, Miércoles, Jueves, Viernes, Sábado, Domingo;;"Mall Plaza Egaña; Mercado Bulnes; Vivo Imperio; Costanera Center; Mallplaza Tobalaba";"CMR Mastercard; CMR Mastercard Premium; CMR Mastercard Elite; Tarjeta Débito Banco Falabella";Presencial;Región Metropolitana de Santiago;2026-01-01 → 2026-09-30;https://www.bancofalabella.cl/descuentos/detalle/40-de-dcto-en-restaurantes-mallplaza-la-sanguchera-del-barrio;Conoce el detalle /  / Descuento: Hasta 40% dcto sin tope con CMR y 30% dcto sin tope con Débito Banco Falabella de lunes a domingo / Válido en locales: / - Mall Plaza Egaña / - Mercado Bulnes / - Vivo Imperio / - Costanera Center / - Mallplaza Tobalaba
Banco Falabella;Ekeko;40% (40% dcto sin tope con CMR y 30% dcto sin tope con Débito Banco Falabella);40;Sin Tope;Lunes, Martes, Miércoles, Jueves, Viernes, Sábado, Domingo;;Mercado Bulnes: todos los días;"Tarjeta Débito Banco Falabella; CMR Mastercard Elite; CMR Mastercard Premium; CMR Mastercard";Presencial;Región Metropolitana de Santiago;2026-01-01 → 2026-09-30;https://www.bancofalabella.cl/descuentos/detalle/40-de-dcto-en-restaurantes-mallplaza-ekeko;Conoce el detalle /  / Descuento: 40% dcto sin tope con CMR y 30% dcto sin tope con Débito Banco Falabella / Válido en locales: / - Mercado Bulnes: todos los días
Banco Falabella;Badass;40% (40% dcto sin tope con CMR y 30% dcto sin tope con Débito Banco Falabella);40;Sin Tope;Lunes, Martes, Miércoles, Jueves, Viernes, Sábado, Domingo;;Parque Arauco;"Tarjeta Débito Banco Falabella; CMR Mastercard Elite; CMR Mastercard Premium; CMR Mastercard";Presencial;Región Metropolitana de Santiago;2026-01-01 → 2026-09-30;https://www.bancofalabella.cl/descuentos/detalle/badass;Conoce el detalle /  / Descuento: 40% dcto sin tope con CMR y 30% dcto sin tope con Débito Banco Falabella / Válido en locales: / - Parque Arauco
Banco Falabella;Vendetta;40% (40% dcto sin tope con CMR y 30% dcto sin tope con Débito Banco Falabella);40;Sin Tope;Lunes, Martes, Miércoles, Jueves;;"locales seleccionados; Mall Plaza Egaña: de lunes a jueves; Mall Plaza Los Dominicos: de lunes a jueves; Mall Plaza Vespucio: de lunes a jueves; Patio Bellavista: de lunes a jueves";"CMR Mastercard; CMR Mastercard Premium; CMR Mastercard Elite; Tarjeta Débito Banco Falabella";Presencial;Región Metropolitana de Santiago;2026-01-01 → 2026-09-30;https://www.bancofalabella.cl/descuentos/detalle/vendetta;Conoce el detalle /  / Descuento: 40% dcto sin tope con CMR y 30% dcto sin tope con Débito Banco Falabella / Válido en locales: / - Mall Plaza Egaña: de lunes a jueves / - Mall Plaza Los Dominicos: de lunes a jueves / - Mall Plaza Vespucio: de lunes a jueves / - Patio Bellavista: de lunes a jueves
Banco Falabella;Milá;40% (40% dcto sin tope con CMR y 30% dcto sin tope con Débito Banco Falabella);40;Sin Tope;Lunes, Martes, Miércoles, Jueves, Viernes, Sábado, Domingo;;"Mall Vivo Imperio: Todos los días; Alto Las Condes: Lunes y martes";"Tarjeta Débito Banco Falabella; CMR Mastercard Elite; CMR Mastercard Premium; CMR Mastercard";Presencial;Región Metropolitana de Santiago;2026-01-01 → 2026-09-30;https://www.bancofalabella.cl/descuentos/detalle/40-de-dcto-en-restaurantes-vivo-imperio-mila;Conoce el detalle /  / Descuento: 40% dcto sin tope con CMR y 30% dcto sin tope con Débito Banco Falabella / Válido en locales: / - Mall Vivo Imperio: Todos los días / - Alto Las Condes: Lunes y martes
Banco Falabella;Barra Chalaca;40% (40% dcto sin tope con CMR y 30% dcto sin tope con Débito Banco Falabella);40;Sin Tope;Lunes, Martes, Miércoles, Jueves, Viernes, Sábado, Domingo;;"Mall Plaza Egaña: lunes a Jueves; Mall Alto Las Condes: lunes a jueves; Mall Plaza norte: lunes a viernes; Mall Plaza Vespucio: lunes y martes; Mall Vivo Panoramico: lunes a domingo";"Tarjeta Débito Banco Falabella; CMR Mastercard Elite; CMR Mastercard Premium; CMR Mastercard";Presencial;Región Metropolitana de Santiago, Región de Valparaíso;2026-01-01 → 2026-09-30;https://www.bancofalabella.cl/descuentos/detalle/40-de-dcto-en-restaurantes-mallplaza-barra-chalaca;Conoce el detalle /  / Descuento: 40% dcto sin tope con CMR y 30% dcto sin tope con Débito Banco Falabella / Válido en locales: / - Mall Plaza Egaña: lunes a Jueves / - Mall Alto Las Condes: lunes a jueves / - Mall Plaza norte: lunes a viernes / - Mall Plaza Vespucio: lunes y martes / - Mall Vivo Panoramico: lunes a domingo
Banco Falabella;El Bodegon;40% (40% dcto sin tope con CMR y 30% dcto sin tope con Débito Banco Falabella);40;Sin Tope;Lunes, Martes, Miércoles, Jueves, Viernes, Sábado, Domingo;Open Kennedy desde las 19:00: miércoles a domingo;"Open Kennedy: lunes y martes; Open Kennedy desde las 19:00: miércoles a domingo";"Tarjeta Débito Banco Falabella; CMR Mastercard Elite; CMR Mastercard Premium; CMR Mastercard";Presencial;Región Metropolitana de Santiago;2026-01-01 → 2026-09-30;https://www.bancofalabella.cl/descuentos/detalle/el-bodegon;Conoce el detalle /  / Descuento: Hasta 40% dcto sin tope con CMR y 30% dcto sin tope con Débito Banco Falabella / Válido en locales: / - Open Kennedy: lunes y martes / - Open Kennedy desde las 19:00: miércoles a domingo
Banco Falabella;Fuente Suiza;40% (40% dcto sin tope con CMR y 30% dcto sin tope con Débito Banco Falabella);40;Sin tope;Lunes, Martes, Miércoles, Jueves, Viernes, Sábado, Domingo;Open Kennedy desde 19:00hrs: miércoles a domingo;"Mall plaza egaña: lunes a miércoles; Mall plaza oeste: lunes a miércoles; Open Kennedy: lunes y martes; Open Kennedy desde 19:00hrs: miércoles a domingo";"CMR Mastercard; CMR Mastercard Premium; Tarjeta Débito Banco Falabella; CMR Mastercard Elite";Presencial;Región Metropolitana de Santiago;2026-01-01 → 2026-09-30;https://www.bancofalabella.cl/descuentos/detalle/fuente-suiza;Conoce el detalle /  / Descuento: 40% dcto sin tope con CMR y 30% dcto sin tope con Débito Banco Falabella / Válido en locales: / - Mall plaza egaña: lunes a miércoles / - Mall plaza oeste: lunes a miércoles / - Open Kennedy: lunes y martes / - Open Kennedy desde 19:00hrs: miércoles a domingo
Banco Falabella;Siete cortes;40% (40% dcto sin tope con CMR y 30% dcto sin tope con Débito Banco Falabella);40;Sin Tope;Lunes, Martes, Miércoles, Jueves, Viernes, Sábado, Domingo;Open Kennedy desde las 19:00: miércoles a domingo;"Open Kennedy: lunes y martes; Open Kennedy desde las 19:00: miércoles a domingo";"CMR Mastercard; CMR Mastercard Premium; CMR Mastercard Elite; Tarjeta Débito Banco Falabella";Presencial;Región Metropolitana de Santiago;2026-01-01 → 2026-09-30;https://www.bancofalabella.cl/descuentos/detalle/40-de-dcto-en-restaurantes-mallplaza-siete-cortes;Conoce el detalle /  / Descuento: 40% dcto sin tope con CMR y 30% dcto sin tope con Débito Banco Falabella / Válido en locales: / - Open Kennedy: lunes y martes / - Open Kennedy desde las 19:00: miércoles a domingo
Banco Falabella;El japones;40% (40% dcto sin tope con CMR y 30% dcto sin tope con Débito Banco Falabella);40;Sin Tope;Lunes, Martes, Miércoles, Jueves, Viernes, Sábado, Domingo;;"Mall Florida Center: lunes a domingo; Mall plaza Tobalaba : lunes a domingo; Vivo Panoramico: lunes a domingo; Isidora 3000 : viernes a domingo";"Tarjeta Débito Banco Falabella; CMR Mastercard Elite; CMR Mastercard Premium; CMR Mastercard";Presencial;Región Metropolitana de Santiago;2026-01-01 → 2026-09-30;https://www.bancofalabella.cl/descuentos/detalle/40-de-dcto-en-restaurantes-mallplaza-el-japones;Conoce el detalle /  / Descuento: Hasta 40% dcto sin tope con CMR y 30% dcto sin tope con Débito Banco Falabella / Válido en locales: / - Mall Florida Center: lunes a domingo / - Mall plaza Tobalaba : lunes a domingo / - Vivo Panoramico: lunes a domingo / - Isidora 3000 : viernes a domingo
Banco Falabella;Jalisco;40% (40% dcto sin tope con CMR y 30% dcto sin tope con Débito Banco Falabella de lunes a domingo);40;Sin Tope;Lunes, Martes, Miércoles, Jueves, Viernes, Sábado, Domingo;;"Parque Arauco; Open Kennedy; Vivo Panomarico";"CMR Mastercard; CMR Mastercard Premium; CMR Mastercard Elite; Tarjeta Débito Banco Falabella";Presencial;Región Metropolitana de Santiago;2026-01-01 → 2026-09-30;https://www.bancofalabella.cl/descuentos/detalle/sog-jalisco;Conoce el detalle /  / Descuento: 40% dcto sin tope con CMR y 30% dcto sin tope con Débito Banco Falabella de lunes a domingo / Válido en locales: / - Parque Arauco / - Open Kennedy / - Vivo Panomarico
Banco Falabella;La argentina;40% (40% dcto sin tope con CMR y 30% dcto sin tope con Débito Banco Falabella de miércoles a viernes);40;Sin Tope;Lunes, Martes, Miércoles, Jueves, Viernes, Sábado, Domingo;;"Mall plaza Oeste: Lunes a miercoles; Mall Florida Center: Lunes a domingo; Mall plaza Tobalaba: Lunes a domingo";"Tarjeta Débito Banco Falabella; CMR Mastercard; CMR Mastercard Premium; CMR Mastercard Elite";Presencial;Región Metropolitana de Santiago;2026-01-04 → 2026-09-30;https://www.bancofalabella.cl/descuentos/detalle/la-argentina;Conoce el detalle / Descuento: 40% dcto sin tope con CMR y 30% dcto sin tope con Débito Banco Falabella de miércoles a viernes / Válido en local: / - Mall plaza Oeste: Lunes a miercoles / - Mall Florida Center: Lunes a domingo / - Mall plaza Tobalaba: Lunes a domingo / - Vivo Panoramico : Lunes a domingo / Condiciones: / - El descuento no es acumulable con otras promociones / - Válido solo para compras presenciales.
Banco Falabella;Meson del marinero;40% (40% dcto sin tope con CMR y 30% dcto sin tope con Débito Banco Falabella);40;Sin Tope;Lunes, Martes, Miércoles, Jueves, Viernes, Sábado, Domingo;Open Kennedy desde las 19:00hrs: miércoles a domingo;"Open Kennedy: lunes y martes; Open Kennedy desde las 19:00hrs: miércoles a domingo; Mallplaza Antofagasta: lunes a miércoles";"Tarjeta Débito Banco Falabella; CMR Mastercard Elite; CMR Mastercard Premium; CMR Mastercard";Presencial;Región Metropolitana de Santiago;2026-01-01 → 2026-09-30;https://www.bancofalabella.cl/descuentos/detalle/sog-meson-del-marinero;Conoce el detalle /  / Descuento: 40% dcto sin tope con CMR y 30% dcto sin tope con Débito Banco Falabella / Válido en locales: / - Open Kennedy: lunes y martes / - Open Kennedy desde las 19:00hrs: miércoles a domingo / - Mallplaza Antofagasta: lunes a miércoles.
Banco Falabella;Muu Steak;40% (40% dcto con CMR y 30% con Débito Banco Falabella. Ambas sin tope.);1;Sin tope;Lunes, Martes;;;"CMR Mastercard; CMR Mastercard Premium; Tarjeta Débito Banco Falabella; CMR Mastercard Elite";Presencial;Región Metropolitana de Santiago;2026-01-01 → 2026-09-30;https://www.bancofalabella.cl/descuentos/detalle/muu-steak;Sigue estos pasos /  / - Usa tu tarjeta CMR o Débito Banco Falabella como medio de pago / - Y listo! Ya tienes tu 40% dcto con CMR y 30% con Débito Banco Falabella. Ambas sin tope. / Condiciones: / - Solo Presencial en Alto Las Condes. / - Todos los Lunes y Martes
Banco Falabella;MISCELANEO;40% (40% dcto sin tope con CMR y 30% dcto sin tope con Débito Banco Falabella.);40;Sin Tope;Martes, Miércoles, Jueves, Viernes, Sábado;;Av. Santa María, 5870, Torre Oriente B 15, Vitacura, Región Metropolitana;"CMR Mastercard; CMR Mastercard Premium; Tarjeta Débito Banco Falabella; CMR Mastercard Elite";Presencial;Región Metropolitana de Santiago;2025-09-29 → 2026-09-30;https://www.bancofalabella.cl/descuentos/detalle/miscelaneo;Conoce el detalle /  / Descuento: 40% dcto sin tope con CMR y 30% dcto sin tope con Débito Banco Falabella. / Válido en locales: / - Av. Santa María, 5870, Torre Oriente B 15, Vitacura, Región Metropolitana / - Martes a Sábado / Condiciones: / - El descuento no es acumulable con otras promociones / - Válido solo para compras presenciales en Miscelaneo
Banco Falabella;Exò Nuit;40%;40;Sin tope;Martes, Miércoles, Jueves, Viernes, Sábado;;Candelaria Goyenechea 3868, 7630315 Vitacura, Región Metropolitana;"CMR Mastercard; CMR Mastercard Premium; Tarjeta Débito Banco Falabella; CMR Mastercard Elite";Presencial;Región Metropolitana de Santiago;2026-01-03 → 2026-09-30;https://www.bancofalabella.cl/descuentos/detalle/exo-nuit;Sigue estos pasos /  / - Has tu reserva en EXO / - Candelaria Goyenechea 3868, 7630315 Vitacura, Región Metropolitana / Condiciones: / - Exclusivo presencial y online / - No acumulable sobre otras promociones
Banco Falabella;Cantina Montt;40% (40% dcto sin tope con CMR y 30% dcto sin tope con Débito Banco Falabella los martes y sábados);40;Sin Tope;Martes, Sábado;;Avenida Manuel Montt 1201, Providencia;"CMR Mastercard; CMR Mastercard Premium; Tarjeta Débito Banco Falabella; CMR Mastercard Elite";Presencial;Región Metropolitana de Santiago;2026-01-06 → 2026-09-30;https://www.bancofalabella.cl/descuentos/detalle/cantina-montt;Conoce el detalle /  / Descuento: 40% dcto sin tope con CMR y 30% dcto sin tope con Débito Banco Falabella los martes y sábados / Condiciones: / - El descuento no es acumulable con otras promociones / - Exclusivo presencial / Dirección: Avenida Manuel Montt 1201, Providencia
Banco Falabella;Kechua;40% (40% dcto sin tope con CMR y 30% dcto sin tope con Débito Banco Falabella los martes);40;Sin Tope;Martes;;"BordeRío; Kechua BordeRío: Costanera Sur S.J.E. de Balaguer 6400, Vitacura, Región Metropolitana";"CMR Mastercard; CMR Mastercard Premium; CMR Mastercard Elite; Tarjeta Débito Banco Falabella";Presencial;Región Metropolitana de Santiago;2026-04-01 → 2026-09-30;https://www.bancofalabella.cl/descuentos/detalle/borderio-kechua;Conoce el detalle /  / Descuento: Hasta 40% dcto sin tope con CMR y 30% dcto sin tope con Débito Banco Falabella los martes / Válido en locales: / - Kechua BordeRío: Costanera Sur S.J.E. de Balaguer 6400, Vitacura, Región Metropolitana / - Todos los martes / Condiciones: / - El descuento no es acumulable con otras promociones / - Válido solo para compras presenciales en Borderío
Banco Falabella;Krossbar;40% (40% dcto sin tope con CMR y 30% dcto sin tope con Débito Banco Falabella los martes);40;Sin Tope;Martes;;"BordeRío; Krossbar BordeRío: Costanera Sur S.J.E. de Balaguer 6400, Vitacura, Región Metropolitana";"CMR Mastercard; CMR Mastercard Premium; CMR Mastercard Elite; Tarjeta Débito Banco Falabella";Presencial;Región Metropolitana de Santiago;2026-04-01 → 2026-09-30;https://www.bancofalabella.cl/descuentos/detalle/martes-de-borderio-krossbar;Conoce el detalle /  / Descuento: 40% dcto sin tope con CMR y 30% dcto sin tope con Débito Banco Falabella los martes / Válido en locales: / - Krossbar BordeRío: Costanera Sur S.J.E. de Balaguer 6400, Vitacura, Región Metropolitana / - Todos los martes / Condiciones: / - El descuento no es acumulable con otras promociones / - Válido solo para compras presenciales en Borderío
Banco Falabella;Bistro Cascade;40% (40% dcto sin tope con CMR y 30% dcto sin tope con Débito Banco Falabella los martes);40;Sin Tope;Martes;;"BordeRío; Bistro Cascade BordeRío: Costanera Sur S.J.E. de Balaguer 6400, Vitacura, Región Metropolitana";"CMR Mastercard; CMR Mastercard Premium; CMR Mastercard Elite; Tarjeta Débito Banco Falabella";Presencial;Región Metropolitana de Santiago;2026-04-01 → 2026-09-30;https://www.bancofalabella.cl/descuentos/detalle/borderio-bistro-cascade;Conoce el detalle /  / Descuento: Hasta 40% dcto sin tope con CMR y 30% dcto sin tope con Débito Banco Falabella los martes / Válido en locales: / - Bistro Cascade BordeRío: Costanera Sur S.J.E. de Balaguer 6400, Vitacura, Región Metropolitana / - Todos los martes / Condiciones: / - El descuento no es acumulable con otras promociones / - Válido solo para compras presenciales en Borderío
Banco Falabella;Tropera Drugstore;40% (40% dcto pagando con CMR y 30% dcto pagando con débito sin tope.);40;Sin tope;Miércoles;;Andrés de Fuenzalida 48, Providencia;"CMR Mastercard; CMR Mastercard Premium; CMR Mastercard Elite; Tarjeta Débito Banco Falabella";Presencial;Región Metropolitana de Santiago;2026-01-01 → 2026-09-30;https://www.bancofalabella.cl/descuentos/detalle/tropera-drugstore;40% dcto pagando con CMR y 30% dcto pagando con débito sin tope. / Dirección: Andrés de Fuenzalida 48, Providencia. / Condiciones: / - Excluye promociones, descuentos y facturas / - Exclusivamente presencial
Banco Falabella;Danés;40% (40% dcto con CMR y 30% con Débito Banco Falabella.);40;Sin Tope;Miércoles;;Cristobal Colon 4455, Las Condes, Región Metropolitana;"Tarjeta Débito Banco Falabella; CMR Mastercard Elite; CMR Mastercard Premium; CMR Mastercard";Presencial;Región Metropolitana de Santiago;2026-01-01 → 2026-09-30;https://www.bancofalabella.cl/descuentos/detalle/danes;Sigue estos pasos /  / - Has tu reserva en Danés / - Usa tu tarjeta CMR o Débito Banco Falabella como medio de pago / - Y listo! Ya tienes tu 40% dcto con CMR y 30% con Débito Banco Falabella. / Condiciones: / *Solo Presencial / *Dirección: Cristobal Colon 4455, Las Condes, Región Metropolitana
Banco Falabella;Nelí;40% (40% dcto sin tope pagando con CMR y 30% dcto sin tope pagando con débito Banco Falabella);40;Sin Tope;Miércoles;;Boulevard Parque Arauco - Av. Pdte. Kennedy 5413, local 363 A, piso 1, Las Condes;"CMR Mastercard; CMR Mastercard Premium; CMR Mastercard Elite; Tarjeta Débito Banco Falabella";Presencial;Región Metropolitana de Santiago;2026-08-01 → 2026-09-30;https://www.bancofalabella.cl/descuentos/detalle/neli;40% dcto sin tope pagando con CMR y 30% dcto sin tope pagando con débito Banco Falabella / - Boulevard Parque Arauco - Av. Pdte. Kennedy 5413, local 363 A, piso 1, Las Condes / Condiciones: / - No acumulable con otras promociones / - Exclusivo presencial / - Válido día miércoles
Banco Falabella;La santoría;40% (40% dcto sin tope con CMR y 30% dcto sin tope con Débito Banco Falabella de miércoles a domingo);40;Sin Tope;Miércoles, Jueves, Viernes, Sábado, Domingo;;La Santoría: Manuel Montt 422, Providencia;"CMR Mastercard; CMR Mastercard Premium; CMR Mastercard Elite; Tarjeta Débito Banco Falabella";Presencial;Región Metropolitana de Santiago;2026-01-01 → 2026-09-30;https://www.bancofalabella.cl/descuentos/detalle/la-santoria;Conoce el detalle /  / Descuento: 40% dcto sin tope con CMR y 30% dcto sin tope con Débito Banco Falabella de miércoles a domingo / Válido en locales: / - La Santoría: Manuel Montt 422, Providencia / Condiciones: / - El descuento no es acumulable con otras promociones / - Válido solo para compras presenciales en La Santoría
Banco Falabella;Tigre Bravo;40% (40% dcto sin tope con CMR y 30% dcto sin tope con Débito Banco Falabella);40;Sin Tope;Miércoles;;Mall Arauco Maipú;"CMR Mastercard; CMR Mastercard Premium; CMR Mastercard Elite; Tarjeta Débito Banco Falabella";Presencial;Región Metropolitana de Santiago;2026-01-01 → 2026-09-30;https://www.bancofalabella.cl/descuentos/detalle/tigre-bravo;Conoce el detalle /  / Descuento: 40% dcto sin tope con CMR y 30% dcto sin tope con Débito Banco Falabella / Válido en locales: / - Mall Arauco Maipú / Condiciones: / - El descuento no es acumulable con otras promociones / - Válido solo para compras presenciales en Tigre Bravo
Banco Falabella;Kato;40% (40% dcto con CMR y 30% con Débito Banco Falabella.);40;Sin Tope;Sábado, Domingo;;;"CMR Mastercard; CMR Mastercard Premium; CMR Mastercard Elite; Tarjeta Débito Banco Falabella";Presencial;Región Metropolitana de Santiago;2026-02-01 → 2026-09-30;https://www.bancofalabella.cl/descuentos/detalle/kato;Sigue estos pasos /  / - Has tu reserva en Kato / - Usa tu tarjeta CMR o Débito Banco Falabella como medio de pago / - Y listo! Ya tienes tu 40% dcto con CMR y 30% con Débito Banco Falabella. / Condiciones: / *Solo Presencial
Banco Falabella;Roberta Ostería;40% (40% dcto con CMR y 30% con Débito Banco Falabella.);40;Sin Tope;Miércoles;;;"CMR Mastercard; CMR Mastercard Premium; Tarjeta Débito Banco Falabella; CMR Mastercard Elite";Presencial;Región de Valparaíso;2025-11-29 → 2026-09-30;https://www.bancofalabella.cl/descuentos/detalle/roberta-osteria;Sigue estos pasos /  / - Has tu reserva en Roberta Osteria / - Usa tu tarjeta CMR o Débito Banco Falabella como medio de pago / - Y listo! Ya tienes tu 40% dcto con CMR y 30% con Débito Banco Falabella. / Condiciones: / *Solo Presencial / - Todos los miércoles
Banco Falabella;Sushi & Burger Home;40% (40% dcto sin tope con CMR y 30% dcto sin tope con Débito Banco Falabella los Miercoles);40;Sin Tope;Miércoles;;"Viña del Mar y Reñaca; Sushi & Burger Home";"CMR Mastercard; CMR Mastercard Premium; Tarjeta Débito Banco Falabella; CMR Mastercard Elite";Presencial;Región de Valparaíso;2026-06-01 → 2026-09-30;https://www.bancofalabella.cl/descuentos/detalle/sushi-y-burger-home;Conoce el detalle /  / Descuento: 40% dcto sin tope con CMR y 30% dcto sin tope con Débito Banco Falabella los Miercoles / Válido en locales: / - Sushi & Burger Home / - Todos los Miercoles / Condiciones: / - El descuento no es acumulable con otras promociones / - Válido solo para compras presenciales en Sushi & Burger Home
Banco Falabella;Sushi Home;40% (40% dcto sin tope con CMR y 30% dcto sin tope con Débito Banco Falabella los jueves);40;Sin Tope;Jueves;;"Reñaca; Sushi Home";"CMR Mastercard; CMR Mastercard Premium; Tarjeta Débito Banco Falabella; CMR Mastercard Elite";Presencial;Región de Valparaíso;2026-01-01 → 2026-09-30;https://www.bancofalabella.cl/descuentos/detalle/sushi-home;Conoce el detalle /  / Descuento: 40% dcto sin tope con CMR y 30% dcto sin tope con Débito Banco Falabella los jueves / Válido en locales: / - Sushi Home / - Todos los jueves / Condiciones: / - El descuento no es acumulable con otras promociones / - Válido solo para compras presenciales en Sushi Home
Banco Falabella;Fidelio;40%;40;Sin Tope;Jueves;;"Reñaca; Reñaca Norte 25, Viña del Mar";"Tarjeta Débito Banco Falabella; CMR Mastercard Elite; CMR Mastercard Premium; CMR Mastercard";Presencial;Región de Valparaíso;2026-01-01 → 2026-09-30;https://www.bancofalabella.cl/descuentos/detalle/fidelio;¡Sin Tope! 40% de descuento pagando con tu CMR y 30% pagando con débito Banco Falabella / Dirección: Reñaca Norte 25, Viña del Mar
Banco Falabella;Boreal bar Rancagua;40% (40% dcto con CMR y 30% con Débito Banco Falabella.);40;Sin Tope;Miércoles;;"Rancagua; Av. Miguel Ramírez 715, Rancagua. Región de O'Higgins";"CMR Mastercard; CMR Mastercard Premium; Tarjeta Débito Banco Falabella; CMR Mastercard Elite";Presencial;Región de O'Higgins;2026-01-01 → 2026-09-30;https://www.bancofalabella.cl/descuentos/detalle/boreal-bar-rancagua;Sigue estos pasos /  / - Has tu reserva en Boreal bar Rancagua / - Usa tu tarjeta CMR o Débito Banco Falabella como medio de pago / - Y listo! Ya tienes tu 40% dcto con CMR y 30% con Débito Banco Falabella. / Condiciones: / *Solo Presencial / - Todos los miércoles / *Dirección: Av. Miguel Ramírez 715, Rancagua. Región de O'Higgins.
Banco Falabella;Barros Negros;40% (40% dcto con CMR y 30% con Débito Banco Falabella.);40;Sin Tope;Miércoles;;;"Tarjeta Débito Banco Falabella; CMR Mastercard Elite; CMR Mastercard Premium; CMR Mastercard";Presencial;Región de O'Higgins;2026-05-31 → 2026-09-30;https://www.bancofalabella.cl/descuentos/detalle/barros-negros;Sigue estos pasos /  / - Has tu reserva en Barros Negros / - Usa tu tarjeta CMR o Débito Banco Falabella como medio de pago / - Y listo! Ya tienes tu 40% dcto con CMR y 30% con Débito Banco Falabella. / Condiciones: / *Solo Presencial
Banco Falabella;La Fabrica Talca;40 (40% dcto con CMR y 30% con Débito Banco Falabella.);40;Sin Tope;Martes;;"Talca; Av. 2 Ote. 1254, Talca, Región del Maule";"CMR Mastercard; CMR Mastercard Premium; Tarjeta Débito Banco Falabella; CMR Mastercard Elite";Presencial;Región de Maule;2026-01-01 → 2026-09-30;https://www.bancofalabella.cl/descuentos/detalle/la-fabrica-talca;Sigue estos pasos /  / - Usa tu tarjeta CMR o Débito Banco Falabella como medio de pago / - Y listo! Ya tienes tu 40% dcto con CMR y 30% con Débito Banco Falabella. / Condiciones: / *Solo Presencial / - Todos los martes / *Dirección: Av. 2 Ote. 1254, Talca, Región del Maule.
Banco Falabella;Dynos Chillan;40% (40% dcto sin tope con CMR y 30% dcto sin tope con Débito Banco Falabella los Miercoles);40;Sin Tope;Miércoles;;"Chillán; El Roble 558, Chillán";"CMR Mastercard; CMR Mastercard Premium; Tarjeta Débito Banco Falabella; CMR Mastercard Elite";Presencial;Región de Ñuble;2026-01-01 → 2026-09-30;https://www.bancofalabella.cl/descuentos/detalle/dynos-chillan;Conoce el detalle /  / Descuento: 40% dcto sin tope con CMR y 30% dcto sin tope con Débito Banco Falabella los Miercoles / Válido en locales: / - El Roble 558, Chillán / - Todos los Miércoles / Condiciones: / - El descuento no es acumulable con otras promociones / - Válido solo para compras presenciales en Dynos Chillan
Banco Falabella;Taurus Steak Bar Chillan;40% (40% dcto sin tope con CMR y 30% dcto sin tope con Débito Banco Falabella los Martes);40;Sin Tope;Martes;;"Chillan; Taurus Steak Bar Chillan";"CMR Mastercard; CMR Mastercard Premium; Tarjeta Débito Banco Falabella; CMR Mastercard Elite";Presencial;Región de Ñuble;2026-01-01 → 2026-09-30;https://www.bancofalabella.cl/descuentos/detalle/taurus-steak-bar-chillan;Conoce el detalle /  / Descuento: 40% dcto sin tope con CMR y 30% dcto sin tope con Débito Banco Falabella los Martes / Válido en locales: / - Taurus Steak Bar Chillan / - Todos los Martes / Condiciones: / - El descuento no es acumulable con otras promociones / - Válido solo para compras presenciales en Taurus Steak Bar Chillan
Banco Falabella;Augusta Bar;40% (40% dcto sin tope con CMR y 30% dcto sin tope con Débito Banco Falabella);40;Sin Tope;Martes;;"Concepción; Augusta Bar: Paso Hondo 209, Lomas de San Andrés. Bio bío";"CMR Mastercard; CMR Mastercard Premium; Tarjeta Débito Banco Falabella; CMR Mastercard Elite";Presencial;Región del Biobío;2026-01-01 → 2026-09-30;https://www.bancofalabella.cl/descuentos/detalle/augusta-bar;Conoce el detalle /  / Descuento: 40% dcto sin tope con CMR y 30% dcto sin tope con Débito Banco Falabella / Válido en locales: / - Augusta Bar: Paso Hondo 209, Lomas de San Andrés. Bio bío. / Condiciones: / - El descuento no es acumulable con otras promociones / - Válido solo para compras presenciales en Augusta Bar
Banco Falabella;Terralenga Hualpen;40% (40% dcto sin tope con CMR y 30% dcto sin tope con Débito Banco Falabella los Martes);40;Sin Tope;Martes;;Terralenga Hualpen;"CMR Mastercard; CMR Mastercard Premium; Tarjeta Débito Banco Falabella; CMR Mastercard Elite";Presencial;Región de Biobío;2026-01-01 → 2026-09-30;https://www.bancofalabella.cl/descuentos/detalle/terralenga-hualpen;Conoce el detalle /  / Descuento: 40% dcto sin tope con CMR y 30% dcto sin tope con Débito Banco Falabella los Martes / Válido en locales: / - Terralenga Hualpen / - Todos los Martes / Condiciones: / - El descuento no es acumulable con otras promociones / - Válido solo para compras presenciales.
Banco Falabella;Terraangamos;40% (40% dcto sin tope con CMR y 30% dcto sin tope con Débito Banco Falabella);40;Sin tope;Jueves;;"Talcahuano; Colón 1062, 4260000 Talcahuano, Bío Bío";"CMR Mastercard; CMR Mastercard Premium; Tarjeta Débito Banco Falabella; CMR Mastercard Elite";Presencial;Región de Biobío;2026-01-01 → 2026-09-30;https://www.bancofalabella.cl/descuentos/detalle/terraangamos;Conoce el detalle /  / Descuento: 40% dcto sin tope con CMR y 30% dcto sin tope con Débito Banco Falabella / Válido en locales: / - Colón 1062, 4260000 Talcahuano, Bío Bío
Banco Falabella;Terralomas Concepción;40% (40% dcto con CMR y 30% con Débito Banco Falabella.);40;Sin tope;Miércoles;;"Concepción; Ramón Carrasco 355, Bío Bío";"CMR Mastercard; CMR Mastercard Premium; Tarjeta Débito Banco Falabella; CMR Mastercard Elite";Presencial;Región de Biobío;2026-01-01 → 2026-09-30;https://www.bancofalabella.cl/descuentos/detalle/terralomas-concepcion;Sigue estos pasos /  / - Has tu reserva en Terralomas Concepción / - Usa tu tarjeta CMR o Débito Banco Falabella como medio de pago / - Y listo! Ya tienes tu 40% dcto con CMR y 30% con Débito Banco Falabella. / Condiciones: / *Solo Presencial / *Dirección: Ramón Carrasco 355, Bío Bío
Banco Falabella;Lebol Restobar;40%;40;Sin tope;Viernes;;Concepción;"CMR Mastercard; CMR Mastercard Premium; Tarjeta Débito Banco Falabella; CMR Mastercard Elite";Presencial;Región del Biobío;2026-01-01 → 2026-09-30;https://www.bancofalabella.cl/descuentos/detalle/lebol-restobar;¡Sin Tope! 40% de descuento pagando con tu CMR y 30% pagando con débito Banco Falabella.
Banco Falabella;Baqueano Temuco;40% (40% dcto sin tope con CMR y 30% dcto sin tope con Débito Banco Falabella los Martes);40;Sin Tope;Martes;;"Temuco; Baqueano Temuco";"CMR Mastercard; CMR Mastercard Premium; Tarjeta Débito Banco Falabella; CMR Mastercard Elite";Presencial;Región de La Araucanía;2026-01-01 → 2026-09-30;https://www.bancofalabella.cl/descuentos/detalle/baqueano-temuco;Conoce el detalle /  / Descuento: 40% dcto sin tope con CMR y 30% dcto sin tope con Débito Banco Falabella los Martes / Válido en locales: / - Baqueano Temuco / - Todos los Martes / Condiciones: / - El descuento no es acumulable con otras promociones / - Válido solo para compras presenciales en Baqueano Temuco
Banco Falabella;Cattedrale Cucina Villarrica;40% (40% dcto sin tope con CMR y 30% dcto sin tope con Débito Banco Falabella los Martes);40;Sin Tope;Martes;;"Villarrica; Cattedrale Cucina";"CMR Mastercard; CMR Mastercard Premium; Tarjeta Débito Banco Falabella; CMR Mastercard Elite";Presencial;Región de La Araucanía;2026-01-01 → 2026-09-30;https://www.bancofalabella.cl/descuentos/detalle/cattedrale-cucina-villarrica;Conoce el detalle /  / Descuento: 40% dcto sin tope con CMR y 30% dcto sin tope con Débito Banco Falabella los Martes / Válido en locales: / - Cattedrale Cucina / - Todos los Martes / Condiciones: / - El descuento no es acumulable con otras promociones / - Válido solo para compras presenciales en Cattedrale Cucina Villarrica
Banco Falabella;Martina Lounge Bar;40% (40% dcto con CMR y 30% con Débito Banco Falabella.);40;Sin Tope;Martes;;"Temuco; Torremolinos 485, local 116, Temuco, Araucanía";"Tarjeta Débito Banco Falabella; CMR Mastercard Elite; CMR Mastercard Premium; CMR Mastercard";Presencial;Región de La Araucanía;2025-10-01 → 2026-09-30;https://www.bancofalabella.cl/descuentos/detalle/martina-lounge-bar;Sigue estos pasos /  / - Usa tu tarjeta CMR o Débito Banco Falabella como medio de pago / - Y listo! Ya tienes tu 40% dcto con CMR y 30% con Débito Banco Falabella. / Condiciones: / *Solo Presencial / - Todos los Martes / *Dirección: Torremolinos 485, local 116, Temuco, Araucanía
Banco Falabella;Fratello Trattoría;40%;40;Sin Tope;Viernes;;"Temuco; Av. Miguel Ramírez 715, Rancagua";"Tarjeta Débito Banco Falabella; CMR Mastercard Elite; CMR Mastercard Premium; CMR Mastercard";Presencial;Región de La Araucanía;2026-01-02 → 2026-09-30;https://www.bancofalabella.cl/descuentos/detalle/fratello-trattoria;¡Sin Tope! 40% de descuento pagando con tu CMR y 30% pagando con débito Banco Falabella. / Dirección: Av. Miguel Ramírez 715, Rancagua
Banco Falabella;Dominga Bistro Valdivia;40%;40;Sin Tope;Miércoles;;"Valdivia; Todos los Miércoles en Dominga Bistró Valdivia";"CMR Mastercard; CMR Mastercard Premium; Tarjeta Débito Banco Falabella; CMR Mastercard Elite";Presencial;Región de Los Ríos;2026-01-01 → 2026-09-30;https://www.bancofalabella.cl/descuentos/detalle/dominga-bistro-valdivia;Sigue estos pasos /  / - Has tu pedido en cualquier caja de Dominga Bistro / - Usa tu tarjeta CMR o Débito Banco Falabella como medio de pago / - Y listo! Cuentas con el 40% de dcto con CMR y el 30% con débito Banco Falabella / Condiciones: / *Solo Presencial / - Todos los Miércoles en Dominga Bistró Valdivia
Banco Falabella;Cervecería Kunstmann Valdivia;40% (40% dcto sin tope con CMR y 30% dcto sin tope con Débito Banco Falabella);40;Sin Tope;Jueves;;"Valdivia; Cervecería Kunstmann: Ruta T 350 950, Valdivia, Los Ríos";"CMR Mastercard; CMR Mastercard Premium; Tarjeta Débito Banco Falabella; CMR Mastercard Elite";Presencial;Región de Los Ríos;2026-01-01 → 2026-09-30;https://www.bancofalabella.cl/descuentos/detalle/cerveceria-kunstmann-valdivia;Conoce el detalle /  / Descuento: 40% dcto sin tope con CMR y 30% dcto sin tope con Débito Banco Falabella / Válido en locales: / - Cervecería Kunstmann: Ruta T 350 950, Valdivia, Los Ríos / Condiciones: / - El descuento no es acumulable con otras promociones . No aplica para souvenir, cigarros, llenado de growlers, menús, propinas ni tour cervecero. / - Válido solo para compras presenciales en Cervecería Kunstmann Valdivia
Banco Falabella;Umami Bar Nikkei;40% (40% dcto sin tope con CMR y 30% dcto sin tope con Débito Banco Falabella los miércoles);40;Sin Tope;Miércoles;;"Valdivia; Umami Bar Nikkei: Espacio Bayo, Valdivia, Los Ríos";"CMR Mastercard; CMR Mastercard Premium; Tarjeta Débito Banco Falabella; CMR Mastercard Elite";Presencial;Región de Los Ríos;2026-06-01 → 2026-09-30;https://www.bancofalabella.cl/descuentos/detalle/umami-bar-nikkei;Conoce el detalle /  / Descuento: 40% dcto sin tope con CMR y 30% dcto sin tope con Débito Banco Falabella los miércoles / Válido en locales: / - Umami Bar Nikkei: Espacio Bayo, Valdivia, Los Ríos / Condiciones: / - El descuento no es acumulable con otras promociones . No aplica para souvenir, cigarros, llenado de growlers, menús, propinas ni tour cervecero. / - Válido solo para compras presenciales en Umami Bar Nikkei Valdivia
Banco Falabella;Fogon Greed;40% (40% dcto sin tope con CMR y 30% dcto sin tope con Débito Banco Falabella los sábados);40;Sin Tope;Sábado;;"Osorno; Ignacio Zenteno 2661, Osorno, Los Lagos";"Tarjeta Débito Banco Falabella; CMR Mastercard Elite; CMR Mastercard Premium; CMR Mastercard";Presencial;Región de Los Lagos;2026-01-06 → 2026-09-30;https://www.bancofalabella.cl/descuentos/detalle/fogon-greed;Conoce el detalle /  / Descuento: 40% dcto sin tope con CMR y 30% dcto sin tope con Débito Banco Falabella los sábados / Dirección: Ignacio Zenteno 2661, Osorno, Los Lagos
Banco Falabella;Greed Taproom;40% (40% dcto sin tope con CMR y 30% dcto sin tope con Débito Banco Falabella los martes);40;Sin Tope;Sábado;;"Osorno; Ignacio Zenteno 2661, Osorno, Los Lagos";"Tarjeta Débito Banco Falabella; CMR Mastercard Elite; CMR Mastercard Premium; CMR Mastercard";Presencial;Región de Los Lagos;2026-05-01 → 2026-09-30;https://www.bancofalabella.cl/descuentos/detalle/greed-taproom;Conoce el detalle /  / Descuento: 40% dcto sin tope con CMR y 30% dcto sin tope con Débito Banco Falabella los martes / Dirección: Ignacio Zenteno 2661, Osorno, Los Lagos
Banco Falabella;La Tabla;40% (40% dcto sin tope con CMR y 30% dcto sin tope con Débito Banco Falabella los martes);40;Sin Tope;Martes;;"BordeRío; La Tabla BordeRío: Costanera Sur S.J.E. de Balaguer 6400, Vitacura, Región Metropolitana";"CMR Mastercard; CMR Mastercard Premium; CMR Mastercard Elite; Tarjeta Débito Banco Falabella";Presencial;Región Metropolitana de Santiago;2026-04-01 → 2026-09-30;https://www.bancofalabella.cl/descuentos/detalle/la-tabla-borderio;Conoce el detalle /  / Descuento: Hasta 40% dcto sin tope con CMR y 30% dcto sin tope con Débito Banco Falabella los martes / Válido en locales: / - La Tabla BordeRío: Costanera Sur S.J.E. de Balaguer 6400, Vitacura, Región Metropolitana / - Todos los martes / Condiciones: / - El descuento no es acumulable con otras promociones / - Válido solo para compras presenciales en Borderío
Banco Falabella;ROCOTO;40%;40;Sin Tope;Sábado;;"Avenida Pedro de Valdivia 2573, Ñuñoa, Chile (solo delivery y retiro); Avenida las Condes 7134, Las Condes, Chile; Roberto Espinoza 718, Santiago Centro, Chile; Partenón 1727, Vitacura, Chile; Avenida Francisco Bilbao 2752, Providencia, Chile";"CMR Mastercard; CMR Mastercard Premium; Tarjeta Débito Banco Falabella; CMR Mastercard Elite";Presencial;Región Metropolitana de Santiago;2026-01-01 → 2026-09-30;https://www.bancofalabella.cl/descuentos/detalle/rocoto;¡Sin Tope! Disfruta con un 40% de dcto pagando con tu CMR y 30% de dcto pagando con débito Banco Falabella / Locales: / - Avenida Pedro de Valdivia 2573, Ñuñoa, Chile (solo delivery y retiro) / - Avenida las Condes 7134, Las Condes, Chile / - Roberto Espinoza 718, Santiago Centro, Chile / - Partenón 1727, Vitacura, Chile / - Avenida Francisco Bilbao 2752, Providencia, Chile / Condiciones: / - No aplica sobre otros descuentos / - Exclusivo presencial / - Válido sábados
Banco Falabella;Chokolata Cafeteria;40% (40% dcto con CMR y 30% con Débito Banco Falabella.);40;Sin Tope;Martes;;"Villarrica; General Urrutia 891";"Tarjeta Débito Banco Falabella; CMR Mastercard Elite; CMR Mastercard Premium; CMR Mastercard";Presencial;Región de La Araucanía;2026-08-01 → 2026-09-30;https://www.bancofalabella.cl/descuentos/detalle/chokolata-cafeteria;Sigue estos pasos /  / - Usa tu tarjeta CMR o Débito Banco Falabella como medio de pago / - Y listo! Ya tienes tu 40% dcto con CMR y 30% con Débito Banco Falabella. / Condiciones: / *Solo Presencial / Dirección: General Urrutia 891
Banco Falabella;Santo Aire Restobar;40% (40% dcto con CMR y 30% con Débito Banco Falabella.);40;Sin Tope;Jueves;;Concepción;"Tarjeta Débito Banco Falabella; CMR Mastercard Elite; CMR Mastercard Premium; CMR Mastercard";Presencial;Región de Biobío;2026-08-01 → 2026-09-30;https://www.bancofalabella.cl/descuentos/detalle/santo-aire-restobar;Sigue estos pasos /  / - Usa tu tarjeta CMR o Débito Banco Falabella como medio de pago / - Y listo! Ya tienes tu 40% dcto con CMR y 30% con Débito Banco Falabella. / Condiciones: / *Solo Presencial
Banco Falabella;Sakura;40% (40% dcto sin tope con CMR y 30% dcto sin tope con Débito Banco Falabella presencial y online los sábados);40;Sin Tope;Sábado;;;"CMR Mastercard; CMR Mastercard Premium; CMR Mastercard Elite; Tarjeta Débito Banco Falabella";Presencial, Online;Región Metropolitana de Santiago;2026-01-01 → 2026-09-30;https://www.bancofalabella.cl/descuentos/detalle/sakura;Conoce el detalle /  / Descuento: 40% dcto sin tope con CMR y 30% dcto sin tope con Débito Banco Falabella presencial y online los sábados / - Para compras online ingresa al sitio web de Sakura. / - Ingresa los 6 primeros dígitos de tu tarjeta como cupón de descuento y selecciona como método de pago alguna de tus tarjetas Banco Falabella / - Tendrás un 40% dcto sin tope con CMR y 30% dcto sin tope con Débito Banco Falabella en rolls y hosomakis / Condiciones: / - Válido para compras presencial y online / - Válido para rolls y hosomakis / - No acumulable sobre otras promociones
Banco Falabella;Taberna Nose Puerto Varas;40% (40% dcto sin tope con CMR y 30% dcto sin tope con Débito Banco Falabella);40;Sin Tope;Viernes;;Puerto Varas;"CMR Mastercard; CMR Mastercard Premium; Tarjeta Débito Banco Falabella; CMR Mastercard Elite";Presencial;Región de Los Lagos;2026-08-01 → 2026-09-30;https://www.bancofalabella.cl/descuentos/detalle/taberna-nose-puerto-varas;Conoce el detalle /  / Descuento: 40% dcto sin tope con CMR y 30% dcto sin tope con Débito Banco Falabella / Condiciones: / - El descuento no es acumulable con otras promociones / - Válido solo para compras presenciales en Taberna Nose Puerto Varas
Banco Falabella;Club de restaurantes;20%;20;Sin Tope;Lunes, Martes, Miércoles, Jueves, Viernes, Sábado, Domingo;;;"CMR Mastercard; CMR Mastercard Premium; CMR Mastercard Elite; Tarjeta Débito Banco Falabella";Presencial;Región de Arica y Parinacota, Región de Tarapacá, Región de Antofagasta, Región de Atacama, Región de Coquimbo, Región de Valparaíso, Región Metropolitana de Santiago, Región de O'Higgins, Región del Maule, Región de Ñuble, Región del Biobío, Región de La Araucanía, Región de Los Ríos, Región de Los Lagos, Región de Aysén del General Carlos Ibáñez del Campo, Región de Magallanes y de la Antártica Chilena, Región de Maule, Región de Biobío;2023-07-09 → 2026-12-31;https://www.bancofalabella.cl/descuentos/detalle/club-de-restaurantes;Sigue estos pasos: / - Ingresa al sitio web de Club de Restaurantes / - Selecciona tu restaurante favorito / - Descuento se aplicará al momento de la compra en el domicilio o en el local / - Consultar antes con cada local si el descuento es válido en feriados especiales o festivos como 14 de febrero, día de la madre, día del padre, día del niño, Navidad y Año Nuevo ante cualquier duda / Todos los días
Banco Falabella;Social;40%;40;Sin Tope;Viernes;;Social;CMR Mastercard Elite;Presencial;Región Metropolitana de Santiago;2026-07-01 → 2026-09-30;https://www.bancofalabella.cl/descuentos/detalle/social;Conoce el detalle /  / Descuento: 40% dcto sin tope con CMR Elite / Válido en locales: / - Social / - Todos los viernes. / Condiciones: / - El descuento no es acumulable con otras promociones
Banco Falabella;Viña Viu Manent;40%;40;Sin Tope;Viernes;;;"CMR Mastercard; CMR Mastercard Premium; CMR Mastercard Elite; Tarjeta Débito Banco Falabella";Presencial;Región de O'Higgins;2026-08-01 → 2026-09-30;https://www.bancofalabella.cl/descuentos/detalle/vina-viu-manent;Sigue estos pasos /  / RESTAURANTE / - 40% de dcto pagando con tu CMR y 30% de dcto pagando con débito Banco Falabella. Rayuela / ADICIONAL DE LUNES A VIERNES  / - 30% de descuento en una selección de 6 tours y degustaciones de Viu Manent mediante cupón de descuento CMR30%. Ingresa aquí Tours. / - 40% de descuento en nuestro e-commerce de vinos, también mediante cupón de descuento CMR40%. Ingresa aquí E-commerce.
Banco Falabella;Cuponera Gastronómica;40% dcto;1;Sin tope;Lunes, Martes, Miércoles, Jueves, Viernes, Sábado, Domingo;;;"CMR Mastercard; CMR Mastercard Premium; Tarjeta Débito Banco Falabella; CMR Mastercard Elite";Presencial, Online;Región de Arica y Parinacota, Región de Tarapacá, Región de Antofagasta, Región de Atacama, Región de Coquimbo, Región de Valparaíso, Región Metropolitana de Santiago, Región de O'Higgins, Región de Maule, Región de Ñuble, Región de Biobío, Región de La Araucanía, Región de Los Ríos, Región de Los Lagos, Región de Aysén del General Carlos Ibáñez del Campo, Región de Magallanes y de la Antártica Chilena, Región del Biobío, Región del Maule;2026-06-05 → 2026-12-31;https://www.bancofalabella.cl/descuentos/detalle/cuponera-gastronomica;
Banco Falabella;Local Burger;40% (40% dcto sin tope con CMR y 30% dcto sin tope con Débito Banco Falabella los Jueves);40;Sin Tope;Jueves;;Local Burger;"CMR Mastercard; CMR Mastercard Premium; Tarjeta Débito Banco Falabella; CMR Mastercard Elite";Presencial, Online;Región Metropolitana de Santiago;2026-08-01 → 2026-09-30;https://www.bancofalabella.cl/descuentos/detalle/local-burger;Conoce el detalle /  / Descuento: 40% dcto sin tope con CMR y 30% dcto sin tope con Débito Banco Falabella los Jueves / Válido en locales: / - Local Burger / - Todos los Jueves / Condiciones: / - El descuento no es acumulable con otras promociones / - Válido para compras presenciales y online
Banco Falabella;Tololo Beach ;40% (40% dcto con CMR y 30% con Débito Banco Falabella.);40;Sin Tope;Lunes;;La Serena;"Tarjeta Débito Banco Falabella; CMR Mastercard Elite; CMR Mastercard Premium; CMR Mastercard";Presencial;Región de Coquimbo;2026-09-01 → 2026-09-30;https://www.bancofalabella.cl/descuentos/detalle/tololo-beach;Sigue estos pasos /  / - Usa tu tarjeta CMR o Débito Banco Falabella como medio de pago / - Y listo! Ya tienes tu 40% dcto con CMR y 30% con Débito Banco Falabella. / Condiciones: / *Solo Presencial
Banco Falabella;Tololo Beef;40% (40% dcto con CMR y 30% con Débito Banco Falabella.);40;Sin Tope;Lunes;;La Serena;"Tarjeta Débito Banco Falabella; CMR Mastercard Elite; CMR Mastercard Premium; CMR Mastercard";Presencial;Región de Coquimbo;2026-09-01 → 2026-09-30;https://www.bancofalabella.cl/descuentos/detalle/tololo-beef;Sigue estos pasos /  / - Usa tu tarjeta CMR o Débito Banco Falabella como medio de pago / - Y listo! Ya tienes tu 40% dcto con CMR y 30% con Débito Banco Falabella. / Condiciones: / *Solo Presencial
Banco Falabella;Cafe Haussmann;40% (40% dcto con CMR y 30% con Débito Banco Falabella.);40;Sin Tope;Lunes;;Valdivia;"Tarjeta Débito Banco Falabella; CMR Mastercard Elite; CMR Mastercard Premium; CMR Mastercard";Presencial;Región de Los Ríos;2026-09-01 → 2026-09-30;https://www.bancofalabella.cl/descuentos/detalle/cafe-haussmann;Sigue estos pasos /  / - Usa tu tarjeta CMR o Débito Banco Falabella como medio de pago / - Y listo! Ya tienes tu 40% dcto con CMR y 30% con Débito Banco Falabella. / Condiciones: / *Solo Presencial
Banco Falabella;Sello de Raza;40% (40% dcto con CMR y 30% con Débito Banco Falabella.);40;Sin Tope;Martes;;Valdivia;"Tarjeta Débito Banco Falabella; CMR Mastercard Elite; CMR Mastercard Premium; CMR Mastercard";Presencial;Región de Los Ríos;2026-09-01 → 2026-09-30;https://www.bancofalabella.cl/descuentos/detalle/sello-de-raza;Sigue estos pasos /  / - Usa tu tarjeta CMR o Débito Banco Falabella como medio de pago / - Y listo! Ya tienes tu 40% dcto con CMR y 30% con Débito Banco Falabella. / Condiciones: / *Solo Presencial
Banco Falabella;Sempre Pasta;40% (40% dcto con CMR y 30% con Débito Banco Falabella.);40;Sin Tope;Miércoles;;Concepción;"Tarjeta Débito Banco Falabella; CMR Mastercard Elite; CMR Mastercard Premium; CMR Mastercard";Presencial;Región de Biobío;2026-09-01 → 2026-09-30;https://www.bancofalabella.cl/descuentos/detalle/sempre-pasta;Sigue estos pasos /  / - Usa tu tarjeta CMR o Débito Banco Falabella como medio de pago / - Y listo! Ya tienes tu 40% dcto con CMR y 30% con Débito Banco Falabella. / Condiciones: / *Solo Presencial
Banco Falabella;Barra Olivo;40% (40% dcto sin tope con CMR y 30% dcto sin tope con Débito Banco Falabella los miércoles);40;Sin tope;Miércoles;;km2 chicureo Boulevar - Av. Chicureo, Los Ingleses, local16, Colina, Región Metropolitana;"CMR Mastercard; CMR Mastercard Premium; Tarjeta Débito Banco Falabella; CMR Mastercard Elite";Presencial;Región Metropolitana de Santiago;2026-01-01 → 2026-09-30;https://www.bancofalabella.cl/descuentos/detalle/barra-olivo;Conoce el detalle /  / Descuento: 40% dcto sin tope con CMR y 30% dcto sin tope con Débito Banco Falabella los miércoles / Válido en locales: / - km2 chicureo Boulevar - Av. Chicureo, Los Ingleses, local16, Colina, Región Metropolitana
Banco Falabella;Kila Coffee;40% (40% dcto sin tope con CMR y 30% dcto sin tope con Débito Banco Falabella los martes);40;Sin tope;Martes;;Román Díaz 2023, Ñuñoa, Región Metropolitana;"CMR Mastercard; CMR Mastercard Premium; Tarjeta Débito Banco Falabella; CMR Mastercard Elite";Presencial;Región Metropolitana de Santiago;2026-01-01 → 2026-09-30;https://www.bancofalabella.cl/descuentos/detalle/kila-coffee;Conoce el detalle /  / Descuento: 40% dcto sin tope con CMR y 30% dcto sin tope con Débito Banco Falabella los martes / Válido en locales: / - Román Díaz 2023, Ñuñoa, Región Metropolitana
Banco Falabella;Pristino;40% (40% dcto sin tope con CMR y 30% dcto sin tope con Débito Banco Falabella los martes);40;Sin tope;Martes;;El Coihue 3807, Vitacura, Región Metropolitana;"CMR Mastercard; CMR Mastercard Premium; Tarjeta Débito Banco Falabella; CMR Mastercard Elite";Presencial;Región Metropolitana de Santiago;2026-01-01 → 2026-09-30;https://www.bancofalabella.cl/descuentos/detalle/pristino;Conoce el detalle /  / Descuento: 40% dcto sin tope con CMR y 30% dcto sin tope con Débito Banco Falabella los martes / Válido en locales: / - El Coihue 3807, Vitacura, Región Metropolitana
Santander;Helados Timaukel;40% dcto. todos los miércoles.;40;$30.000;Miércoles;;;Exclusivo con tus Tarjetas de Crédito y Débito Santander.;Online / delivery;;Hasta el 30 de septiembre de 2026;https://banco.santander.cl/beneficios/promociones/helados-timaukel;Heladería artesanal / Recuerda que: / - Exclusivo con tus Tarjetas de Crédito y Débito Santander. / - Solo online en www.timaukel.cl / - No acumulable con otras promociones. / - Ingresando los 6 primeros dígitos de tu Tarjeta como código de descuento. / - Descuento máximo por pedido de $30.000
Santander;Casa Mar Sushi;30% dcto. todos los miércoles.;30;$40.000;Miércoles;;Av. Blanca Estela 1927, Concón;Exclusivo con tus Tarjetas de Crédito Santander.;Presencial;;Hasta el 30 de septiembre de 2026;https://banco.santander.cl/beneficios/promociones/casa-mar-sushi;Recuerda que: / - Exclusivo con tus Tarjetas de Crédito Santander. / - Válido en local. / - Av. Blanca Estela 1927, Concón / - No acumulable con otras promociones. / - Descuento máximo por pedido de $40.000
Santander;De Costa a Costa;40% dcto. todos los miércoles.;40;$40.000;Miércoles;;;Exclusivo con tus Tarjetas de Crédito Santander.;Presencial y online;;Hasta el 30 de septiembre de 2026;https://banco.santander.cl/beneficios/promociones/de-costa-a-costa;Los mejores productos del mar / Recuerda que: / - Exclusivo con tus Tarjetas de Crédito Santander. / - Válido en locales y en decostacosta.cl / - No acumulable con otras promociones, no incluye packs, no se pueden programar pedidos para otro día. / - Tope dcto. $40.000.
Santander;Rubaiyat;30% dcto. en exclusiva experiencia gastronómica Rubaiyat;30;;Martes;;Evento a realizarse el 28 de julio de 2026 en Rubaiyat Chile, Av. Nueva Costanera 4031, Vitacura;"Exclusivo pagando online con tus Tarjetas de Crédito The Platinum Card American Express&reg; y WorldMember Santander LATAM Pass American Express.";Online / delivery;;Evento a realizarse el 28 de julio de 2026;https://banco.santander.cl/beneficios/promociones/rubaiyat;"Celebra los 10 años de Rubaiyat Chile con un exclusivo menú de degustación junto al chef Diego Rojas.  / Recuerda que: / - Exclusivo pagando online con tus Tarjetas de Crédito The Platinum Card American Express&reg; y WorldMember Santander LATAM Pass American Express. / - Válido para la experiencia gastronómica &quot;Rubaiyat Invita&quot;, en el marco de la celebración de los 10 años de Rubaiyat Chile. / - Evento a realizarse el 28 de julio de 2026 en Rubaiyat Chile, Av. Nueva Costanera 4031, Vitacura. / - Valor referencial: $120.000 por persona antes del descuento. / - Cupos limitados, sujetos a disponibilidad y asignados por orden de inscripción. / - Reserva previa a través del formulario habilitado para la actividad."
Santander;Corrales del Sur;20% dcto. todos los lunes.;20;$40.000;Lunes;;;Exclusivo con tus Tarjetas de Crédito Santander;Online / delivery;;Hasta el 30 de septiembre de 2026;https://banco.santander.cl/beneficios/promociones/corrales-del-sur-4;¡El mejor corte de carne en Corrales del Sur! / Recuerda que: / - Exclusivo con tus Tarjetas de Crédito Santander / - Válido en tiendas y corralesdelsur.cl / - Exclusivo en categoría hogar. / - No acumulable a otras promociones. / - Ingresa los primeros 6 dígitos de tu Tarjeta como código de descuento. / - Descuento máximo por pedido de $40.000.
Santander;Punta del Sol;50% de dcto. todos los lunes;50;$50.000;Lunes;;Av. del Mar 2730, Maitencillo;Exclusivo con tus Tarjetas de Crédito Santander American Express.;Presencial;;Desde el 01 de junio al 30 de noviembre de 2026;https://banco.santander.cl/beneficios/promociones/punta-del-sol;Cocina del mar  / Recuerda que: / - Exclusivo con tus Tarjetas de Crédito Santander American Express. / - Válido para consumo en local. / - Av. del Mar 2730, Maitencillo / - Tope de descuento de $50.000. / - No acumulable a otras promociones. / - Se excluyen propinas, menús, happy hours.
Santander;Domani;40% dcto. todos los lunes;40;$40.000;Lunes;;Local Las Condes y Providencia;Exclusivo con tus Tarjetas de Crédito Santander.;Presencial;;Hasta el 30 de septiembre de 2026;https://banco.santander.cl/beneficios/promociones/domani;Pizzería napolitana  / Recuerda que: / - Exclusivo con tus Tarjetas de Crédito Santander. / - Válido en local. / - Local Las Condes y Providencia.  / - No acumulable con otras promociones. / - Descuento máximo por pedido de $40.000
Santander;Santo Aire;40% dcto. todos los jueves.;40;$100.000;Jueves;;Lincoyán 142, Concepción;Exclusivo con tus Tarjetas de Crédito WorldMember Limited Santander LATAM Pass.;Presencial;Regiones;Hasta el 30 de septiembre de 2026.;https://banco.santander.cl/beneficios/promociones/santo-aire;Gastronomía, cava y bar. / Recuerda que: / - Exclusivo con tus Tarjetas de Crédito WorldMember Limited Santander LATAM Pass. / - Válido en local. / - Lincoyán 142, Concepción / - No acumulable a otras promociones. / - Pide tu descuento al momento de pagar. / - Descuento máximo por pedido de $100.000.
Santander;Majka;40% dcto. todos los jueves;40;$40.000;Jueves;;Principe de Gales 7102, La Reina;Exclusivo con tus Tarjetas de Crédito Santander.;Presencial;;Hasta el 30 de septiembre de 2026;https://banco.santander.cl/beneficios/promociones/majka;Cocina fusión y de autor / Recuerda que: / - Exclusivo con tus Tarjetas de Crédito Santander. / - Válido en local / - Principe de Gales 7102, La Reina / - No acumulable con otras promociones. / - Descuento máximo por pedido de $40.000
Santander;Ramblas;40% dcto. todos los martes;40;$40.000;Martes;;Manuel Montt 370, Providencia;Exclusivo con tus Tarjetas de Crédito Santander.;Presencial;;Hasta el 30 de septiembre de 2026;https://banco.santander.cl/beneficios/promociones/ramblas;Bar con música en vivo / Recuerda que:  / - Exclusivo con tus Tarjetas de Crédito Santander. / - Válido en local / - Manuel Montt 370, Providencia / - No acumulable con otras promociones. / - Descuento máximo por pedido de $40.000
Santander;Taurus Steak bar;40% dcto. todos los miércoles.;40;$40.000;Miércoles;;Avenida Vicente Méndez 2361 PC2, Chillán;Exclusivo con tus Tarjetas de Crédito Santander.;Presencial;Regiones;Hasta el 30 de septiembre de 2026;https://banco.santander.cl/beneficios/promociones/taurus-steak-bar;Taurus Steak Bar / Recuerda que:  / - Exclusivo con tus Tarjetas de Crédito Santander. / - Válido en local / - Avenida Vicente Méndez 2361 PC2, Chillán / - No acumulable con otras promociones. / - Descuento máximo por pedido de $40.000
Santander;Bar TPM;30% dcto. todos los miércoles;30;$40.000;Miércoles;;;Exclusivo con tus Tarjetas de Crédito Santander.;Presencial;;Hasta el 30 de septiembre de 2026;https://banco.santander.cl/beneficios/promociones/bar-tpm;Bar TPM / Recuerda que: / - Exclusivo con tus Tarjetas de Crédito Santander. / - Válido en local / - Av. Las Condes 6766, Manuel Montt 412, Av. Tobalaba 455, Av. Italia 1226 y Av. Pedro de Valdivia 1738, Humberto Trucco 37 y Paula Jaraquemada 19 / - No acumulable con otras promociones. / - Descuento máximo por pedido de $40.000
Santander;Cosenza;40% dcto. todos los viernes;40;$100.000;Viernes;;"Av. Nueva Costanera 3900, Vitacura; Vitacura";Exclusivo con tus Tarjetas de Crédito WoldMember Limited Santander LATAM Pass.;Presencial;Metropolitana;Hasta el 30 de septiembre de 2026.;https://banco.santander.cl/beneficios/promociones/cosenza;Cosenza / Recuerda que: / - Exclusivo con tus Tarjetas de Crédito WoldMember Limited Santander LATAM Pass. / - Válido en local. / - Av. Nueva Costanera 3900, Vitacura / - No acumulable con otras promociones. / - Descuento máximo por pedido de $100.000
Santander;Toro Bayo;40% dcto. todos los miércoles;40;$40.000;Miércoles;;"Cam. Las Rastras, km 2,3, Talca; Talca";Exclusivo con tus Tarjetas de Crédito Santander.;Presencial;Maule;Hasta el 30 de septiembre de 2026;https://banco.santander.cl/beneficios/promociones/torobayo;Torobayo / Recuerda que: / - Exclusivo con tus Tarjetas de Crédito Santander. / - Válido en local. / - Cam. Las Rastras, km 2,3, Talca. / - No acumulable con otras promociones. / - Descuento máximo por pedido de $40.000
Santander;Sushi Home;40% dcto. todos los miércoles.;40;$40.000;Miércoles;;"Av. Central 191, Viña del mar; Viña del mar";Exclusivo con tus Tarjetas de Crédito Santander.;Presencial y online;Valparaíso;Hasta el 30 de septiembre de 2026;https://banco.santander.cl/beneficios/promociones/sushi-home;Sushi Home / Recuerda que: / - Exclusivo con tus Tarjetas de Crédito Santander. / - Válido en local, delivery web y retiro en local. / - Av. Central 191, Viña del mar. / - No acumulable con otras promociones. / - Descuento máximo por pedido de $40.000
Santander;Vicenta;40% dcto. todos los martes.;40;$100.000;Martes;;"Av. O&rsquo;Higgins 1414, Antofagasta; Antofagasta";Exclusivo con tus Tarjetas de Crédito WorldMember Limited Santander.;Presencial;Antofagasta;Hasta el 30 de septiembre de 2026;https://banco.santander.cl/beneficios/promociones/vicenta;"Un espacio para disfrutar en Antofagasta / Recuerda que: / - Exclusivo con tus Tarjetas de Crédito WorldMember Limited Santander. / - Válido en local. / - Av. O&rsquo;Higgins 1414, Antofagasta. / - No acumulable con otras promociones. / - Descuento máximo por pedido de $100.000"
Santander;Vapiano;40% dcto. todos los martes y jueves;40;$40.000;Martes, Jueves;;;Válido con Tarjetas de Crédito y Débito Santander.;Presencial;Metropolitana;Hasta el 30 de septiembre 2026.;https://banco.santander.cl/beneficios/promociones/vapiano-2;Cadena internacional de comida italiana / - Válido con Tarjetas de Crédito y Débito Santander. / - Válido presencial / - No acumulable a otras promociones. / - Descuento máximo es de $40.000.
Santander;1213;40% dcto. todos los domingo;40;$40.000;Domingo;;"Av. Tobalaba #1213 y Av. Pedro de Valdivia #2785; Providencia";Exclusivo con tus Tarjetas de Crédito Santander.;Presencial;Metropolitana;Hasta el 30 de septiembre de 2026;https://banco.santander.cl/beneficios/promociones/1213;Los mejores Sánguches & Hamburguesas / Recuerda que: / - Exclusivo con tus Tarjetas de Crédito Santander. / - Válido en local. / - Av. Tobalaba #1213 y Av. Pedro de Valdivia #2785 / - No acumulable con otras promociones. / - Tope de descuento de $40.000.
Santander;Hitomi Tomi;40% dcto. todos los jueves;40;$40.000;Jueves;;"Av. Tobalaba 947, Providencia; Providencia";Exclusivo con tus Tarjetas de Crédito Santander.;Presencial;Metropolitana;Hasta el 30 de septiembre de 2026;https://banco.santander.cl/beneficios/promociones/hitomi-tomi;Descubre los sabores de Asia en Hitomi Tomi / Recuerda que: / - Exclusivo con tus Tarjetas de Crédito Santander. / - Válido en local. / - Av. Tobalaba 947, Providencia / - No acumulable con otras promociones. / - Tope de descuento de $40.000.
Santander;Santa Brasa;50% dcto. todos los martes;50;$50.000;Martes;;Alonso de Córdova 4260, Vitacura;Exclusivo con tus Tarjetas de Crédito Santander American Express.;Presencial;Metropolitana;Hasta el 30 de noviembre de 2026;https://banco.santander.cl/beneficios/promociones/santa-brasa-3;Increíbles cortes de carne. / Recuerda que: / - Exclusivo con tus Tarjetas de Crédito Santander American Express. / - Válido para consumo en local. / - Alonso de Córdova 4260, Vitacura / - Tope de descuento de $50.000. / - No acumulable a otras promociones.
Santander;Pizzería Capri;40% dcto. todos los lunes;40;$40.000;Lunes;;"Avenida El Rodeo 13.052, Lo Barnechea; Gerónimo Alderete 1423, Vitacura; Lo Barnechea, Vitacura";Exclusivo con tus Tarjetas de Crédito Santander.;Presencial y online;Metropolitana;Hasta el 30 de septiembre de 2026.;https://banco.santander.cl/beneficios/promociones/pizzeria-capri;Disfruta de la comida italiana como pizzas, pastas y más / Recuerda que: / - Exclusivo con tus Tarjetas de Crédito Santander. / - Válido en local y online con retiro en tienda. / - Avenida El Rodeo 13.052, Lo Barnechea / - Gerónimo Alderete 1423, Vitacura / - No acumulable con otras promociones. / - Descuento máximo por pedido de $40.000
Santander;Zulu;50%. dcto. todos los jueves;50;$50.000;Jueves;;"Alonso de Córdova 2337, Vitacura; Vitacura";Exclusivo con tus Tarjetas de Crédito Santander American Express.;Presencial;Metropolitana;Desde el 1 de septiembre hasta el 30 de noviembre;https://banco.santander.cl/beneficios/promociones/zulu;Disfruta de la cocina Internacional / Recuerda que: / -  / - Exclusivo con tus Tarjetas de Crédito Santander American Express. / - Válido para consumo en local. / - Alonso de Córdova 2337, Vitacura / - Tope de descuento de $50.000. / - No acumulable a otras promociones. / - Se excluyen propinas, menús, happy hours.
Santander;Estación Tropera;40% dcto. todos los viernes;40;$40.000;Viernes;;"Av. Vitacura 3285, Vitacura; Vitacura";Exclusivo con tus Tarjetas de Crédito Santander.;Presencial y online;Metropolitana;Hasta el 30 de septiembre de 2026;https://banco.santander.cl/beneficios/promociones/estacion-tropera;Tropera es un sueño colectivo, nacido entre Italia y la Patagonia / Recuerda que: / - Exclusivo con tus Tarjetas de Crédito Santander. / - Válido en local y online con retiro en tienda. / - Av. Vitacura 3285, Vitacura. / - No acumulable con otras promociones. / - Descuento máximo por pedido de $40.000
Santander;Exò Nuit;30%. dcto. todos los miércoles;30;$40.000;Miércoles;;"Candelaria Goyenechea 3868, Vitacura; Vitacura";Exclusivo pagando con tus Tarjetas de Crédito y Débito Santander.;Presencial;Metropolitana;Hasta el 30 de septiembre de 2026;https://banco.santander.cl/beneficios/promociones/exo-nuit;"restaurante y bar de cocina japonesa&ndash;mediterránea / Recuerda que: / - Exclusivo pagando con tus Tarjetas de Crédito y Débito Santander. / - Válido para consumo en local. / - Candelaria Goyenechea 3868, Vitacura. / - Tope de descuento de $40.000. / - No acumulable a otras promociones. / - Se excluyen propinas, menús, happy hours."
Santander;Delivery Gourmet;30% dcto. todos los miércoles;30;$40.000;Miércoles;;"Partenón 1727, Vitacura / Av. Francisco Bilbao 2752, Providencia / Roberto Espinoza 718, Santiago Centro; Vitacura, Providencia, Santiago";Exclusivo con tus Tarjetas de Crédito y Débito Santander.;Presencial y online;Metropolitana;Hasta el 30 de septiembre de 2026;https://banco.santander.cl/beneficios/promociones/delivery-gourmet;Tus comidas favoritas en un solo pedido / Recuerda que: / - Exclusivo con tus Tarjetas de Crédito y Débito Santander. / - Válido en local, delivery web y retiro en local. / - Partenón 1727, Vitacura / Av. Francisco Bilbao 2752, Providencia / Roberto Espinoza 718, Santiago Centro / - No acumulable a otras promociones. / - Pide tu descuento al momento de pagar. / - Descuento máximo por pedido de $40.000. / - Se excluyen propinas, menús, happy hours.
Santander;Curry;30% dcto. todos los miércoles;30;$40.000;Miércoles;;"Partenón 1727, Vitacura / Av. Francisco Bilbao 2752, Providencia / Roberto Espinoza 718, Santiago Centro; Vitacura, Providencia, Santiago";Exclusivo con tus Tarjetas de Crédito y Débito Santander.;Presencial y online;Metropolitana;Hasta el 30 de septiembre de 2026;https://banco.santander.cl/beneficios/promociones/curry-2;Comida Tailandesa / Recuerda que: / - Exclusivo con tus Tarjetas de Crédito y Débito Santander. / - Válido en local, delivery web y retiro en local. / - Partenón 1727, Vitacura / Av. Francisco Bilbao 2752, Providencia / Roberto Espinoza 718, Santiago Centro / - No acumulable a otras promociones. / - Pide tu descuento al momento de pagar. / - Descuento máximo por pedido de $40.000. / - Se excluyen propinas, menús, happy hours.
Santander;Rocoto;30% dcto. todos los miércoles;30;$40.000;Miércoles;;"Partenón 1727, Vitacura / Av. Francisco Bilbao 2752, Providencia / Roberto Espinoza 718, Santiago Centro; Vitacura, Providencia, Santiago";Exclusivo con tus Tarjetas de Crédito y Débito Santander.;Presencial y online;Metropolitana;Hasta el 30 de septiembre de 2026;https://banco.santander.cl/beneficios/promociones/rocoto;Sabores peruanos auténticos en tu hogar / Recuerda que: / - Exclusivo con tus Tarjetas de Crédito y Débito Santander. / - Válido en local, delivery web y retiro en local / - Partenón 1727, Vitacura / Av. Francisco Bilbao 2752, Providencia / Roberto Espinoza 718, Santiago Centro / - No acumulable a otras promociones. / - Pide tu descuento al momento de pagar. / - Descuento máximo por pedido de $40.000. / - Se excluyen propinas, menús, happy hours.
Santander;Estró;40% dcto. todos los jueves.;40;$100.000;Jueves;;El Alcalde 15, Las Condes;Exclusivo con tus Tarjetas de Crédito WorldMember Limited Santander LATAM Pass.;Presencial;Región Metropolitana;Hasta el 30 de septiembre de 2026;https://banco.santander.cl/beneficios/promociones/estro-3;Cocina chilena con los mejores productos locales / Recuerda que: / - Exclusivo con tus Tarjetas de Crédito WorldMember Limited Santander LATAM Pass. / - Válido para compras en local. / - El Alcalde 15, Las Condes. / - No acumulable a otras promociones. / - Descuento máximo por pedido de $100.000 / - Descuento no aplica a menú ejecutivo
Santander;Social Bar;40% dcto. todos los lunes;40;$40.000;Lunes;;"Av. Vitacura 3396, Vitacura; Vitacura";Exclusivo con tus Tarjetas de Crédito Santander.;Presencial;Metropolitana;Hasta el 30 de septiembre de 2026.;https://banco.santander.cl/beneficios/promociones/social-bar;Burgas, drinks y el good food mood que ya amas. / Recuerda que: / - Exclusivo con tus Tarjetas de Crédito Santander. / - Válido para consumo en local  / - Av. Vitacura 3396, Vitacura. / - No acumulable a otras promociones. / - Pide tu descuento al momento de pagar. / - Descuento máximo por pedido de $40.000. / - Se excluyen propinas, menús, happy hours.
Santander;Lima Fusión;40% dcto. todos los miércoles.;40;$40.000;Miércoles;;"Manuel Bulnes 314, Quillota; Quillota";Exclusivo con tus Tarjetas de Crédito Santander.;Presencial;Valparaíso;Hasta el 30 de septiembre de 2026;https://banco.santander.cl/beneficios/promociones/lima-fusion;Gastronomía Peruana, Criollas y Nikkei se reinventa con un toque único. / Recuerda que: / - Exclusivo con tus Tarjetas de Crédito Santander. / - Válido en local. / - Manuel Bulnes 314, Quillota. / - No acumulable a otras promociones. / - Pide tu descuento al momento de pagar. / - Descuento máximo por pedido de $40.000. / - Se excluyen propinas, menús, happy hours.
Santander;Prístino;50% dcto. todos los sábados;50;$50.000;Sábado;;"El Coihue 3807, Vitacura; Vitacura";Exclusivo con tus Tarjetas de Crédito Santander American Express.;Presencial;Metropolitana;Desde el 1 de septiembre hasta el 30 de noviembre de 2026.;https://banco.santander.cl/beneficios/promociones/pristino;Preparaciones chilenas gourmet / Recuerda que: / -  / - Exclusivo con tus Tarjetas de Crédito Santander American Express. / - Válido en local. / - El Coihue 3807, Vitacura. / - No acumulable a otras promociones. / - Descuento máximo por pedido de $50.000
Santander;Streat Burger;40% dcto. todos los miércoles.;40;$40.000;Miércoles;;Las Condes, Lo Barnechea, Ñuñoa, La Florida, San Francisco de Mostazal, Hijuelas, Chillán, San Fernando, Llay Llay;Exclusivo con tus Tarjetas de Crédito Santander.;Presencial y online;Metropolitana, O'Higgins, Ñuble, Valparaíso;Hasta el 30 de septiembre de 2026.;https://banco.santander.cl/beneficios/promociones/streat-burger;Streat Makes You Happy / Recuerda que: / - Exclusivo con tus Tarjetas de Crédito Santander. / - Válido en locales presenciales y en delivery a través de PedidosYa / - Válido en locales Santiago y Carretera. / - Válido dos cupones semanales por persona. / - Excluye categoría helados y combo full. / - No acumulable con otras promociones.  / - Descuento máximo por pedido de $40.000
Santander;Expendio Montt;30% dcto. todos los miércoles.;30;$40.000;Miércoles;;"Manuel Montt 727, Providencia; Providencia";Exclusivo con tus Tarjetas de Crédito y Débito Santander.;Presencial;Metropolitana;Hasta el 30 de septiembre de 2026.;https://banco.santander.cl/beneficios/promociones/expendio-montt;Los mejores tacos y cervezas / Recuerda que: / - Exclusivo con tus Tarjetas de Crédito y Débito Santander. / - Válido en local. / - Manuel Montt 727, Providencia. / - No acumulable con otras promociones. / - Descuento máximo por pedido de $40.000
Santander;Bar Porfirio;30% dcto. todos los miércoles.;30;$40.000;Miércoles;;"Manuel Montt 697, Providencia; Providencia";Exclusivo con tus Tarjetas de Crédito y Débito Santander.;Presencial;Metropolitana;Hasta el 30 de septiembre de 2026;https://banco.santander.cl/beneficios/promociones/bar-porfirio;Tacos, tragos y pura buena onda para cortar la semana con sabor / Recuerda que: / - Exclusivo con tus Tarjetas de Crédito y Débito Santander. / - Válido en local. / - Manuel Montt 697, Providencia. / - No acumulable con otras promociones. / - Descuento máximo por pedido de $40.000
Santander;Kento Sushi;30% dcto. todos los miércoles.;30;$40.000;Miércoles;;"Parque Arauco, Alto las Condes y Av. Vitacura 5460; Las Condes, Vitacura";Exclusivo con tus Tarjetas de Crédito y Débito Santander.;Presencial y online;Metropolitana;Hasta el 30 de septiembre de 2026.;https://banco.santander.cl/beneficios/promociones/kento-sushi;Los mejores sushi, nikkei, Sin arroz, Vegetarianos, Ceviche y más / Recuerda que: / - Exclusivo con tus Tarjetas de Crédito y Débito Santander. / - Válido en local y online. / - Parque Arauco, Alto las Condes y Av. Vitacura 5460 / - No acumulable con otras promociones. / - Ingresando los 6 primeros dígitos de tu Tarjeta como código de descuento. / - Descuento máximo por pedido de $40.000
Santander;Taringa;40% dcto. todos los sábados.;40;$40.000;Sábado;;"Av. Vitacura 5336, Vitacura; Vitacura";Exclusivo con tus Tarjetas de Crédito Santander.;Presencial;Metropolitana;Hasta el 30 de septiembre de 2026;https://banco.santander.cl/beneficios/promociones/taringa-4;Comida, cocteles, música y más / Recuerda que: / - Exclusivo con tus Tarjetas de Crédito Santander. / - Válido en local. / - Av. Vitacura 5336, Vitacura. / - No acumulable con otras promociones. / - Descuento máximo por pedido de $40.000
Santander;Brunetti;40% dcto. todos los miércoles.;40;$40.000;Miércoles;;"Diaz gana 845, Antofagasta; Antofagasta";Exclusivo con tus Tarjetas de Crédito Santander.;Presencial;Antofagasta;Hasta el 30 de septiembre de 2026.;https://banco.santander.cl/beneficios/promociones/brunetti;Cafetería y restaurant / Recuerda que: / - Exclusivo con tus Tarjetas de Crédito Santander. / - Válido para consumo en local. / - Diaz gana 845, Antofagasta. / - No acumulable con otras promociones. / - Descuento máximo por pedido de $40.000
Santander;Hijo del Inca;30% dcto. todos los miércoles;30;$40.000;Miércoles;;"Príncipe de Gales 6992, La Reina; Santa magdalena 168 local 102 Providencia; La Reina";Exclusivo con tus Tarjetas de Crédito Santander.;Presencial;Metropolitana;Hasta el 30 de septiembre de 2026.;https://banco.santander.cl/beneficios/promociones/hijo-del-inca;Restaurante peruano. / Recuerda que: / - Exclusivo con tus Tarjetas de Crédito Santander. / - Válido para compras en local. / - Príncipe de Gales 6992, La Reina. / - Santa magdalena 168 local 102 Providencia. / - No acumulable con otras promociones. / - Descuento máximo por pedido de $40.000
Santander;Siete Olas;50%. dcto. todos los miércoles;50;$50.000;Miércoles;;"Av. Cachagua 269, Zapallar; Zapallar";Exclusivo con tus Nuevas Tarjetas de Crédito Santander American Express.;Presencial;Valparaíso;Desde el 01 de junio hasta el 30 de noviembre de 2026;https://banco.santander.cl/beneficios/promociones/siete-olas;Las mejores pizzas napolitanas y hamburguesas artesanales. / Recuerda que: / - Exclusivo con tus Nuevas Tarjetas de Crédito Santander American Express. / - Válido para consumo en local. / - Av. Cachagua 269, Zapallar. / - Tope de descuento de $50.000. / - No acumulable a otras promociones. / - Se excluyen propinas, menús, happy hours.
Santander;Brunapoli;40% dcto. todos los martes;40;$100.000;Martes;;"Nueva Costanera 3961, Vitacura; Av. José Alcalde Délano, Lo Barnechea; Camino El Alba 11969, Las Condes; Vitacura, Las Condes, Lo Barnechea";Exclusivo con tus Tarjetas de Crédito WorldMember Limited Santander LATAM Pass.;Presencial;Metropolitana;Hasta el 30 de septiembre de 2026;https://banco.santander.cl/beneficios/promociones/brunapoli;Vive la experiencia de una auténtica pizza Napolitana. / Recuerda que: / - Exclusivo con tus Tarjetas de Crédito WorldMember Limited Santander LATAM Pass. / - Válido en locales. / - Nueva Costanera 3961, Vitacura / - Av. José Alcalde Délano, Lo Barnechea / - Camino El Alba 11969, Las Condes / - No acumulable a otras promociones. / - Pide tu descuento al momento de pagar. / - Descuento máximo por pedido de $100.000.
Santander;Le Vice Chocolat;40% dcto. todos los jueves.;40;Sin tope;Jueves;;Vitacura;Exclusivo con tus Tarjetas de Crédito y Débito Santander.;Online / delivery;Metropolitana;Hasta el 30 de septiembre de 2026.;https://banco.santander.cl/beneficios/promociones/le-vice-chocolat;Exquisitos chocolates de la más alta calidad, elaborados con ingredientes seleccionados cuidadosamente y un toque artesanal. / Recuerda que: / - Exclusivo con tus Tarjetas de Crédito y Débito Santander. / - Válido en tiendas y www.levicechocolat.com / - Sin tope de descuento. / - No acumulable a otras promociones. / - Ingresa los 6 primeros dígitos de tu Tarjeta como código de descuento.
Santander;Berlin Döner Kebab;30% dcto. todos los miércoles;30;$40.000;Miércoles;;Ñuñoa, Vitacura;Exclusivo con tus Tarjetas de Crédito Santander.;Presencial;Metropolitana;Hasta el 30 de septiembre de 2026;https://banco.santander.cl/beneficios/promociones/berlin-doner-kebab;Restaurant de sandwich turco-alemanes / Recuerda que: / - Exclusivo con tus Tarjetas de Crédito Santander. / - Válido para consumo en local. / - No acumulable a otras promociones. / - Pide tu descuento al momento de pagar. / - Descuento máximo por pedido de $40.000. / - Se excluyen propinas, menús, happy hours.
Santander;Chicken Love You;40% dcto. todos los miércoles;40;$40.000;Miércoles;;Santiago,Vitacura,Las Condes,Maipú,La Reina,La Florida,Lo Barnechea,Viña del Mar;Exclusivo con tus Tarjetas de Crédito Santander;Presencial y online;Metropolitana,Valparaíso;Hasta el 30 de septiembre de 2026.;https://banco.santander.cl/beneficios/promociones/chicken-love-you;Los mejores sandwich de pollo frito. / Recuerda que: / - Exclusivo con tus Tarjetas de Crédito Santander / - Válido para consumo en locales y online. / - No acumulable a otras promociones. / - Pide tu descuento al momento de pagar. / - Descuento máximo por pedido de $40.000 / - Ingresa los 6 primeros dígitos de tu Tarjeta como código de descuento. / - Se excluyen propinas, menús y happy hours.
Santander;Juan Esparraguito;30% dcto. todos los miércoles.;30;$100.000;Miércoles;;Las Condes, Lo Barnechea, Vitacura, La Reina, Ñuñoa, Providencia y Santiago;Exclusivo con tus Tarjetas de Crédito WorldMember Limited Santander LATAM Pass.;Online / delivery;Metropolitana;Hasta el 30 de septiembre de 2026;https://banco.santander.cl/beneficios/promociones/juan-esparraguito;Mucho más que frutas y verduras, productos de temporada y seleccionados uno a uno / Recuerda que: / - Exclusivo con tus Tarjetas de Crédito WorldMember Limited Santander LATAM Pass. / - Válido en www.juanesparraguito.com / - No acumulable a otras promociones. / - Ingresa los 6 primeros dígitos de tu tarjeta como código de descuento. / - Descuento máximo por pedido de $100.000 / - Exclusivo en frutas y verduras.
Santander;Oh Bok;40% dcto. todos los jueves;40;$40.000;Jueves;;"Av. Vitacura 4085 y Av. Vitacura 7261,Vitacura; Vitacura";Exclusivo con tus Tarjetas de Crédito Santander.;Presencial;Metropolitana;Hasta el 30 de septiembre de 2026;https://banco.santander.cl/beneficios/promociones/oh-bok;Autentica parrilla Koreana / Recuerda: / - Exclusivo con tus Tarjetas de Crédito Santander. / - Válido para consumo en local. / - Av. Vitacura 4085 y Av. Vitacura 7261,Vitacura / - Tope de descuento de $40.000. / - Pide tu descuento al momento de pagar. / - No acumulable a otras promociones. / - Se excluyen propinas, menús, happy hours.
Santander;Milán;40% de dcto. todos los miércoles.;40;$40.000;Miércoles;;"Inés de Suarez 1330 y Andres Bello 580, Temuco; Temuco";Exclusivo con tus Tarjetas de Crédito Santander.;Presencial;Araucanía;Hasta el 30 de septiembre de 2026;https://banco.santander.cl/beneficios/promociones/milan;Sandwich Gourmet, Hamburguesas, Pizzas, Crepes y mucho mas. / Recuerda que: / - Exclusivo con tus Tarjetas de Crédito Santander. / - Válido en local. / - Inés de Suarez 1330 y Andres Bello 580, Temuco. / - No acumulable a otras promociones. / - Pide tu descuento al momento de pagar. / - Descuento máximo por pedido de $40.000.
Santander;El Mundo del Vino;40% dcto. todos los lunes en viñas seleccionadas.;40;$100.000;Lunes;; Providencia, Las Condes;Exclusivo con tus Tarjetas de Crédito WorldMember Limited Santander LATAM Pass.;Presencial y online;Metropolitana;Hasta el 30 de septiembre de 2026;https://banco.santander.cl/beneficios/promociones/el-mundo-del-vino-9;¡El mejor vino para ti! / Recuerda que: / - Exclusivo con tus Tarjetas de Crédito WorldMember Limited Santander LATAM Pass. / - Válido para compras en local y www.elmundodelvino.cl / - No acumulable a otras promociones. / - En viñas seleccionadas: Clos de Luz, Barón Philippe, Tres Palacio, Las  Veletas, San Pedro, Tarapaca, Valdivieso, Ventisquero, Errazuriz, Arboleda.  / - Ingresando los 6 primeros dígitos de tu Tarjeta como código de descuento. / - Descuento máximo por pedido de $100.000
Santander;Bozzo;40% dcto. todos los martes en bozzochocolates.cl y 20% dcto. en tiendas;40;$40.000;Martes;;Las Condes, Vitacura, Lo Barnechea, Providencia, Santiago, Peñalolén, La Florida;Exclusivo con tus Tarjetas de Crédito y Débito Santander.;Presencial y online;Metropolitana;Hasta el 30 de septiembre de 2026.;https://banco.santander.cl/beneficios/promociones/bozzo-4;¡Disfruta los mejores chocolates, receta de tradición italiana! / Recuerda que: / - Exclusivo con tus Tarjetas de Crédito y Débito Santander. / - Válido en www.bozzochocolates.cl y presencial. / - 20% dcto. en tiendas válido solo en Región Metropolitana. / - No acumulable a otras promociones. / - Ingresando los 6 primeros dígitos de tu Tarjeta como código de descuento. / - Para hacer efectivo el descuento debes mostrar y pagar con tus Tarjetas Santander. / - Descuento máximo por pedido de $40.000. / - Descuento aplica solamente para personas naturales.
Santander;El Taller;40% dcto. todos los martes;40;$15.000;Martes;;"Av. Providencia 1467, Providencia; Av. La Dehesa 1570, Lo Barnechea; Av. Apoquindo 2730, Las Condes; Providencia, Lo Barnechea, Las Condes";Exclusivo con tus Tarjetas de Crédito y Débito Santander.;Presencial y online;Metropolitana;Hasta el 30 de septiembre de 2026.;https://banco.santander.cl/beneficios/promociones/el-taller;Helados Artesanales de Alta Calidad, reconocidos entre los mejores del Mundo / Recuerda que: / - Exclusivo con tus Tarjetas de Crédito y Débito Santander. / - Válido para consumo en locales y www.eltallerchile.cl / - Av. Providencia 1467, Providencia. / - Av. La Dehesa 1570, Lo Barnechea. / - Av. Apoquindo 2730, Las Condes. / - Tope de descuento de $15.000. / - Para compras presenciales pide tu descuento al momento de pagar. / - Para compras online ingresa los 6 primeros dígitos de tu tarjeta como código de descuento. / - No acumulable a otras promociones.
Santander;Ciros;40% dcto. todos los sábados;40;$40.000;Sábado;;"Isidora Goyenechea 2971, Las Condes; Las Condes";Exclusivo con tus Tarjetas de Crédito Santander.;Presencial;Metropolitana;Hasta el 30 de septiembre de 2026;https://banco.santander.cl/beneficios/promociones/ciros;Comida chilena y de ultramar / Recuerda: / - Exclusivo con tus Tarjetas de Crédito Santander. / - Válido para consumo en local. / - Isidora Goyenechea 2971, Las Condes. / - Tope de descuento de $40.000. / - Pide tu descuento al momento de pagar. / - No acumulable a otras promociones. / - Se excluyen propinas, menús, happy hours.
Santander;Ari Nikkei;30%. dcto. todos los viernes;30;$40.000;Viernes;;Las Condes;Exclusivo pagando con tus Tarjetas de Crédito Santander.;Presencial;Metropolitana;Hasta el 30 de septiembre de 2026;https://banco.santander.cl/beneficios/promociones/ari-nikkei;Nuevo concepto de sushi / Recuerda que: / - Exclusivo pagando con tus Tarjetas de Crédito Santander. / - Válido para consumo en local. / - Tope de descuento de $40.000. / - No acumulable a otras promociones.
Santander;La Mulata;40% dcto. todos los miércoles.;40;$100.000;Miércoles;;"Av. Arturo Prat Chacón 902, Iquique; Iquique";Exclusivo con tus Tarjetas de Crédito WorldMember Limited Santander LATAM Pass.;Presencial;Tarapacá;Hasta el 30 de septiembre de 2026.;https://banco.santander.cl/beneficios/promociones/la-mulata;La mejor cocina fusión peruana - japonesa / Recuerda que: / -  / - Exclusivo con tus Tarjetas de Crédito WorldMember Limited Santander LATAM Pass. / - Válido para consumo en local. / - Av. Arturo Prat Chacón 902, Iquique. / - No acumulable a otras promociones. / - Pide tu descuento al momento de pagar. / - Descuento máximo por pedido de $100.000.
Santander;Sumoku;Hasta 50%. dcto. todos los martes y miercoles;50;$50.000;Martes, Miércoles;;"Bellavista 703, Reñaca.Con Tarjetas de Crédito Santander American Express; Reñaca";Exclusivo con tus Tarjetas de Crédito Santander American Express y Tarjeta de Crédito WorldMember Limited Santander LATAM Pass;Presencial;Valparaíso;Desde el 01 de junio hasta el 30 de noviembre de 2026;https://banco.santander.cl/beneficios/promociones/sumoku;Comida del mar que garantiza un viaje entre clásicos sabores japoneses con notas sofisticadas de alta cocina. / Recuerda que: / - Exclusivo con tus Tarjetas de Crédito Santander American Express y Tarjeta de Crédito WorldMember Limited Santander LATAM Pass / - Válido para consumo en local. / - Bellavista 703, Reñaca.Con Tarjetas de Crédito Santander American Express / - Descuento aplica para los días martes / - Tope de descuento de $50.000. / - Pide tu descuento al momento de pagar. / - No acumulable a otras promociones. / - Se excluyen propinas, menús, happy hours.Con Tarjeta de Crédito WorldMember Limited Santander LATAM Pass / - Descuento aplica para los días miércoles / - Tope de descuento de $100.000. / - Pide tu descuento al momento de pagar. / - No acumulable a otras promociones. / - Se excluyen propinas, menús, happy hours.
Santander;Sociedad 0306;40% dcto. todos los martes;40;$40.000;Martes;;"Av. Sta. Isabel 0306, Providencia; Providencia";Exclusivo con tus Tarjetas de Crédito Santander.;Presencial;Metropolitana;Hasta el 30 de septiembre de 2026;https://banco.santander.cl/beneficios/promociones/sociedad-0306;4 cocinas de autor + Bar / Recuerda que: / - Exclusivo con tus Tarjetas de Crédito Santander. / - Válido para consumo en local. / - Av. Sta. Isabel 0306, Providencia. / - No acumulable a otras promociones. / - Pide tu descuento al momento de pagar. / - Descuento máximo por pedido de $40.000.
Santander;Infiltrados;Hasta 50%. dcto. todos los días viernes y sábados;50;$50.000;Lunes, Martes, Miércoles, Jueves, Viernes, Sábado, Domingo;;"Av. Vitacura 5708, Vitacura.Con Tarjetas de Crédito Santander American Express; Vitacura";Exclusivo con tus Tarjetas de Crédito Santander American Express y Tarjeta de Crédito WorldMember Limited Santander LATAM Pass;Presencial;Metropolitana;Hasta el 30 de noviembre de 2026.;https://banco.santander.cl/beneficios/promociones/infiltrados;Deléitate con carnes, pescados y mariscos / Recuerda que: / - Exclusivo con tus Tarjetas de Crédito Santander American Express y Tarjeta de Crédito WorldMember Limited Santander LATAM Pass / - Válido para consumo en local. / - Av. Vitacura 5708, Vitacura.Con Tarjetas de Crédito Santander American Express / - Descuento aplica para los días viernes. / - Tope de descuento de $50.000. / - Pide tu descuento al momento de pagar. / - No acumulable a otras promociones. / - Se excluyen propinas, menús, happy hours.Con Tarjeta de Crédito WorldMember Limited Santander LATAM Pass / - Descuento aplica para los días sábados / - Tope de descuento de $100.000. / - Pide tu descuento al momento de pagar. / - No acumulable a otras promociones. / - Se excluyen propinas, menús, happy hours.
Santander;Do Sushi;50% dcto. todos los domingos;50;$50.000;Domingo;;"Suecia 0155, local 102, Providencia; Providencia";Exclusivo con tus Tarjetas de Crédito Santander American Express.;Presencial;Metropolitana;Desde el 1 de septiembre hasta el 30 de noviembre de 2026;https://banco.santander.cl/beneficios/promociones/do-sushi-6;Disfruta de la cocina Japonesa / Recuerda que: / -  / - Exclusivo con tus Tarjetas de Crédito Santander American Express. / - Válido para consumo en local  / - Suecia 0155, local 102, Providencia. / - Pide tu descuento al momento de pagar. / - Descuento máximo por pedido de $50.000.
Santander;Carmine;50% dcto. todos los jueves;50;$50.000;Jueves;;"Av. Edmundo Eluchans 595, Viña del Mar; Viña del Mar";Exclusivo con tus Tarjetas de Crédito Santander American Express.;Presencial;Valparaíso;Desde el 01 de junio hasta el 30 de novimbre de 2026;https://banco.santander.cl/beneficios/promociones/carmine;Raíces profundas de una tradición gastronómica que ha sido transmitida de generación en generación. / Recuerda que: / - Exclusivo con tus Tarjetas de Crédito Santander American Express. / - Válido en local. / - Av. Edmundo Eluchans 595, Viña del Mar. / - No acumulable a otras promociones. / - Descuento máximo por pedido de $50.000.
Santander;Restaurante Hotel AWA;40% dcto. todos los jueves;40;$40.000;Jueves;;"Ruta 225, Km. 27, Puerto Varas; Puerto Varas";Exclusivo con tus Tarjetas de Crédito Santander.;Presencial;Los Lagos;Hasta el 30 de septiembre de 2026;https://banco.santander.cl/beneficios/promociones/restaurante-hotel-awa;Cocina contemporánea con platos internacionales con técnicas tradicionales locales. / Recuerda que: / - Exclusivo con tus Tarjetas de Crédito Santander. / - Válido para consumo en local. / - Ruta 225, Km. 27, Puerto Varas. / - No acumulable a otras promociones. / - Pide tu descuento al momento de pagar. / - Descuento máximo por pedido de $40.000. / - Se excluyen propinas, menús, happy hours.
Santander;ICA;40% dcto. todos los sábados;40;$40.000;Sábado;;"Isidora Goyenechea 2939, Las Condes; Las Condes";Exclusivo con tus Tarjetas de Crédito Santander.;Presencial;Metropolitana;Hasta el 31 de mayo de 2026;https://banco.santander.cl/beneficios/promociones/ica-2;Conoce la mejor cocina Peruana Criolla popular / Recuerda que: / - Exclusivo con tus Tarjetas de Crédito Santander. / - Válido para consumo en local. / - No acumulable a otras promociones. / - Isidora Goyenechea 2939, Las Condes  / - Descuento máximo por pedido de $40.000.
Santander;La Dicha;40% dcto. todos los lunes.;40;$100.000;Lunes;;"Alonso de Córdova 4355,Vitacura; Vitacura";Exclusivo con tus Tarjetas de Crédito WorldMember Limited Santander LATAM Pass.;Presencial;Metropolitana;Hasta el 30 de septiembre de 2026;https://banco.santander.cl/beneficios/promociones/la-dicha-4;Descubre los mejores platos gourmet  / Recuerda que:  / - Exclusivo con tus Tarjetas de Crédito WorldMember Limited Santander LATAM Pass. / - Válido para consumo en local. / - Alonso de Córdova 4355,Vitacura / - No acumulable a otras promociones. / - Pide tu descuento al momento de pagar. / - Tope de descuento $100.000.
Santander;Cosecha del Mar;40% dcto. todos los viernes;40;$100.000;Viernes;;Av. La Dehesa 2035, Lo Barnechea y Decher 161, Puerto Varas;"Exclusivo con tus Tarjetas de Crédito WorldMember Limited Santander LATAM Pass.; Válido en local, pagando con tu tarjeta física.";Presencial;Región Metropolitana;Hasta el 30 de septiembre de 2026;https://banco.santander.cl/beneficios/promociones/cosecha-del-mar-4;¡Explora el mundo del salmón! / Recuerda que: / - Exclusivo con tus Tarjetas de Crédito WorldMember Limited Santander LATAM Pass. / - Válido en local, pagando con tu tarjeta física.  / - Av. La Dehesa 2035, Lo Barnechea y Decher 161, Puerto Varas. / - Tope de dcto. mensual $100.000 / - No acumulable a otras promociones.
Santander;Barra Andalúe;40% dcto. todos los miércoles.;40;$40.000;Miércoles;;"Av. Andalue 2295 local 1, Concepción; Concepción";Exclusivo con tus Tarjetas de Crédito Santander.;Presencial y online;Biobío;Hasta el 30 de septiembre de 2026;https://banco.santander.cl/beneficios/promociones/barraandalue;¡Disfruta de la mejor gastronomía y tragos de autor de San Pedro de la Paz! / Recuerda que: / - Exclusivo con tus Tarjetas de Crédito Santander. / - Válido en local, delivery y retiro. / - Av. Andalue 2295 local 1, Concepción / - No acumulable a otras promociones. / - Pide tu descuento al momento de pagar. / - Descuento máximo por pedido de $40.000. / - Se excluyen propinas, menús, happy hours.
Santander;Dominga Nikkei;40%. dcto. todos los viernes;40;$40.000;Viernes;;"El Rodeo 12699, Lo Barnechea; Lo Barnechea";Exclusivo con tu Tarjetas de Crédito Santander;Presencial;Metropolitana;Hasta el 30 de septiembre de 2026;https://banco.santander.cl/beneficios/promociones/dominga-nikkei;Sushi Nikkei, Omakase, Coctelería de autor asiática y mucho más. / Recuerda que: / - Exclusivo con tu Tarjetas de Crédito Santander / - Válido para consumo en local. / - El Rodeo 12699, Lo Barnechea. / - Tope de descuento de $40.000. / - No acumulable a otras promociones. / - Se excluyen propinas, menús, happy hours.
Santander;Naoki;40%. dcto. todos los miércoles;40;$100.000;Miércoles;;"Av. Vitacura 3875, Vitacura; Vitacura";Exclusivo con tu Tarjeta de Crédito WorldMember Limited Santander;Presencial;Metropolitana;Hasta el 30 de septiembre de 2026;https://banco.santander.cl/beneficios/promociones/naoki-2;Sabores y técnicas japonesas se combinan con elementos locales de la costa chilena para crear una experiencia gastronómica única / Recuerda que: / - Exclusivo con tu Tarjeta de Crédito WorldMember Limited Santander  / - Válido para consumo en local. / - Av. Vitacura 3875, Vitacura. / - Tope de descuento de $100.000. / - No acumulable a otras promociones. / - Se excluyen propinas, menús, happy hours.
Santander;Caoba Bar;40% dcto. todos los lunes;40;$40.000;Lunes;;"Alonso de Córdova 4156, Vitacura; Vitacura";Exclusivo con tus Tarjetas de Crédito Santander;Presencial;Metropolitana;Hasta el 30 de septiembre de 2026;https://banco.santander.cl/beneficios/promociones/caoba-bar-2;¡Disfruta de un increíble bar! / Recuerda que: / - Exclusivo con tus Tarjetas de Crédito Santander / - Válido para consumo en local. / - Alonso de Córdova 4156, Vitacura. / - No acumulable a otras promociones. / - Pide tu descuento al momento de pagar. / - Tope de descuento $40.000
Santander;PF Chang’s;40% dcto. todos los miércoles;40;$40.000;Miércoles;;"Isidora Goyenechea 2940, Parque Arauco y Alto Las Condes, Las Condes; Las Condes";40% pagando con tus Tarjetas de Crédito Santander;Presencial;Metropolitana;Hasta el 30 de septiembre de 2026;https://banco.santander.cl/beneficios/promociones/pfchang;¡Lo mejor de la comida asiatica! / Recuerda que: / - 40% pagando con tus Tarjetas de Crédito Santander  / - Válido para consumo en local. / - Isidora Goyenechea 2940, Parque Arauco y Alto Las Condes, Las Condes. / - No acumulable a otras promociones. / - Descuento máximo por pedido de $40.000. / - Se excluyen propinas, menús, happy hours.
Santander;Augusta Bar;40% dcto. todos los miércoles.;40;$40.000;Miércoles;;"Paso Hondo 209, Concepción; Concepción";Exclusivo con tus Tarjetas de Crédito Santander.;Presencial;Bío-Bío;Hasta el 30 de septiembre de 2026;https://banco.santander.cl/beneficios/promociones/augusta-bar;Disfruta de una variada gastronomía y cócteles de autor. / Recuerda que: / - Exclusivo con tus Tarjetas de Crédito Santander. / - Válido para consumo en local. / - Paso Hondo 209, Concepción. / - No acumulable a otras promociones. / - Pide tu descuento al momento de pagar. / - Descuento máximo por pedido de $40.000.
Santander;La Bifería;40% dcto. todos los miércoles;40;$40.000;Miércoles;;"Av. Pedro de Valdivia 065, Providencia; Providencia";Exclusivo con tus Tarjetas de Crédito Santander.;Presencial;Metropolitana;Hasta el 30 de septiembre de 2026;https://banco.santander.cl/beneficios/promociones/la-biferia-2;Cortes únicos de carne a la parrilla / Recuerda que: / - Exclusivo con tus Tarjetas de Crédito Santander. / - Válido para consumo en local. / - Av. Pedro de Valdivia 065, Providencia. / - No acumulable a otras promociones. / - Pide tu descuento al momento de pagar. / - Descuento máximo por pedido de $40.000.
Santander;Hijo del Sol;40% dcto. todos los miércoles;40;$40.000;Miércoles;;La Reina, Las Condes, Vitacura, Santiago;Exclusivo con tus Tarjetas de Crédito Santander.;Presencial;Metropolitana;Hasta el 30 de septiembre de 2026;https://banco.santander.cl/beneficios/promociones/hijo-del-sol-2;Disfruta del rico sabor de una causa limeña  / Recuerda que: / - Exclusivo con tus Tarjetas de Crédito Santander. / - Válido para consumo en local. / - No acumulable a otras promociones. / - Pide tu descuento al momento de pagar. / - Descuento máximo por pedido de $40.000. / - Se excluyen propinas, menús, happy hours.
Santander;Local Burger;40% dcto. todos los miércoles.;40;$40.000;Miércoles;;;Exclusivo con tus Tarjetas de Crédito Santander.;Presencial y online;Metropolitana;Hasta el 30 de septiembre de 2026;https://banco.santander.cl/beneficios/promociones/local-burger-2;¡Disfruta las mejores hamburguesas! / Recuerda que: / - Exclusivo con tus Tarjetas de Crédito Santander. / - Válido para consumo en local y www.localburger.cl / - Ingresa los 6 primeros dígitos de tu Tarjeta como código de descuento. / - No acumulable a otras promociones. / - Pide tu descuento al momento de pagar. / - Descuento máximo por pedido de $40.000.
Santander;Fork;40% dcto. todos los viernes.;40;$40.000;Viernes;; La Reina, Las Condes, Lo Barnechea, Providencia, Santiago, Macul, Vitacura, Ñuñoa;"Exclusivo con tus Tarjetas de Crédito Santander.; Válido en tiendas Fork pagando con tu tarjeta Santander. Y en Forkchile.cl ingresando los primeros 6 dígitos de tu tarjeta en el botón &quot;CÓDIGO PROMO&quot; al momento de pagar.";Online / delivery;Metropolitana;Hasta el 30 de septiembre de 2026;https://banco.santander.cl/beneficios/promociones/fork-4;"¡Platos preparados todos los días, frescos y sin conservantes! / Recuerda que: / 40% descuento: / - Exclusivo con tus Tarjetas de Crédito Santander. / - Válido en tiendas Fork pagando con tu tarjeta Santander. Y en Forkchile.cl ingresando los primeros 6 dígitos de tu tarjeta en el botón &quot;CÓDIGO PROMO&quot; al momento de pagar. / - Tope de dcto. de $40.000. / - No acumulable con otras promociones; Productos seleccionados en https://forkchile.cl/categoria/191/descuento-santander / - Aplica a productos Fork seleccionados: platos refrigerados individuales y familiares (excepto ensaladas, wraps y platos livianos, salmón a la gremolata y beef bourguignon), sopas, quiches individuales y familiares, sándwiches, cocktail congelado Fork, postres individuales y postres familiares (excepto tortas). / - Descuento aplicable únicamente a los productos incluidos en la categoría &quot;Descuento Santander&quot;, no incluye productos de otras categorías."
Santander;Work/Café;40% dcto. todos los lunes y 30% dcto. de martes a viernes;40;Sin tope;Lunes, Martes, Miércoles, Jueves, Viernes;Sin tope de descuento.Horarios de Atención: | Lunes a jueves de 9:00 a 14:00 hrs y horario tarde de 15:30 a 17:00 hrs. Viernes de 9:00 a 14:00 hrs.;Las Condes, Vitacura, La Reina, Providencia, Ñuñoa, Santiago, San Joaquín, Huechuraba, Lo Barnechea, Independencia, Maipú;Exclusivo con tus Tarjetas de Crédito y Débito Santander.;Presencial y online;Metropolitana;Hasta el 30 de septiembre de 2026.;https://banco.santander.cl/beneficios/promociones/work-cafe-4;¡Comienza tu día en el mejor lugar, conoce todas las sucursales Work/Café! / Recuerda que: / - Exclusivo con tus Tarjetas de Crédito y Débito Santander. / - Válido en locales y www.workcafe.cl, 30% los otros días de la semana. / - Pide tu descuento al momento de pagar. / - Sin tope de descuento.Horarios de Atención:  / Lunes a jueves de 9:00 a 14:00 hrs y horario tarde de 15:30 a 17:00 hrs. Viernes de 9:00 a 14:00 hrs.
Santander;eCook;40% dcto. todos los martes y jueves;40;Sin tope;Martes, Jueves;;;Exclusivo con tus Tarjetas de Crédito y Débito Santander.;Online / delivery;Metropolitana;Hasta el 30 de septiembre de 2026.;https://banco.santander.cl/beneficios/promociones/ecook-4;¡Lleva tus platos favoritos con el mejor descuento! / Recuerda que: / - Exclusivo con tus Tarjetas de Crédito y Débito Santander. / - Válido en ecook.cl / - No acumulable a otras promociones. / - Ingresa los 6 primeros dígitos de tu Tarjeta como código de descuento. / - Sin tope de descuento.
Santander;Dominó;40% dcto. todos los martes.;40;Sin tope;Martes;;Las Condes, La Reina, Providencia, Vitacura, Santiago, Ñuñoa, Peñalolén, Macul, Recoleta, La Florida, Huechuraba, Puente Alto, Maipú, Independencia, Viña del Mar, Puerto Montt, Antofagasta, Concepción;Exclusivo con tus Tarjetas de Crédito y Débito Santander.;Presencial y online;Metropolitana, Valparaíso, Los Lagos, Antofagasta, Bío-Bío;Hasta el 30 de septiembre de 2026.;https://banco.santander.cl/beneficios/promociones/domino-2;"¡Los martes ahora son Dinámicos! / Recuerda que: / - Exclusivo con tus Tarjetas de Crédito y Débito Santander. / - Válido todos los martes en la App Club Dominó y 20% dcto. en locales. / - Para compras en la App Club Dominó: Selecciona tu pedido &gt; Cupones y Promos &gt; Promos &gt; Ingresa tu código Promocional (ingresando los 6 primeros dígitos de tu tarjeta) &gt; Banco Santander / - Para compras presenciales: Pide tu descuento al momento de pagar con tus Tarjetas Santander. / - Sin tope de descuento. / - Excluye locales de aeropuerto. / - No acumulable a otras promociones."
Santander;CuracaRibs;40% dcto. todos lunes online.;40;$40.000;Lunes;;La Florida, Cerrillos, Las Condes, Providencia, Huechuraba, Curacaví;Exclusivo con tus Tarjetas de Crédito Santander.;Online / delivery;Metropolitana;Hasta el 30 de septiembre de 2026.;https://banco.santander.cl/beneficios/promociones/curacaribs-4;"¡Disfruta carnes ahumadas 100% a leña! / Recuerda que: / - Exclusivo con tus Tarjetas de Crédito Santander. / - Válido en www.curacaribs.cl / - Selecciona el medio de pago &quot;Tarjetas de Crédito Santander / Promo 40% día Lunes&quot; / - No acumulable a otras promociones. / - Descuento máximo por pedido de $40.000."
Santander;Sakura;40% dcto. en Rolls todos los viernes.;40;$40.000;Viernes;;Las Condes, Lo Barnechea, Ñuñoa, Vitacura, La Reina;Exclusivo con tus Tarjetas de Crédito y Débito Santander.;Presencial y online;Metropolitana;Hasta el 30 de septiembre de 2026.;https://banco.santander.cl/beneficios/promociones/sakura-4;¡Mucho más que sushi! / Recuerda que: / - Exclusivo con tus Tarjetas de Crédito y Débito Santander. / - Válido en locales, www.sakura.cl / - Tope dcto. $40.000. / - Para compras con despacho el monto mínimo es de $12.000. / - Exclusivo en categorías de Rolls y Hosomaki. / - Excluye combinaciones, Bento Box. / - No válida en días feriados. / - No acumulable a otras promociones. / - Ingresa los 6 primeros dígitos de tu Tarjeta como código de descuento.
Santander;Corrales del Sur;30% dcto. todos los jueves.;30;$100.000;Jueves;;Vitacura, Providencia, Peñalolén, Osorno, Puerto Varas;Exclusivo con tus Tarjetas de Crédito WorldMember Limited Santander LATAM Pass.;Presencial y online;Metropolitana, Los Lagos;Hasta el 30 de septiembre de 2026;https://banco.santander.cl/beneficios/promociones/corrales-del-sur-3;¡El mejor Angus nacional en Corrales del Sur! / Recuerda que: / - Exclusivo con tus Tarjetas de Crédito WorldMember Limited Santander LATAM Pass. / - Válido para consumo en local y en www.corralesdelsur.cl. / - Exclusivo en carnes Corrales del Sur y embutidos. / - No acumulable a otras promociones. / - Ingresa los primeros 6 dígitos de tu Tarjeta como código de descuento. / - Descuento máximo por pedido de $100.000.
Santander;Burger King;40% dcto. todos los jueves.;40;$15.000;Jueves;;Las Condes, Santiago, La Reina, Providencia, Vitacura, Ñuñoa, Peñalolén, Macul, Huechuraba, Lo Barnechea, Independencia, San Miguel, La Florida, Maipú, Quilicura;"Exclusivo con tus Tarjetas de Crédito Santander y Débito Santander.; Para hacer efectivo el descuento debe ser solicitado mostrando y pagando con tus Tarjetas Santander.";;Metropolitana;Hasta el 30 de septiembre de 2026.;https://banco.santander.cl/beneficios/promociones/burger-king-2;¡Disfruta las mejores burger a la parrilla, desde 1954! / Recuerda que: / - Exclusivo con tus Tarjetas de Crédito Santander y Débito Santander. / - Válido en Autoking y locales, exclusivamente en mesones, no aplica a tótem de autoservicio. / - Descuento no aplica para productos en promociones o con descuentos. / - Por compras mínimas de $3.000 y tope descuento de $15.000. / - Para hacer efectivo el descuento debe ser solicitado mostrando y pagando con tus Tarjetas Santander.
Santander;Piegari;40% dcto. todos los miercoles.;40;$100.000;Miércoles;;"Nueva Costanera 4092, Vitacura; Vitacura";Exclusivo con tus Tarjetas de Crédito WorldMember Limited Santander LATAM Pass.;Presencial;Metropolitana;Hasta el 30 de septiembre de 2026;https://banco.santander.cl/beneficios/promociones/piegari-2;¡Cocina italiana tradicional! / Recuerda que:  / - Exclusivo con tus Tarjetas de Crédito WorldMember Limited Santander LATAM Pass. / - Válido para consumo en local. / - Nueva Costanera 4092, Vitacura. / - No acumulable a otras promociones. / - Pide tu descuento al momento de pagar. / - Tope de descuento $100.000. / - Se excluyen propinas, menús, happy hours.
Santander;Melt Pizzas;40% dcto. todos los martes.;40;$40.000;Martes;;La Reina, Vitacura, Santiago, Las Condes, Providencia, Peñalolén, Recoleta, Huechuraba, Lo Barnechea, San Miguel, La Florida, Puente Alto, Ñuñoa, ;Exclusivo con tus Tarjetas de Crédito y Débito Santander.;Presencial y online;Metropolitana, Maule, O'Higgins, Bío-Bío, Antofagasta, Valparaíso, La Araucanía;Hasta el 30 de septiembre de 2026.;https://banco.santander.cl/beneficios/promociones/melt;¡Las mejores pizzas están en Melt! Arma tu pizza como más te guste. / Recuerda que: / - Exclusivo con tus Tarjetas de Crédito y Débito Santander. / - Válido en locales, App MELT y en www.meltpizzas.com / - No acumulable a otras promociones. / - Ingresa los 6 primeros dígitos de tu Tarjeta como código de descuento. / - Excluye productos de las categorías Promos, bebidas, Holy Cheese y precios promocionales. / - Tope dcto. $40.000.
Santander;Aquality;40% dcto. todos los martes y acumula 1 Milla LATAM Pass adicional;40;$100.000;Martes;;;Exclusivo con tus Tarjetas de Crédito WorldMember Limited Santander LATAM Pass.;Online / delivery;Metropolitana;Hasta el 30 de septiembre de 2026;https://banco.santander.cl/beneficios/promociones/aquality-3;¡Compra pescados y mariscos congelados de calidad superior! Además, acumula 1 Milla LATAM Pass adicional del 01 al 07 de cada mes. / Recuerda que: / - Exclusivo con tus Tarjetas de Crédito WorldMember Limited Santander LATAM Pass. / - Válido en www.aqualitysoluciones.cl / - No acumulable a otras promociones. / - Ingresando los 6 primeros dígitos de tu Tarjeta como código de descuento. / - Despacho aplica en Región Metropolitana y Punto de retiro aplica en Chicureo y Concón. / - Descuento máximo por pedido de $100.000.
Santander;Al Pesto;40% dcto. todos los martes.;40;$40.000;Martes;;Colina;Exclusivo con tus Tarjetas de Crédito Santander.Válido para consumo en local.Boulevard Los Ingleses, Av. Chicureo Km 2, Colina.No acumulable a otras promociones.Pide tu descuento al momento de pagar.Descuento máximo por pedido de $40.000Se excluyen propinas, menús, happy hours.;Presencial;Metropolitana;Hasta el 30 de septiembre de 2026.;https://banco.santander.cl/beneficios/promociones/al-pesto;¡Disfruta las delicias culinarias y tendencias italianas auténticas! / Recuerda que:  / Exclusivo con tus Tarjetas de Crédito Santander.Válido para consumo en local.Boulevard Los Ingleses, Av. Chicureo Km 2, Colina.No acumulable a otras promociones.Pide tu descuento al momento de pagar.Descuento máximo por pedido de $40.000Se excluyen propinas, menús, happy hours.
