banco;comercio;tipo;descuento;descuento_pct;tope;dias;horario;lugares;tarjetas;modalidad;region;vigencia;url;condiciones
BCI;Güeros;Auténtica cocina mexicana para disfrutar;40% dcto · Todos los viernes;40;$40.000;Jueves, Viernes;;Güeros, Providencia;Exclusivo con tus tarjetas de Crédito Bci.;Presencial;Región Metropolitana;2026-08-01 → 2026-11-01;https://www.bci.cl/beneficios/beneficios-bci/detalle/autentica-cocina-mexicana-para-disfrutar-30hr9m;40% de descuento con tope de $40.000 al momento de pagar en el comercio.  / Para hacer efectivo el descuento Bci, debes solicitarlo en el restaurante antes de realizar la compra. / Descuento no aplica sobre el costo de propina. / No acumulable con otras promociones y/o descuentos.  / Se excluyen de este beneficio Tarjetas de Crédito Corporate, tarjetas emitidas por filiales y sociedades de apoyo al giro de Bci, como Tarjeta Líder Bci. /  / Legal: 40% de descuento en el total de la cuenta, con tope de $40.000 pagando con Tarjetas de Crédito Bci. Válido solo para compras presenciales, no se consideran las compras a través de otros canales. Para hacer efectivo el descuento, debes solicitarlo al momento de pedir la cuenta. Este beneficio se podrá utilizar solo una vez al día y no es acumulable con otras promociones y/o descuentos. Descuento no aplica sobre el costo de propina. El beneficio se aplica de manera presencial según la disponibilidad de cada comercio. Los precios, calidad, estado y entrega de los productos y servicios ofrecidos son de exclusiva responsabilidad de los comercios adheridos, sin responsabilidad alguna de Bci en ello ni en la ulterior atención que se demande. Se excluyen de este beneficio Tarjetas de Crédito Corporate, tarjetas emitidas por filiales y sociedades de apoyo al giro de Bci, como Tarjeta  MACH y Lider Bci.
BCI;Marriott;AC Kitchen - Hotel Santiago Cenco Costanera;40% dcto · Todos los jueves;40;$100.000;Jueves;;Marriott, Metropolitana;Exclusivo con tus tarjetas de Crédito Bci Mastercard Black, Visa Signature y Visa Infinite;Presencial;Región Metropolitana;2026-10-01 → 2026-11-01;https://www.bci.cl/beneficios/beneficios-bci/detalle/ac-kitchen-hotel-santiago-cenco-costanera-e0dwk7q;40% de descuento con tope de $100.000 y una cortesía de regalo pagando con tus Tarjetas de Crédito Bci Mastercard Black, Visa Signature y Visa Infinte. / Para hacer efectivo el descuento Bci, debes solicitarlo en el restaurante antes de realizar la compra. / Descuento no aplica sobre el costo de propina. / No acumulable con otras promociones y/o descuentos.  / Se excluyen de este beneficio Tarjetas de Crédito Corporate, tarjetas emitidas por filiales y sociedades de apoyo al giro de Bci, como Tarjeta Líder Bci. /  / Legal: 40% de descuento en el total de la cuenta, con tope de $100.000 y una cortesía de regalo pagando con tus Tarjetas de Crédito Bci Mastercard Black, Visa Signature y Visa Infinte. Válido solo para compras presenciales, no se consideran las compras a través de otros canales. Para hacer efectivo el descuento, debes solicitarlo al momento de pedir la cuenta. Este beneficio se podrá utilizar solo una vez al día y no es acumulable con otras promociones y/o descuentos. Descuento no aplica sobre el costo de propina. El beneficio se aplica de manera presencial según la disponibilidad de cada comercio. Los precios, calidad, estado y entrega de los productos y servicios ofrecidos son de exclusiva responsabilidad de los comercios adheridos, sin responsabilidad alguna de Bci en ello ni en la ulterior atención que se demande. Se excluyen de este beneficio Tarjetas de Crédito Corporate, tarjetas emitidas por filiales y sociedades de apoyo al giro de Bci, como Tarjeta  MACH y Lider Bci.
BCI;Marriott;Akun Bar - Las Condes desde las 16.00 hrs;40% dcto · Todos los viernes;40;$100.000;Viernes;Akun Bar - Las Condes desde las 16.00 hrs;Marriott, Las Condes;Exclusivo con tus tarjetas de Crédito Bci.;Presencial;Región Metropolitana;2026-10-01 → 2026-11-01;https://www.bci.cl/beneficios/beneficios-bci/detalle/akun-bar-las-condes-desde-las-16.00-hrs-xcn7fog;40% de descuento con tope de $100.000 pagando con tus Tarjetas de Crédito Bci.  / Pagando con tu Tarjeta de Crédito Bci Mastercard Black, Visa Signature y Visa Infinte tendrás una cortesía de regalo. / Para hacer efectivo el descuento Bci, debes solicitarlo en el restaurante antes de realizar la compra. / Descuento no aplica sobre el costo de propina. / No acumulable con otras promociones y/o descuentos.  / Se excluyen de este beneficio Tarjetas de Crédito Corporate, tarjetas emitidas por filiales y sociedades de apoyo al giro de Bci, como Tarjeta Líder Bci. /  / Legal: 40% de descuento en el total de la cuenta, con tope de $100.000 pagando con Tarjetas de Crédito Bci. Promoción incluye una cortesía de regalo pagando con tus Tarjetas de Crédito Bci Mastercard Black, Visa Signature y Visa Infinte. Válido solo para compras presenciales, no se consideran las compras a través de otros canales. Para hacer efectivo el descuento, debes solicitarlo al momento de pedir la cuenta. Este beneficio se podrá utilizar solo una vez al día y no es acumulable con otras promociones y/o descuentos. Descuento no aplica sobre el costo de propina. El beneficio se aplica de manera presencial según la disponibilidad de cada comercio. Los precios, calidad, estado y entrega de los productos y servicios ofrecidos son de exclusiva responsabilidad de los comercios adheridos, sin responsabilidad alguna de Bci en ello ni en la ulterior atención que se demande. Se excluyen de este beneficio Tarjetas de Crédito Corporate, tarjetas emitidas por filiales y sociedades de apoyo al giro de Bci, como Tarjeta  MACH y Lider Bci.
BCI;Antonella Bar;Las Condes y Vitacura;20% dcto · Lu - Ma - Mi - Do;20;Sin tope;Lunes, Martes, Miércoles, Domingo;;;Exclusivo con tus tarjetas de Crédito o Débito Bci.;;;2026-10-01 → 2026-10-31;https://www.bci.cl/beneficios/beneficios-bci/detalle/las-condes-y-vitacura-mnqaxi;20% de descuento sin tope al momento de pagar en el comercio.  / Para hacer efectivo el descuento Bci, debes solicitarlo en el restaurante antes de realizar la compra. / Descuento no aplica sobre el costo de propina. / No acumulable con otras promociones y/o descuentos.  / Se excluyen de este beneficio Tarjetas de Crédito Corporate, tarjetas emitidas por filiales y sociedades de apoyo al giro de Bci, como Tarjeta Líder Bci. /  / Legal: 20% de descuento pagando con Tarjetas de Débito y Crédito Bci sin tope. Válido solo para compras presenciales, no se consideran las compras a través de otros canales. Para hacer efectivo el descuento, debes solicitarlo al momento de pedir la cuenta. Este beneficio se podrá utilizar solo una vez al día y no es acumulable con otras promociones y/o descuentos. Descuento no aplica sobre el costo de propina. El beneficio se aplica de manera presencial según la disponibilidad de cada comercio. Los precios, calidad, estado y entrega de los productos y servicios ofrecidos son de exclusiva responsabilidad de los comercios adheridos, sin responsabilidad alguna de Bci en ello ni en la ulterior atención que se demande. Se excluyen de este beneficio Tarjetas de Crédito Corporate, tarjetas emitidas por filiales y sociedades de apoyo al giro de Bci, como Tarjeta MACH y Lider Bci.
BCI;App McDonalds;En tu App de McDonalds;40% dcto · Todos los martes;40;Sin tope;Martes;;;Exclusivo con tus Tarjetas de Crédito o Débito Bci.;Online;;2026-01-01 → 2027-01-01;https://www.bci.cl/beneficios/beneficios-bci/detalle/todos-los-martes-en-tu-app-de-mcdonalds-nf4vg4m;40% de descuento sin tope todos los martes en la App McDonald’s, con una compra mínimas de $12.000, pagando con Tarjetas de Crédito Bci, MACHBANK y Lider Bci por la App de McDonald's, y 20% de descuento sin tope todos los martes en la App McDonald´s, con una compra mínima de $12.000, pagando con Tarjetas de Débito Bci, MACHBANK y Tarjeta Prepago MACHBANK. Aplica en pedidos a través de la App para retiro en Locales, consumo en Locales y Delivery propio de McDonald's. No acumulable con otras ofertas, descuentos y/o promociones. /  / Legal: Descuento sobre el total de la compra, en compras mínimas de $12.000, pagando con Tarjetas de crédito Bci, MACHBANK y Lider Bci y Tarjetas de Débito Bci, MACHBANK y Tarjeta Prepago MACHBANK a través de la App McDonald's con tarjeta enrolada en la App para aplicar descuento. Aplica para pedidos a través de la App para retiro en Locales, consumo en Locales y pedidos por Delivery propio de McDonald's. Promoción válida solo para clientes personas naturales. No acumulable con otras ofertas, descuentos y/o promociones. La entrega de los bienes y la prestación de servicios no bancarios ofrecidos, como asimismo los descuentos en el comercio, son de exclusiva responsabilidad de McDonald's, no cabiéndole al Banco intervención alguna en su entrega o en la ulterior atención que ellos demanden. Infórmese sobre la garantía estatal de los depósitos en su banco o en www.sbif.cl en su entrega o en la ulterior atención que ellos demanden.
BCI;Sushi & Burger Home;Vina del Mar - Renaca;40% dcto · Todos los jueves;40;$40.000;Jueves;;Sushi & Burger Home, Viña del mar;Exclusivo con tus tarjetas de Crédito Bci.;Presencial;;2026-08-01 → 2026-11-01;https://www.bci.cl/beneficios/beneficios-bci/detalle/el-mejor-mix-entre-sushi-y-hamburguesas-en-vina-del-mar-y-renaca-mls6vq8;40% de descuento con tope de $40.000 al momento de pagar en el comercio.  / Para hacer efectivo el descuento Bci, debes solicitarlo en el restaurante antes de realizar la compra. / Descuento no aplica sobre el costo de propina. / No acumulable con otras promociones y/o descuentos.  / Se excluyen de este beneficio Tarjetas de Crédito Corporate, tarjetas emitidas por filiales y sociedades de apoyo al giro de Bci, como Tarjeta Líder Bci. /  / Legal: 40% de descuento en el total de la cuenta, con tope de $40.000 pagando con Tarjetas de Crédito Bci. Válido solo para compras presenciales, no se consideran las compras a través de otros canales. Para hacer efectivo el descuento, debes solicitarlo al momento de pedir la cuenta. Este beneficio se podrá utilizar solo una vez al día y no es acumulable con otras promociones y/o descuentos. Descuento no aplica sobre el costo de propina. El beneficio se aplica de manera presencial según la disponibilidad de cada comercio. Los precios, calidad, estado y entrega de los productos y servicios ofrecidos son de exclusiva responsabilidad de los comercios adheridos, sin responsabilidad alguna de Bci en ello ni en la ulterior atención que se demande. Se excluyen de este beneficio Tarjetas de Crédito Corporate, tarjetas emitidas por filiales y sociedades de apoyo al giro de Bci, como Tarjeta  MACH y Lider Bci.
BCI;Guayaquil Fusión;;20% dcto · Todos los domingos;20;$40.000;Domingo;;Guayaquil Fusión, Las Condes;Exclusivo con tus tarjetas de Crédito o Débito Bci.;Presencial;Región Metropolitana;2026-09-02 → 2026-11-01;https://www.bci.cl/beneficios/beneficios-bci/detalle/disfruta-el-domingo-xwh6yec;20% de descuento al momento de pagar en el comercio. Tope $40.000. / Para hacer efectivo el descuento Bci, debes solicitarlo en el restaurante antes de realizar la compra. / Descuento no aplica sobre el costo de propina. / No acumulable con otras promociones y/o descuentos.  / Se excluyen de este beneficio Tarjetas de Crédito Corporate, tarjetas emitidas por filiales y sociedades de apoyo al giro de Bci, como Tarjeta Líder Bci. /  / Legal: 20% de descuento pagando con Tarjetas de Débito y Crédito Bci, Tope $40.000 por cliente al día. Válido solo para compras presenciales, no se consideran las compras a través de otros canales. Para hacer efectivo el descuento, debes solicitarlo al momento de pedir la cuenta. Este beneficio se podrá utilizar solo una vez al día y no es acumulable con otras promociones y/o descuentos. Descuento no aplica sobre el costo de propina. El beneficio se aplica de manera presencial según la disponibilidad de cada comercio. Los precios, calidad, estado y entrega de los productos y servicios ofrecidos son de exclusiva responsabilidad de los comercios adheridos, sin responsabilidad alguna de Bci en ello ni en la ulterior atención que se demande. Se excluyen de este beneficio Tarjetas de Crédito Corporate, tarjetas emitidas por filiales y sociedades de apoyo al giro de Bci, como Tarjeta MACH y Lider Bci.
BCI;Jeró Bistró;;20% dcto · Todos los viernes;20;$40.000;Viernes;;Jeró Bistró, Maitencillo;Exclusivo con tus tarjetas de Crédito o Débito Bci.;Presencial;;2026-10-07 → 2026-11-01;https://www.bci.cl/beneficios/beneficios-bci/detalle/viernes-maitencillo-8fks8lm;20% de descuento con tope de $40.000 por cliente al día. / Para hacer efectivo el descuento Bci, debes solicitarlo en el restaurante antes de realizar la compra. / Descuento no aplica sobre el costo de propina. / No acumulable con otras promociones y/o descuentos.  / Se excluyen de este beneficio Tarjetas de Crédito Corporate, tarjetas emitidas por filiales y sociedades de apoyo al giro de Bci, como Tarjeta Líder Bci. /  / Legal: 20% de descuento pagando con Tarjetas de Débito y Crédito Bci, con un tope de $40.000 por cliente al día. Válido solo para compras presenciales, no se consideran las compras a través de otros canales. Para hacer efectivo el descuento, debes solicitarlo al momento de pedir la cuenta. Este beneficio se podrá utilizar solo una vez al día y no es acumulable con otras promociones y/o descuentos. Descuento no aplica sobre el costo de propina. El beneficio se aplica de manera presencial según la disponibilidad de cada comercio. Los precios, calidad, estado y entrega de los productos y servicios ofrecidos son de exclusiva responsabilidad de los comercios adheridos, sin responsabilidad alguna de Bci en ello ni en la ulterior atención que se demande. Se excluyen de este beneficio Tarjetas de Crédito Corporate, tarjetas emitidas por filiales y sociedades de apoyo al giro de Bci, como Tarjeta MACH y Lider Bci.
BCI;KFC;Combo Chicken Share Mixto;30% dcto · Todos los lunes;30;;Lunes;;;Exclusivo con tus tarjetas de Crédito o Débito Bci.;Presencial;;2026-01-01 → 2027-01-01;https://www.bci.cl/beneficios/beneficios-bci/detalle/todos-los-lunes-en-combo-chicken-share-alitas-us5tjzf;Promoción valida todos los lunes en todas las tiendas KFC Chile hasta el 31 de diciembre 2026. Incluye 30% dcto en el producto Combo Chicken Share Mixto (4 Strips, 4 Alitas, 2 Papas y 2 Bebidas Regulares), pagando con tarjetas de Débito o Crédito Banco BCI. Para hacer valido el beneficio se debe solicitar el descuento antes de pagar. Imágenes referenciales igual a la especificación del contenido. El valor de este producto puede variar por tienda y/o región. No acumulable con otras promociones y/o descuentos. /  / Legal: Promoción valida todos los lunes en todas las tiendas KFC Chile hasta el 31 de diciembre 2026. Incluye 30% dcto en el producto Combo Chicken Share Mixto (4 Strips, 4 Alitas, 2 Papas y 2 Bebidas Regulares), pagando con tarjetas de Débito o Crédito Banco BCI. Para hacer valido el beneficio se debe solicitar el descuento antes de pagar. Imágenes referenciales igual a la especificación del contenido. El valor de este producto puede variar por tienda y/o región. No acumulable con otras promociones y/o descuentos.
BCI;China Wok;;30% dcto · Todos los miércoles;30;;Miércoles;;;Exclusivo con tus Tarjetas de Crédito o Débito Bci.;;;2026-01-01 → 2027-01-01;https://www.bci.cl/beneficios/beneficios-bci/detalle/todos-los-miercoles-en-combo-wok-1-pollo-tereyaki-kr43pym;30% de dcto todos los miércoles en tu combo Wok 1: Pollo Teriyaki (incluye una guarnición y bebida), en locales ChinaWok presencial, pagando con tus tarjetas de Débito o Crédito Bci.  Para hacer válido el beneficio se debe solicitar el descuento antes de pagar. /  / Legal: 30% de dcto todos los miércoles en tu combo Wok 1: Pollo Teriyaki (incluye una guarnición y bebida), en locales ChinaWok presencial, pagando con tus tarjetas de Débito o Crédito Bci.  Para hacer válido el beneficio se debe solicitar el descuento antes de pagar.
BCI;Wendys;;30% dcto · Todos los miércoles;30;;Miércoles;;;Exclusivo con tus Tarjetas de Crédito o Débito Bci.;;;2026-01-01 → 2027-01-01;https://www.bci.cl/beneficios/beneficios-bci/detalle/todos-los-miercoles-en-combo-boconator-doble-zqw9icg;Obtén un 30% de dcto todos los miércoles en tu combo Baconator doble presencial en locales Wendys Chile. Descuento válido presentando esta promoción y pagando con tus  Tarjetas de Débito o Crédito Bci. /  / Legal: Descuento no acumulable con otras promociones vigentes. Válido por todos los miércoles de Octubre 2025. Descuento válido solo en Combo Baconator Doble utilizando esta comunicación en caja y realizando el pago con tus Tarjetas de Crédito y Débito de Bci. Un uso por usuario el día de promoción. No incluye costo de envío y la promoción es válida solo de forma presencial. Infórmate sobre la garantía estatal de los depósitos en tu banco y las entidades autorizadas para emitir tarjetas de pago en Chile. Revisa quienes se encuentran inscritas en los Registros de Emisores de Tarjetas en www.cmfchile.cl. Los productos y servicios no bancarios adquiridos son de exclusiva responsabilidad de los proveedores de los mismos, no cabiéndole al banco intervención alguna en su entrega o en la ulterior atención que ellos demanden.
BCI;Restaurante República de Arica;;20% dcto · Lunes y jueves;20;$40.000;Lunes, Jueves;;Restaurante República de Arica, Arica y Parinacota;Exclusivo con tus tarjetas de Crédito o Débito Bci;Presencial;Región Arica y Parinacota;2026-01-01 → 2026-11-01;https://www.bci.cl/beneficios/beneficios-bci/detalle/lunes-y-jueves-arica-xqpmh7;20% de descuento con tope de $40.000 por cliente al día. / Para hacer efectivo el descuento Bci, debes solicitarlo en el restaurante antes de realizar la compra. / Descuento no aplica sobre el costo de propina. / No acumulable con otras promociones y/o descuentos.  / Se excluyen de este beneficio Tarjetas de Crédito Corporate, tarjetas emitidas por filiales y sociedades de apoyo al giro de Bci, como Tarjeta Líder Bci. /  / Legal: 20% de descuento pagando con Tarjetas de Débito y Crédito Bci, con un tope de $40.000 por cliente al día. Válido solo para compras presenciales, no se consideran las compras a través de otros canales. Para hacer efectivo el descuento, debes solicitarlo al momento de pedir la cuenta. Este beneficio se podrá utilizar solo una vez al día y no es acumulable con otras promociones y/o descuentos. Descuento no aplica sobre el costo de propina. El beneficio se aplica de manera presencial según la disponibilidad de cada comercio. Los precios, calidad, estado y entrega de los productos y servicios ofrecidos son de exclusiva responsabilidad de los comercios adheridos, sin responsabilidad alguna de Bci en ello ni en la ulterior atención que se demande. Se excluyen de este beneficio Tarjetas de Crédito Corporate, tarjetas emitidas por filiales y sociedades de apoyo al giro de Bci, como Tarjeta MACH y Lider Bci.
BCI;Pastamore;;20% dcto · Todos los martes;20;$20.000;Martes;;Pastamore, Vitacura;Exclusivo con tus tarjetas de Crédito o Débito Bci.;Presencial;Región Metropolitana;2026-05-01 → 2026-11-01;https://www.bci.cl/beneficios/beneficios-bci/detalle/todos-los-martes-2vsvst;20% de descuento con tope de $20.000 por cliente al día. / Para hacer efectivo el descuento Bci, debes solicitarlo en el restaurante antes de realizar la compra. / Descuento no aplica sobre el costo de propina. / No acumulable con otras promociones y/o descuentos.  / Se excluyen de este beneficio Tarjetas de Crédito Corporate, tarjetas emitidas por filiales y sociedades de apoyo al giro de Bci, como Tarjeta Líder Bci. /  / Legal: 20% de descuento pagando con Tarjetas de Débito y Crédito Bci con un tope de $20.000 por cliente al día. Válido solo para compras presenciales, no se consideran las compras a través de otros canales. Para hacer efectivo el descuento, debes solicitarlo al momento de pedir la cuenta. Este beneficio se podrá utilizar solo una vez al día y no es acumulable con otras promociones y/o descuentos. Descuento no aplica sobre el costo de propina. El beneficio se aplica de manera presencial según la disponibilidad de cada comercio. Los precios, calidad, estado y entrega de los productos y servicios ofrecidos son de exclusiva responsabilidad de los comercios adheridos, sin responsabilidad alguna de Bci en ello ni en la ulterior atención que se demande. Se excluyen de este beneficio Tarjetas de Crédito Corporate, tarjetas emitidas por filiales y sociedades de apoyo al giro de Bci, como Tarjeta MACH y Lider Bci.
BCI;Danubio Azul;;40% dcto · Todos los miércoles;40;$40.000;Miércoles;;Danubio Azul, Las Condes;Exclusivo con tus tarjetas de Crédito Bci.;Presencial;Región Metropolitana;2026-06-01 → 2026-11-01;https://www.bci.cl/beneficios/beneficios-bci/detalle/miercoles-las-condes-0e21ts;40% de descuento con tope de $40.000 al momento de pagar en el comercio.  / Para hacer efectivo el descuento Bci, debes solicitarlo en el restaurante antes de realizar la compra. / Descuento no aplica sobre el costo de propina. / No acumulable con otras promociones y/o descuentos.  / Se excluyen de este beneficio Tarjetas de Crédito Corporate, tarjetas emitidas por filiales y sociedades de apoyo al giro de Bci, como Tarjeta Líder Bci. /  / Legal: 40% de descuento en el total de la cuenta, con tope de $40.000 pagando con Tarjetas de Crédito Bci. Válido solo para compras presenciales, no se consideran las compras a través de otros canales. Para hacer efectivo el descuento, debes solicitarlo al momento de pedir la cuenta. Este beneficio se podrá utilizar solo una vez al día y no es acumulable con otras promociones y/o descuentos. Descuento no aplica sobre el costo de propina. El beneficio se aplica de manera presencial según la disponibilidad de cada comercio. Los precios, calidad, estado y entrega de los productos y servicios ofrecidos son de exclusiva responsabilidad de los comercios adheridos, sin responsabilidad alguna de Bci en ello ni en la ulterior atención que se demande. Se excluyen de este beneficio Tarjetas de Crédito Corporate, tarjetas emitidas por filiales y sociedades de apoyo al giro de Bci, como Tarjeta  MACH y Lider Bci.
BCI;Blind Bar;Aprovecha en Calama;20% dcto · Martes y miércoles;20;$20.000;Martes, Miércoles;;Blind Bar, Calama;Exclusivo con tus tarjetas de Crédito o Débito Bci.;Presencial;Región Calama;2026-07-01 → 2026-11-01;https://www.bci.cl/beneficios/beneficios-bci/detalle/aprovecha-los-martes-y-miercoles-en-calama-vtspos;20% de descuento con tope de $20.000 por cliente al día. / Para hacer efectivo el descuento Bci, debes solicitarlo en el restaurante antes de realizar la compra. / Descuento no aplica sobre el costo de propina. / No acumulable con otras promociones y/o descuentos.  / Se excluyen de este beneficio Tarjetas de Crédito Corporate, tarjetas emitidas por filiales y sociedades de apoyo al giro de Bci, como Tarjeta Líder Bci. /  / Legal: 20% de descuento pagando con Tarjetas de Débito y Crédito Bci, con un tope de $20.000 por cliente al día. Válido solo para compras presenciales, no se consideran las compras a través de otros canales. Para hacer efectivo el descuento, debes solicitarlo al momento de pedir la cuenta. Este beneficio se podrá utilizar solo una vez al día y no es acumulable con otras promociones y/o descuentos. Descuento no aplica sobre el costo de propina. El beneficio se aplica de manera presencial según la disponibilidad de cada comercio. Los precios, calidad, estado y entrega de los productos y servicios ofrecidos son de exclusiva responsabilidad de los comercios adheridos, sin responsabilidad alguna de Bci en ello ni en la ulterior atención que se demande. Se excluyen de este beneficio Tarjetas de Crédito Corporate, tarjetas emitidas por filiales y sociedades de apoyo al giro de Bci, como Tarjeta MACH y Lider Bci.
BCI;China 365;Lo Barnechea;20% dcto · Lu - Mi - Ju - Vi;20;Sin tope;Lunes, Martes, Miércoles, Jueves, Viernes;;China 365, Lo Barnechea;Exclusivo con tus Tarjetas de Crédito o Débito Bci.;Presencial;Región Metropolitana;2026-07-01 → 2026-10-31;https://www.bci.cl/beneficios/beneficios-bci/detalle/lunes-miercoles-jueves-y-viernes-6uyqhar;20% de descuento sin tope al momento de pagar en el comercio.  / Para hacer efectivo el descuento Bci, debes solicitarlo en el restaurante antes de realizar la compra. / Descuento no aplica sobre el costo de propina. / No acumulable con otras promociones y/o descuentos.  / Se excluyen de este beneficio Tarjetas de Crédito Corporate, tarjetas emitidas por filiales y sociedades de apoyo al giro de Bci, como Tarjeta Líder Bci. /  / Legal: 20% de descuento pagando con Tarjetas de Débito y Crédito Bci sin tope. Válido solo para compras presenciales, no se consideran las compras a través de otros canales. Para hacer efectivo el descuento, debes solicitarlo al momento de pedir la cuenta. Este beneficio se podrá utilizar solo una vez al día y no es acumulable con otras promociones y/o descuentos. Descuento no aplica sobre el costo de propina. El beneficio se aplica de manera presencial según la disponibilidad de cada comercio. Los precios, calidad, estado y entrega de los productos y servicios ofrecidos son de exclusiva responsabilidad de los comercios adheridos, sin responsabilidad alguna de Bci en ello ni en la ulterior atención que se demande. Se excluyen de este beneficio Tarjetas de Crédito Corporate, tarjetas emitidas por filiales y sociedades de apoyo al giro de Bci, como Tarjeta MACH y Lider Bci.
BCI;Danubio Azul;Una experiencia oriental en Las Condes;20% dcto · Lunes, martes y miércoles;20;$40.000;Lunes, Martes, Miércoles;;Danubio Azul, Las Condes;Exclusivo con tus tarjetas de Crédito o Débito Bci.;Presencial;Región Metropolitana;2026-07-01 → 2026-11-01;https://www.bci.cl/beneficios/beneficios-bci/detalle/una-experiencia-oriental-en-las-condes-0mk5lde;20% de descuento con tope de $40.000 por cliente al día. / Para hacer efectivo el descuento Bci, debes solicitarlo en el restaurante antes de realizar la compra. / Descuento no aplica sobre el costo de propina. / No acumulable con otras promociones y/o descuentos.  / Se excluyen de este beneficio Tarjetas de Crédito Corporate, tarjetas emitidas por filiales y sociedades de apoyo al giro de Bci, como Tarjeta Líder Bci. /  / Legal: 20% de descuento pagando con Tarjetas de Débito y Crédito Bci con un tope de $40.000 por cliente al día. Válido solo para compras presenciales, no se consideran las compras a través de otros canales. Para hacer efectivo el descuento, debes solicitarlo al momento de pedir la cuenta. Este beneficio se podrá utilizar solo una vez al día y no es acumulable con otras promociones y/o descuentos. Descuento no aplica sobre el costo de propina. El beneficio se aplica de manera presencial según la disponibilidad de cada comercio. Los precios, calidad, estado y entrega de los productos y servicios ofrecidos son de exclusiva responsabilidad de los comercios adheridos, sin responsabilidad alguna de Bci en ello ni en la ulterior atención que se demande. Se excluyen de este beneficio Tarjetas de Crédito Corporate, tarjetas emitidas por filiales y sociedades de apoyo al giro de Bci, como Tarjeta MACH y Lider Bci.
BCI;Punto País;Disfruta de la mejor comida en Nunoa;20% dcto · Martes y miércoles;20;$100.000;Martes, Miércoles;;Punto País, Ñuñoa;Exclusivo con tus tarjetas de Crédito o Débito Bci.;Presencial;Región Metropolitana;2026-07-01 → 2026-11-01;https://www.bci.cl/beneficios/beneficios-bci/detalle/disfruta-de-la-mejor-comida-en-nunoa-4u5hyp;20% de descuento con tope de $100.000 por cliente al día. / Para hacer efectivo el descuento Bci, debes solicitarlo en el restaurante antes de realizar la compra. / Descuento no aplica sobre el costo de propina. / No acumulable con otras promociones y/o descuentos.  / Se excluyen de este beneficio Tarjetas de Crédito Corporate, tarjetas emitidas por filiales y sociedades de apoyo al giro de Bci, como Tarjeta Líder Bci. /  / Legal: 20% de descuento pagando con Tarjetas de Débito y Crédito Bci con un tope de $100.000 por cliente al día. Válido solo para compras presenciales, no se consideran las compras a través de otros canales. Para hacer efectivo el descuento, debes solicitarlo al momento de pedir la cuenta. Este beneficio se podrá utilizar solo una vez al día y no es acumulable con otras promociones y/o descuentos. Descuento no aplica sobre el costo de propina. El beneficio se aplica de manera presencial según la disponibilidad de cada comercio. Los precios, calidad, estado y entrega de los productos y servicios ofrecidos son de exclusiva responsabilidad de los comercios adheridos, sin responsabilidad alguna de Bci en ello ni en la ulterior atención que se demande. Se excluyen de este beneficio Tarjetas de Crédito Corporate, tarjetas emitidas por filiales y sociedades de apoyo al giro de Bci, como Tarjeta MACH y Lider Bci.
BCI;Qnto restaurante;;20% dcto · Todos los miércoles;20;$20.000;Miércoles;;;Exclusivo con tus tarjetas de Crédito Bci.;Presencial;;2026-07-01 → 2026-11-01;https://www.bci.cl/beneficios/beneficios-bci/detalle/miercoles-concepcion-rs1qwfe;20% de descuento con tope de $20.000 por cliente al día. / Para hacer efectivo el descuento Bci, debes solicitarlo en el restaurante antes de realizar la compra. / Descuento no aplica sobre el costo de propina. / No acumulable con otras promociones y/o descuentos.  / Se excluyen de este beneficio Tarjetas de Crédito Corporate, tarjetas emitidas por filiales y sociedades de apoyo al giro de Bci, como Tarjeta Líder Bci. /  / Legal: 20% de descuento pagando con Tarjetas de Débito y Crédito Bci, con un tope de $20.000 por cliente al día. Válido solo para compras presenciales, no se consideran las compras a través de otros canales. Para hacer efectivo el descuento, debes solicitarlo al momento de pedir la cuenta. Este beneficio se podrá utilizar solo una vez al día y no es acumulable con otras promociones y/o descuentos. Descuento no aplica sobre el costo de propina. El beneficio se aplica de manera presencial según la disponibilidad de cada comercio. Los precios, calidad, estado y entrega de los productos y servicios ofrecidos son de exclusiva responsabilidad de los comercios adheridos, sin responsabilidad alguna de Bci en ello ni en la ulterior atención que se demande. Se excluyen de este beneficio Tarjetas de Crédito Corporate, tarjetas emitidas por filiales y sociedades de apoyo al giro de Bci, como Tarjeta MACH y Lider Bci.
BCI;Restaurante La Fuente Peruana;;20% dcto · Todos los miércoles;20;Sin tope;Miércoles;;Restaurante La Fuente Peruana, Iquique;Exclusivo con tus tarjetas de Crédito o Débito Bci.;Presencial;Región Iquique;2026-07-01 → 2026-11-01;https://www.bci.cl/beneficios/beneficios-bci/detalle/miercoles-iquique-rziahz;20% de descuento sin tope al momento de pagar en el comercio.  / Para hacer efectivo el descuento Bci, debes solicitarlo en el restaurante antes de realizar la compra. / Descuento no aplica sobre el costo de propina. / No acumulable con otras promociones y/o descuentos.  / Se excluyen de este beneficio Tarjetas de Crédito Corporate, tarjetas emitidas por filiales y sociedades de apoyo al giro de Bci, como Tarjeta Líder Bci. /  / Legal: 20% de descuento pagando con Tarjetas de Débito y Crédito Bci, sin tope. Válido solo para compras presenciales, no se consideran las compras a través de otros canales. Para hacer efectivo el descuento, debes solicitarlo al momento de pedir la cuenta. Este beneficio se podrá utilizar solo una vez al día y no es acumulable con otras promociones y/o descuentos. Descuento no aplica sobre el costo de propina. El beneficio se aplica de manera presencial según la disponibilidad de cada comercio. Los precios, calidad, estado y entrega de los productos y servicios ofrecidos son de exclusiva responsabilidad de los comercios adheridos, sin responsabilidad alguna de Bci en ello ni en la ulterior atención que se demande. Se excluyen de este beneficio Tarjetas de Crédito Corporate, tarjetas emitidas por filiales y sociedades de apoyo al giro de Bci, como Tarjeta MACH y Lider Bci.
BCI;Sanguchería Gorilas;;20% dcto · Lunes y martes;20;$30.000;Lunes, Martes;;"Sanguchería Gorilas, Las Condes; Sanguchería Gorilas, Viña del mar; Sanguchería Gorilas, Valparaíso";Exclusivo con tus Tarjetas de Crédito o Débito Bci.;Presencial;Región Metropolitana;2026-07-01 → 2026-11-01;https://www.bci.cl/beneficios/beneficios-bci/detalle/disfruta-los-lunes-y-los-martes-ncif6oh;20% de descuento con tope de $30.000 por cliente al día. / Para hacer efectivo el descuento Bci, debes solicitarlo en el restaurante antes de realizar la compra. / Descuento no aplica sobre el costo de propina. / No acumulable con otras promociones y/o descuentos.  / Se excluyen de este beneficio Tarjetas de Crédito Corporate, tarjetas emitidas por filiales y sociedades de apoyo al giro de Bci, como Tarjeta Líder Bci. /  / Legal: 20% de descuento pagando con Tarjetas de Débito y Crédito Bci con un tope de $30.000 por cliente al día. Válido solo para compras presenciales, no se consideran las compras a través de otros canales. Para hacer efectivo el descuento, debes solicitarlo al momento de pedir la cuenta. Este beneficio se podrá utilizar solo una vez al día y no es acumulable con otras promociones y/o descuentos. Descuento no aplica sobre el costo de propina. El beneficio se aplica de manera presencial según la disponibilidad de cada comercio. Los precios, calidad, estado y entrega de los productos y servicios ofrecidos son de exclusiva responsabilidad de los comercios adheridos, sin responsabilidad alguna de Bci en ello ni en la ulterior atención que se demande. Se excluyen de este beneficio Tarjetas de Crédito Corporate, tarjetas emitidas por filiales y sociedades de apoyo al giro de Bci, como Tarjeta MACH y Lider Bci.
BCI;Amalfi Trattoria Bar;;40% dcto · Todos los miércoles;40;$40.000;Miércoles;;Amalfi Trattoria Bar, Arica y Parinacota;Exclusivo con tus tarjetas de Crédito Bci.;Presencial;Región Arica y Parinacota;2026-08-01 → 2026-11-01;https://www.bci.cl/beneficios/beneficios-bci/detalle/miercoles-arica-gzp7w89;40% de descuento con tope de $40.000 al momento de pagar en el comercio.  / Para hacer efectivo el descuento Bci, debes solicitarlo en el restaurante antes de realizar la compra. / Descuento no aplica sobre el costo de propina. / No acumulable con otras promociones y/o descuentos.  / Se excluyen de este beneficio Tarjetas de Crédito Corporate, tarjetas emitidas por filiales y sociedades de apoyo al giro de Bci, como Tarjeta Líder Bci. /  / Legal: 40% de descuento en el total de la cuenta, con tope de $40.000 pagando con Tarjetas de Crédito Bci, Mastercard Business y Visa Business. Válido solo para compras presenciales, no se consideran las compras a través de otros canales. Para hacer efectivo el descuento, debes solicitarlo al momento de pedir la cuenta. Este beneficio se podrá utilizar solo una vez al día y no es acumulable con otras promociones y/o descuentos. Descuento no aplica sobre el costo de propina. El beneficio se aplica de manera presencial según la disponibilidad de cada comercio. Los precios, calidad, estado y entrega de los productos y servicios ofrecidos son de exclusiva responsabilidad de los comercios adheridos, sin responsabilidad alguna de Bci en ello ni en la ulterior atención que se demande. Se excluyen de este beneficio Tarjetas de Crédito Corporate, tarjetas emitidas por filiales y sociedades de apoyo al giro de Bci, como Tarjeta  MACH y Lider Bci.
BCI;Ambbar Restobar;;40% dcto · Todos los viernes;40;$40.000;Viernes;;Ambbar Restobar, Antofagasta;Exclusivo con tus tarjetas de Crédito Bci.;Presencial;Región Antofagasta;2026-08-01 → 2026-11-01;https://www.bci.cl/beneficios/beneficios-bci/detalle/viernes-antofagasta-u67bnbs;40% de descuento con tope de $40.000 al momento de pagar en el comercio.  / Para hacer efectivo el descuento Bci, debes solicitarlo en el restaurante antes de realizar la compra. / Descuento no aplica sobre el costo de propina. / No acumulable con otras promociones y/o descuentos.  / Se excluyen de este beneficio Tarjetas de Crédito Corporate, tarjetas emitidas por filiales y sociedades de apoyo al giro de Bci, como Tarjeta Líder Bci. /  / Legal: 40% de descuento en el total de la cuenta, con tope de $40.000 pagando con Tarjetas de Crédito Bci. Válido solo para compras presenciales, no se consideran las compras a través de otros canales. Para hacer efectivo el descuento, debes solicitarlo al momento de pedir la cuenta. Este beneficio se podrá utilizar solo una vez al día y no es acumulable con otras promociones y/o descuentos. Descuento no aplica sobre el costo de propina. El beneficio se aplica de manera presencial según la disponibilidad de cada comercio. Los precios, calidad, estado y entrega de los productos y servicios ofrecidos son de exclusiva responsabilidad de los comercios adheridos, sin responsabilidad alguna de Bci en ello ni en la ulterior atención que se demande. Se excluyen de este beneficio Tarjetas de Crédito Corporate, tarjetas emitidas por filiales y sociedades de apoyo al giro de Bci, como Tarjeta  MACH y Lider Bci.
BCI;Bocas del Mar;Para disfrutar tu escapada en Pichilemu;40% dcto · Todos los viernes;40;$40.000;Viernes;;Bocas del Mar, O'higgins;Exclusivo con tus tarjetas de Crédito Bci.;Presencial;Región O'higgins;2026-08-01 → 2026-11-01;https://www.bci.cl/beneficios/beneficios-bci/detalle/para-disfrutar-tu-escapada-en-pichilemu-5fhzh1;40% de descuento con tope de $40.000 al momento de pagar en el comercio.  / Para hacer efectivo el descuento Bci, debes solicitarlo en el restaurante antes de realizar la compra. / Descuento no aplica sobre el costo de propina. / No acumulable con otras promociones y/o descuentos.  / Se excluyen de este beneficio Tarjetas de Crédito Corporate, tarjetas emitidas por filiales y sociedades de apoyo al giro de Bci, como Tarjeta Líder Bci. /  / Legal: 40% de descuento en el total de la cuenta, con tope de $40.000 pagando con Tarjetas de Crédito Bci. Válido solo para compras presenciales, no se consideran las compras a través de otros canales. Para hacer efectivo el descuento, debes solicitarlo al momento de pedir la cuenta. Este beneficio se podrá utilizar solo una vez al día y no es acumulable con otras promociones y/o descuentos. Descuento no aplica sobre el costo de propina. El beneficio se aplica de manera presencial según la disponibilidad de cada comercio. Los precios, calidad, estado y entrega de los productos y servicios ofrecidos son de exclusiva responsabilidad de los comercios adheridos, sin responsabilidad alguna de Bci en ello ni en la ulterior atención que se demande. Se excluyen de este beneficio Tarjetas de Crédito Corporate, tarjetas emitidas por filiales y sociedades de apoyo al giro de Bci, como Tarjeta  MACH y Lider Bci.
BCI;Cuerovaca;;40% dcto · Todos los viernes;40;$40.000;Viernes;;Cuerovaca, Vitacura;Exclusivo con tus Tarjetas de Crédito Bci Mastercard Black, Visa Signature y Visa Infinite;Presencial;Región Metropolitana;2026-08-01 → 2026-11-01;https://www.bci.cl/beneficios/beneficios-bci/detalle/viernes-vitacura-vcbh2s;40% de descuento con tope de $40.000 al momento de pagar en el comercio.  / Para hacer efectivo el descuento Bci, debes solicitarlo en el restaurante antes de realizar la compra. / Descuento no aplica sobre el costo de propina. / No acumulable con otras promociones y/o descuentos.  / Se excluyen de este beneficio Tarjetas de Crédito Corporate, tarjetas emitidas por filiales y sociedades de apoyo al giro de Bci, como Tarjeta Líder Bci. /  / Legal: 40% de descuento en el total de la cuenta, con tope de $40.000 pagando con Tarjetas de Crédito Bci Mastercard Black, Visa Signature y Visa Infinte. Válido solo para compras presenciales, no se consideran las compras a través de otros canales. Para hacer efectivo el descuento, debes solicitarlo al momento de pedir la cuenta. Este beneficio se podrá utilizar solo una vez al día y no es acumulable con otras promociones y/o descuentos. Descuento no aplica sobre el costo de propina. El beneficio se aplica de manera presencial según la disponibilidad de cada comercio. Los precios, calidad, estado y entrega de los productos y servicios ofrecidos son de exclusiva responsabilidad de los comercios adheridos, sin responsabilidad alguna de Bci en ello ni en la ulterior atención que se demande. Se excluyen de este beneficio Tarjetas de Crédito Corporate, tarjetas emitidas por filiales y sociedades de apoyo al giro de Bci, como Tarjeta  MACH y Lider Bci.
BCI;Danés;Variedad de sabores en Las Condes;40% dcto · Todos los lunes;40;$40.000;Lunes;;Danés, Las Condes;Exclusivo con tus tarjetas de Crédito Bci.;Presencial;Región Metropolitana;2026-08-01 → 2026-11-01;https://www.bci.cl/beneficios/beneficios-bci/detalle/variedad-de-sabores-en-las-condes-jpj9xzn;40% de descuento con tope de $40.000 al momento de pagar en el comercio.  / Para hacer efectivo el descuento Bci, debes solicitarlo en el restaurante antes de realizar la compra. / Descuento no aplica sobre el costo de propina. / No acumulable con otras promociones y/o descuentos.  / Se excluyen de este beneficio Tarjetas de Crédito Corporate, tarjetas emitidas por filiales y sociedades de apoyo al giro de Bci, como Tarjeta Líder Bci. /  / Legal: 40% de descuento en el total de la cuenta, con tope de $40.000 pagando con Tarjetas de Crédito Bci. Válido solo para compras presenciales, no se consideran las compras a través de otros canales. Para hacer efectivo el descuento, debes solicitarlo al momento de pedir la cuenta. Este beneficio se podrá utilizar solo una vez al día y no es acumulable con otras promociones y/o descuentos. Descuento no aplica sobre el costo de propina. El beneficio se aplica de manera presencial según la disponibilidad de cada comercio. Los precios, calidad, estado y entrega de los productos y servicios ofrecidos son de exclusiva responsabilidad de los comercios adheridos, sin responsabilidad alguna de Bci en ello ni en la ulterior atención que se demande. Se excluyen de este beneficio Tarjetas de Crédito Corporate, tarjetas emitidas por filiales y sociedades de apoyo al giro de Bci, como Tarjeta  MACH y Lider Bci.
BCI;De Barrio;En Barrio Italia;40% dcto · Lu - Ma - Mi - Ju;40;$40.000;Lunes, Martes, Miércoles, Jueves;;De Barrio, Providencia;Exclusivo con tus tarjetas de Crédito o Débito Bci.;Presencial;Región Metropolitana;2026-08-01 → 2026-11-01;https://www.bci.cl/beneficios/beneficios-bci/detalle/en-barrio-italia-90b5ws9;40% de descuento con tope de $40.000 al momento de pagar en el comercio.  / Para hacer efectivo el descuento Bci, debes solicitarlo en el restaurante antes de realizar la compra. / Descuento no aplica sobre el costo de propina. / No acumulable con otras promociones y/o descuentos.  / Se excluyen de este beneficio Tarjetas de Crédito Corporate, tarjetas emitidas por filiales y sociedades de apoyo al giro de Bci, como Tarjeta Líder Bci. /  / Legal: 40% de descuento en el total de la cuenta, con tope de $40.000 pagando con Tarjetas de Débito y Crédito Bci. Válido solo para compras presenciales, no se consideran las compras a través de otros canales. Para hacer efectivo el descuento, debes solicitarlo al momento de pedir la cuenta. Este beneficio se podrá utilizar solo una vez al día y no es acumulable con otras promociones y/o descuentos. Descuento no aplica sobre el costo de propina. El beneficio se aplica de manera presencial según la disponibilidad de cada comercio. Los precios, calidad, estado y entrega de los productos y servicios ofrecidos son de exclusiva responsabilidad de los comercios adheridos, sin responsabilidad alguna de Bci en ello ni en la ulterior atención que se demande. Se excluyen de este beneficio Tarjetas de Crédito Corporate, tarjetas emitidas por filiales y sociedades de apoyo al giro de Bci, como Tarjeta  MACH y Lider Bci.
BCI;Dominga Bistró;Iquique;40% dcto · Todos los jueves;40;$40.000;Lunes, Jueves;;Dominga Bistró, Iquique;Exclusivo con tus tarjetas de Crédito Bci.;Presencial;Región Iquique;2026-08-01 → 2026-11-01;https://www.bci.cl/beneficios/beneficios-bci/detalle/iquique-7vpw6wt;40% de descuento con tope de $40.000 pagando con tus Tarjetas de Crédito Bci.  / Pagando con tu Tarjeta de Crédito Bci Mastercard Balck, Visa Signature y Visa Infinte tendrás una cortesía de regalo. / Para hacer efectivo el descuento Bci, debes solicitarlo en el restaurante antes de realizar la compra. / Descuento no aplica sobre el costo de propina. / No acumulable con otras promociones y/o descuentos.  / Se excluyen de este beneficio Tarjetas de Crédito Corporate, tarjetas emitidas por filiales y sociedades de apoyo al giro de Bci, como Tarjeta Líder Bci. /  / Legal: 40% de descuento en el total de la cuenta, con tope de $40.000 pagando con Tarjetas de Crédito Bci. Promoción incluye una cortesía de regalo pagando con tu Tarjetas de Crédito Bci Mastercard Black, Visa Signature y Visa Infinte. Válido solo para compras presenciales, no se consideran las compras a través de otros canales. Para hacer efectivo el descuento, debes solicitarlo al momento de pedir la cuenta. Este beneficio se podrá utilizar solo una vez al día y no es acumulable con otras promociones y/o descuentos. Descuento no aplica sobre el costo de propina. El beneficio se aplica de manera presencial según la disponibilidad de cada comercio. Los precios, calidad, estado y entrega de los productos y servicios ofrecidos son de exclusiva responsabilidad de los comercios adheridos, sin responsabilidad alguna de Bci en ello ni en la ulterior atención que se demande. Se excluyen de este beneficio Tarjetas de Crédito Corporate, tarjetas emitidas por filiales y sociedades de apoyo al giro de Bci, como Tarjeta  MACH y Lider Bci.
BCI;Dominga Bistró;Pucón;40% dcto · Todos los lunes;40;$40.000;Lunes;;Dominga Bistró, La Araucanía;Exclusivo con tus tarjetas de Crédito Bci.;Presencial;Región La Araucanía;2026-08-01 → 2026-11-01;https://www.bci.cl/beneficios/beneficios-bci/detalle/pucon-tfusegg;40% de descuento con tope de $40.000 al momento de pagar en el comercio.  / Para hacer efectivo el descuento Bci, debes solicitarlo en el restaurante antes de realizar la compra. / Descuento no aplica sobre el costo de propina. / No acumulable con otras promociones y/o descuentos.  / Se excluyen de este beneficio Tarjetas de Crédito Corporate, tarjetas emitidas por filiales y sociedades de apoyo al giro de Bci, como Tarjeta Líder Bci. /  / Legal: 40% de descuento en el total de la cuenta, con tope de $40.000 pagando con Tarjetas de Crédito Bci. Válido solo para compras presenciales, no se consideran las compras a través de otros canales. Para hacer efectivo el descuento, debes solicitarlo al momento de pedir la cuenta. Este beneficio se podrá utilizar solo una vez al día y no es acumulable con otras promociones y/o descuentos. Descuento no aplica sobre el costo de propina. El beneficio se aplica de manera presencial según la disponibilidad de cada comercio. Los precios, calidad, estado y entrega de los productos y servicios ofrecidos son de exclusiva responsabilidad de los comercios adheridos, sin responsabilidad alguna de Bci en ello ni en la ulterior atención que se demande. Se excluyen de este beneficio Tarjetas de Crédito Corporate, tarjetas emitidas por filiales y sociedades de apoyo al giro de Bci, como Tarjeta  MACH y Lider Bci.
BCI;Dominga Bistró;Valdivia;40% dcto · Todos los lunes;40;$40.000;Lunes;;Dominga Bistró, Los Ríos;Exclusivo con tus tarjetas de Crédito Bci.;Presencial;Región Los Ríos;2026-08-01 → 2026-11-01;https://www.bci.cl/beneficios/beneficios-bci/detalle/valdivia-73pse8t;40% de descuento con tope de $40.000 al momento de pagar en el comercio.  / Para hacer efectivo el descuento Bci, debes solicitarlo en el restaurante antes de realizar la compra. / Descuento no aplica sobre el costo de propina. / No acumulable con otras promociones y/o descuentos.  / Se excluyen de este beneficio Tarjetas de Crédito Corporate, tarjetas emitidas por filiales y sociedades de apoyo al giro de Bci, como Tarjeta Líder Bci. /  / Legal: 40% de descuento en el total de la cuenta, con tope de $40.000 pagando con Tarjetas de Crédito Bci. Válido solo para compras presenciales, no se consideran las compras a través de otros canales. Para hacer efectivo el descuento, debes solicitarlo al momento de pedir la cuenta. Este beneficio se podrá utilizar solo una vez al día y no es acumulable con otras promociones y/o descuentos. Descuento no aplica sobre el costo de propina. El beneficio se aplica de manera presencial según la disponibilidad de cada comercio. Los precios, calidad, estado y entrega de los productos y servicios ofrecidos son de exclusiva responsabilidad de los comercios adheridos, sin responsabilidad alguna de Bci en ello ni en la ulterior atención que se demande. Se excluyen de este beneficio Tarjetas de Crédito Corporate, tarjetas emitidas por filiales y sociedades de apoyo al giro de Bci, como Tarjeta  MACH y Lider Bci.
BCI;Hijo del Inca;La Reina y Providencia;40% dcto · Todos los jueves;40;$40.000;Jueves;;Hijo del Inca, La Reina;Exclusivo con tus tarjetas de Crédito o Débito Bci.;Presencial;Región Metropolitana;2026-08-01 → 2026-11-01;https://www.bci.cl/beneficios/beneficios-bci/detalle/jueves-en-la-reina-y-providencia-3dkodv;40% de descuento con tope de $40.000 al momento de pagar en el comercio.  / Para hacer efectivo el descuento Bci, debes solicitarlo en el restaurante antes de realizar la compra. / Descuento no aplica sobre el costo de propina. / No acumulable con otras promociones y/o descuentos.  / Se excluyen de este beneficio Tarjetas de Crédito Corporate, tarjetas emitidas por filiales y sociedades de apoyo al giro de Bci, como Tarjeta Líder Bci. /  / Legal: 40% de descuento en el total de la cuenta, con tope de $40.000 pagando con Tarjetas de Débito y Crédito Bci. Válido solo para compras presenciales, no se consideran las compras a través de otros canales. Para hacer efectivo el descuento, debes solicitarlo al momento de pedir la cuenta. Este beneficio se podrá utilizar solo una vez al día y no es acumulable con otras promociones y/o descuentos. Descuento no aplica sobre el costo de propina. El beneficio se aplica de manera presencial según la disponibilidad de cada comercio. Los precios, calidad, estado y entrega de los productos y servicios ofrecidos son de exclusiva responsabilidad de los comercios adheridos, sin responsabilidad alguna de Bci en ello ni en la ulterior atención que se demande. Se excluyen de este beneficio Tarjetas de Crédito Corporate, tarjetas emitidas por filiales y sociedades de apoyo al giro de Bci, como Tarjeta  MACH y Lider Bci.
BCI;Impasto Restobar;Providencia;40% dcto · Miércoles y viernes;40;$40.000;Lunes, Miércoles, Viernes;;Impasto Restobar, Providencia;Exclusivo con tus tarjetas de Crédito o Débito Bci.;Presencial;Región Metropolitana;2026-08-01 → 2026-11-01;https://www.bci.cl/beneficios/beneficios-bci/detalle/miercoles-y-viernes-en-providencia-sl3au9a;40% de descuento con tope de $40.000 al momento de pagar en el comercio.  / Para hacer efectivo el descuento Bci, debes solicitarlo en el restaurante antes de realizar la compra. / Descuento no aplica sobre el costo de propina. / No acumulable con otras promociones y/o descuentos.  / Se excluyen de este beneficio Tarjetas de Crédito Corporate, tarjetas emitidas por filiales y sociedades de apoyo al giro de Bci, como Tarjeta Líder Bci. /  / Legal: 40% de descuento en el total de la cuenta, con tope de $40.000 pagando con Tarjetas de Débito y Crédito Bci. Válido solo para compras presenciales, no se consideran las compras a través de otros canales. Para hacer efectivo el descuento, debes solicitarlo al momento de pedir la cuenta. Este beneficio se podrá utilizar solo una vez al día y no es acumulable con otras promociones y/o descuentos. Descuento no aplica sobre el costo de propina. El beneficio se aplica de manera presencial según la disponibilidad de cada comercio. Los precios, calidad, estado y entrega de los productos y servicios ofrecidos son de exclusiva responsabilidad de los comercios adheridos, sin responsabilidad alguna de Bci en ello ni en la ulterior atención que se demande. Se excluyen de este beneficio Tarjetas de Crédito Corporate, tarjetas emitidas por filiales y sociedades de apoyo al giro de Bci, como Tarjeta  MACH y Lider Bci.
BCI;Kanpai;;40% dcto · Todos los martes;40;$40.000;Martes, Jueves;;Kanpai, O'higgins;Exclusivo con tus tarjetas de Crédito Bci.;Presencial;Región O'higgins;2026-08-01 → 2026-11-01;https://www.bci.cl/beneficios/beneficios-bci/detalle/martes-pichilemu-fy8dit;40% de descuento con tope de $40.000 al momento de pagar en el comercio.  / Para hacer efectivo el descuento Bci, debes solicitarlo en el restaurante antes de realizar la compra. / Descuento no aplica sobre el costo de propina. / No acumulable con otras promociones y/o descuentos.  / Se excluyen de este beneficio Tarjetas de Crédito Corporate, tarjetas emitidas por filiales y sociedades de apoyo al giro de Bci, como Tarjeta Líder Bci. /  / Legal: 40% de descuento en el total de la cuenta, con tope de $40.000 pagando con Tarjetas de Crédito Bci. Válido solo para compras presenciales, no se consideran las compras a través de otros canales. Para hacer efectivo el descuento, debes solicitarlo al momento de pedir la cuenta. Este beneficio se podrá utilizar solo una vez al día y no es acumulable con otras promociones y/o descuentos. Descuento no aplica sobre el costo de propina. El beneficio se aplica de manera presencial según la disponibilidad de cada comercio. Los precios, calidad, estado y entrega de los productos y servicios ofrecidos son de exclusiva responsabilidad de los comercios adheridos, sin responsabilidad alguna de Bci en ello ni en la ulterior atención que se demande. Se excluyen de este beneficio Tarjetas de Crédito Corporate, tarjetas emitidas por filiales y sociedades de apoyo al giro de Bci, como Tarjeta  MACH y Lider Bci.
BCI;La Mulata;La mejor cocina fusión peruana en Iquique;40% dcto · Todos los jueves;40;$40.000;Jueves;;La Mulata, Iquique;Exclusivo con tus tarjetas Bci Visa Signature, Visa Infinite y Mastercard Black;Presencial;Región Iquique;2026-08-01 → 2026-11-01;https://www.bci.cl/beneficios/beneficios-bci/detalle/la-mejor-cocina-fusion-peruana-en-iquique-z9gzp3u;40% de descuento con tope de $40.000 al momento de pagar en el comercio.  / Para hacer efectivo el descuento Bci, debes solicitarlo en el restaurante antes de realizar la compra. / Descuento no aplica sobre el costo de propina. /  No acumulable con otras promociones y/o descuentos.  / Se excluyen de este beneficio Tarjetas de Crédito Corporate, tarjetas emitidas por filiales y sociedades de apoyo al giro de Bci, como Tarjeta Líder Bci. /  / Legal: 40% de descuento en el total de la cuenta, con tope de $40.000, pagando con tus Tarjetas de Crédito Bci Mastercard Black, Visa Signature y Visa Infinte. Válido solo para compras presenciales, no se consideran las compras a través de otros canales. Para hacer efectivo el descuento, debes solicitarlo al momento de pedir la cuenta. Este beneficio se podrá utilizar solo una vez al día y no es acumulable con otras promociones y/o descuentos. Descuento no aplica sobre el costo de propina. El beneficio se aplica de manera presencial según la disponibilidad de cada comercio. Los precios, calidad, estado y entrega de los productos y servicios ofrecidos son de exclusiva responsabilidad de los comercios adheridos, sin responsabilidad alguna de Bci en ello ni en la ulterior atención que se demande. Se excluyen de este beneficio Tarjetas de Crédito Corporate, tarjetas emitidas por filiales y sociedades de apoyo al giro de Bci, como Tarjeta MACH y Lider Bci.
BCI;La Santoría;Restaurante de comida Italiana en Providencia;40% dcto · Lunes, martes y domingo;40;$40.000;Lunes, Martes, Domingo;;La Santoría, Providencia;Exclusivo con tus tarjetas de Crédito o Débito Bci.;Presencial;Región Metropolitana;2026-08-01 → 2026-11-01;https://www.bci.cl/beneficios/beneficios-bci/detalle/restaurante-de-comida-italiana-en-providencia-mzi45gr;40% de descuento con tope de $40.000 al momento de pagar en el comercio.  / Para hacer efectivo el descuento Bci, debes solicitarlo en el restaurante antes de realizar la compra. / Descuento no aplica sobre el costo de propina. / No acumulable con otras promociones y/o descuentos.  / Se excluyen de este beneficio Tarjetas de Crédito Corporate, tarjetas emitidas por filiales y sociedades de apoyo al giro de Bci, como Tarjeta Líder Bci. /  / Legal: 40% de descuento en el total de la cuenta, con tope de $40.000 pagando con Tarjetas de Débito y Crédito Bci. Válido solo para compras presenciales, no se consideran las compras a través de otros canales. Para hacer efectivo el descuento, debes solicitarlo al momento de pedir la cuenta. Este beneficio se podrá utilizar solo una vez al día y no es acumulable con otras promociones y/o descuentos. Descuento no aplica sobre el costo de propina. El beneficio se aplica de manera presencial según la disponibilidad de cada comercio. Los precios, calidad, estado y entrega de los productos y servicios ofrecidos son de exclusiva responsabilidad de los comercios adheridos, sin responsabilidad alguna de Bci en ello ni en la ulterior atención que se demande. Se excluyen de este beneficio Tarjetas de Crédito Corporate, tarjetas emitidas por filiales y sociedades de apoyo al giro de Bci, como Tarjeta  MACH y Lider Bci.
BCI;Las Tranqueras;Carnes para disfrutar en Temuco;40% dcto · Todos los miércoles;40;$40.000;Miércoles;;;Exclusivo con tus tarjetas de Crédito Bci.;Presencial;;2026-08-01 → 2026-11-01;https://www.bci.cl/beneficios/beneficios-bci/detalle/carnes-para-disfrutar-en-temuco-ue5qshp;40% de descuento con tope de $40.000 pagando con tus Tarjetas de Crédito Bci.  / Para hacer efectivo el descuento Bci, debes solicitarlo en el restaurante antes de realizar la compra. / Descuento no aplica sobre el costo de propina. / No acumulable con otras promociones y/o descuentos.  / Se excluyen de este beneficio Tarjetas de Crédito Corporate, tarjetas emitidas por filiales y sociedades de apoyo al giro de Bci, como Tarjeta Líder Bci. /  / Legal: 40% de descuento en el total de la cuenta, con tope de $40.000 pagando con Tarjetas de Crédito Bci. Promoción incluye una cortesía de regalo pagando con tu Tarjetas de Crédito Bci Mastercard Black, Visa Signature y Visa Infinte. Válido solo para compras presenciales, no se consideran las compras a través de otros canales. Para hacer efectivo el descuento, debes solicitarlo al momento de pedir la cuenta. Este beneficio se podrá utilizar solo una vez al día y no es acumulable con otras promociones y/o descuentos. Descuento no aplica sobre el costo de propina. El beneficio se aplica de manera presencial según la disponibilidad de cada comercio. Los precios, calidad, estado y entrega de los productos y servicios ofrecidos son de exclusiva responsabilidad de los comercios adheridos, sin responsabilidad alguna de Bci en ello ni en la ulterior atención que se demande. Se excluyen de este beneficio Tarjetas de Crédito Corporate, tarjetas emitidas por filiales y sociedades de apoyo al giro de Bci, como Tarjeta  MACH y Lider Bci.
BCI;Lebol;;20% dcto · Todos los viernes;20;$20.000;Viernes;;;Exclusivo con tus tarjetas de Crédito o Débito Bci.;;;2026-08-01 → 2026-11-01;https://www.bci.cl/beneficios/beneficios-bci/detalle/viernes-concepcion-10k1w7;20% de descuento con tope de $20.000 por cliente al día. / Para hacer efectivo el descuento Bci, debes solicitarlo en el restaurante antes de realizar la compra. / Descuento no aplica sobre el costo de propina. / No acumulable con otras promociones y/o descuentos.  / Se excluyen de este beneficio Tarjetas de Crédito Corporate, tarjetas emitidas por filiales y sociedades de apoyo al giro de Bci, como Tarjeta Líder Bci. /  / Legal: 20% de descuento pagando con Tarjetas de Débito y Crédito Bci, con un tope de $20.000 por cliente al día. Válido solo para compras presenciales, no se consideran las compras a través de otros canales. Para hacer efectivo el descuento, debes solicitarlo al momento de pedir la cuenta. Este beneficio se podrá utilizar solo una vez al día y no es acumulable con otras promociones y/o descuentos. Descuento no aplica sobre el costo de propina. El beneficio se aplica de manera presencial según la disponibilidad de cada comercio. Los precios, calidad, estado y entrega de los productos y servicios ofrecidos son de exclusiva responsabilidad de los comercios adheridos, sin responsabilidad alguna de Bci en ello ni en la ulterior atención que se demande. Se excluyen de este beneficio Tarjetas de Crédito Corporate, tarjetas emitidas por filiales y sociedades de apoyo al giro de Bci, como Tarjeta MACH y Lider Bci.
BCI;Oporto salvaje;;40% dcto · Todos los sábados;40;$40.000;Sábado;;Oporto salvaje, Las Condes;Exclusivo con tus tarjetas de Crédito Bci.;Presencial;Región Metropolitana;2026-08-01 → 2026-11-01;https://www.bci.cl/beneficios/beneficios-bci/detalle/disfruta-todos-los-sabados-en-isidora-goyenechea-zqjlz5x;40% de descuento con tope de $40.000 al momento de pagar en el comercio.  / Para hacer efectivo el descuento Bci, debes solicitarlo en el restaurante antes de realizar la compra. / Descuento no aplica sobre el costo de propina. / No acumulable con otras promociones y/o descuentos.  / Se excluyen de este beneficio Tarjetas de Crédito Corporate, tarjetas emitidas por filiales y sociedades de apoyo al giro de Bci, como Tarjeta Líder Bci. /  / Legal: 40% de descuento en el total de la cuenta, con tope de $40.000 pagando con Tarjetas de Crédito Bci. Válido solo para compras presenciales, no se consideran las compras a través de otros canales. Para hacer efectivo el descuento, debes solicitarlo al momento de pedir la cuenta. Este beneficio se podrá utilizar solo una vez al día y no es acumulable con otras promociones y/o descuentos. Descuento no aplica sobre el costo de propina. El beneficio se aplica de manera presencial según la disponibilidad de cada comercio. Los precios, calidad, estado y entrega de los productos y servicios ofrecidos son de exclusiva responsabilidad de los comercios adheridos, sin responsabilidad alguna de Bci en ello ni en la ulterior atención que se demande. Se excluyen de este beneficio Tarjetas de Crédito Corporate, tarjetas emitidas por filiales y sociedades de apoyo al giro de Bci, como Tarjeta  MACH y Lider Bci.
BCI;Restaurant Travesía;Vina del Mar;20% dcto · Todos los miércoles;20;Sin tope;Miércoles;;Restaurant Travesía, Viña del mar;Exclusivo con tus tarjetas de Crédito o Débito Bci.;Presencial;;2026-08-01 → 2026-11-01;https://www.bci.cl/beneficios/beneficios-bci/detalle/disfruta-los-miercoles-en-vina-del-mar-bxb009j;20% de descuento sin tope al momento de pagar en el comercio.  / Para hacer efectivo el descuento Bci, debes solicitarlo en el restaurante antes de realizar la compra. / Descuento no aplica sobre el costo de propina. / No acumulable con otras promociones y/o descuentos.  / Se excluyen de este beneficio Tarjetas de Crédito Corporate, tarjetas emitidas por filiales y sociedades de apoyo al giro de Bci, como Tarjeta Líder Bci. /  / Legal: 20% de descuento pagando con Tarjetas de Débito y Crédito Bci, sin tope. Válido solo para compras presenciales, no se consideran las compras a través de otros canales. Para hacer efectivo el descuento, debes solicitarlo al momento de pedir la cuenta. Este beneficio se podrá utilizar solo una vez al día y no es acumulable con otras promociones y/o descuentos. Descuento no aplica sobre el costo de propina. El beneficio se aplica de manera presencial según la disponibilidad de cada comercio. Los precios, calidad, estado y entrega de los productos y servicios ofrecidos son de exclusiva responsabilidad de los comercios adheridos, sin responsabilidad alguna de Bci en ello ni en la ulterior atención que se demande. Se excluyen de este beneficio Tarjetas de Crédito Corporate, tarjetas emitidas por filiales y sociedades de apoyo al giro de Bci, como Tarjeta MACH y Lider Bci.
BCI;Sushi Home;Perfecto para salir con amigos en Renaca;40% dcto · Todos los viernes;40;$40.000;Viernes;;Sushi Home, Viña del mar;Exclusivo con tus tarjetas de Crédito Bci.;Presencial;;2026-08-01 → 2026-11-01;https://www.bci.cl/beneficios/beneficios-bci/detalle/perfecto-para-salir-con-amigos-en-renaca-d2nt6kp;40% de descuento con tope de $40.000 al momento de pagar en el comercio.  / Para hacer efectivo el descuento Bci, debes solicitarlo en el restaurante antes de realizar la compra. / Descuento no aplica sobre el costo de propina. / No acumulable con otras promociones y/o descuentos.  / Se excluyen de este beneficio Tarjetas de Crédito Corporate, tarjetas emitidas por filiales y sociedades de apoyo al giro de Bci, como Tarjeta Líder Bci. /  / Legal: 40% de descuento en el total de la cuenta, con tope de $40.000 pagando con Tarjetas de Crédito Bci. Válido solo para compras presenciales, no se consideran las compras a través de otros canales. Para hacer efectivo el descuento, debes solicitarlo al momento de pedir la cuenta. Este beneficio se podrá utilizar solo una vez al día y no es acumulable con otras promociones y/o descuentos. Descuento no aplica sobre el costo de propina. El beneficio se aplica de manera presencial según la disponibilidad de cada comercio. Los precios, calidad, estado y entrega de los productos y servicios ofrecidos son de exclusiva responsabilidad de los comercios adheridos, sin responsabilidad alguna de Bci en ello ni en la ulterior atención que se demande. Se excluyen de este beneficio Tarjetas de Crédito Corporate, tarjetas emitidas por filiales y sociedades de apoyo al giro de Bci, como Tarjeta  MACH y Lider Bci.
BCI;Tigre Bravo;Descubre este espacio gastronómico en Maipú;40% dcto · Todos los lunes;40;$40.000;Lunes, Martes, Jueves;;Tigre Bravo, Maipú;Exclusivo con tus tarjetas de Crédito Bci.;Presencial;Región Metropolitana;2026-08-01 → 2026-11-01;https://www.bci.cl/beneficios/beneficios-bci/detalle/descubre-este-espacio-gastronomico-en-maipu-qjrzfu;40% de descuento con tope de $40.000 al momento de pagar en el comercio.  / Para hacer efectivo el descuento Bci, debes solicitarlo en el restaurante antes de realizar la compra. / Descuento no aplica sobre el costo de propina. / No acumulable con otras promociones y/o descuentos.  / Se excluyen de este beneficio Tarjetas de Crédito Corporate, tarjetas emitidas por filiales y sociedades de apoyo al giro de Bci, como Tarjeta Líder Bci. /  / Legal: 40% de descuento en el total de la cuenta, con tope de $40.000 pagando con Tarjetas de Crédito Bci. Válido solo para compras presenciales, no se consideran las compras a través de otros canales. Para hacer efectivo el descuento, debes solicitarlo al momento de pedir la cuenta. Este beneficio se podrá utilizar solo una vez al día y no es acumulable con otras promociones y/o descuentos. Descuento no aplica sobre el costo de propina. El beneficio se aplica de manera presencial según la disponibilidad de cada comercio. Los precios, calidad, estado y entrega de los productos y servicios ofrecidos son de exclusiva responsabilidad de los comercios adheridos, sin responsabilidad alguna de Bci en ello ni en la ulterior atención que se demande. Se excluyen de este beneficio Tarjetas de Crédito Corporate, tarjetas emitidas por filiales y sociedades de apoyo al giro de Bci, como Tarjeta  MACH y Lider Bci.
BCI;Kechua;Vitacura - Providencia y Nunoa;40% dcto · Todos los viernes;40;$40.000;Viernes;;Kechua, Vitacura;Exclusivo con tus tarjetas de Crédito Bci.;Presencial;Región Metropolitana;2026-08-01 → 2026-11-01;https://www.bci.cl/beneficios/beneficios-bci/detalle/viernes-en-vitacura-providencia-y-nunoa-c6wq4pq;40% de descuento con tope de $40.000 al momento de pagar en el comercio.  / Para hacer efectivo el descuento Bci, debes solicitarlo en el restaurante antes de realizar la compra. / Descuento no aplica sobre el costo de propina. / No acumulable con otras promociones y/o descuentos.  / Se excluyen de este beneficio Tarjetas de Crédito Corporate, tarjetas emitidas por filiales y sociedades de apoyo al giro de Bci, como Tarjeta Líder Bci. /  / Legal: 40% de descuento en el total de la cuenta, con tope de $40.000 pagando con Tarjetas de Crédito Bci. Válido solo para compras presenciales, no se consideran las compras a través de otros canales. Para hacer efectivo el descuento, debes solicitarlo al momento de pedir la cuenta. Este beneficio se podrá utilizar solo una vez al día y no es acumulable con otras promociones y/o descuentos. Descuento no aplica sobre el costo de propina. El beneficio se aplica de manera presencial según la disponibilidad de cada comercio. Los precios, calidad, estado y entrega de los productos y servicios ofrecidos son de exclusiva responsabilidad de los comercios adheridos, sin responsabilidad alguna de Bci en ello ni en la ulterior atención que se demande. Se excluyen de este beneficio Tarjetas de Crédito Corporate, tarjetas emitidas por filiales y sociedades de apoyo al giro de Bci, como Tarjeta  MACH y Lider Bci.
BCI;La Cocina de Javier;;50% dcto · Todos los jueves;50;$100.000;Jueves;;La Cocina de Javier, Vitacura;Exclusivo con tus arjetas de Crédito Bci Mastercard Black, Visa Signature y Visa Infinite;Presencial;Región Metropolitana;2026-08-01 → 2026-11-01;https://www.bci.cl/beneficios/beneficios-bci/detalle/jueves-vitacura-pa8lwp9;50% de descuento con tope de $100.000 al momento de pagar en el comercio. / Para hacer efectivo el descuento Bci, debes solicitarlo en el restaurante antes de realizar la compra. / Descuento no aplica sobre el costo de propina. /  No acumulable con otras promociones y/o descuentos.  / Se excluyen de este beneficio Tarjetas de Crédito Corporate, tarjetas emitidas por filiales y sociedades de apoyo al giro de Bci, como Tarjeta Líder Bci. /  / Legal: 50% de descuento en el total de la cuenta, con tope de $100.000, pagando con tus Tarjetas de Crédito Bci Mastercard Black, Visa Signature y Visa Infinte. Válido solo para compras presenciales, no se consideran las compras a través de otros canales. Para hacer efectivo el descuento, debes solicitarlo al momento de pedir la cuenta. Este beneficio se podrá utilizar solo una vez al día y no es acumulable con otras promociones y/o descuentos. Descuento no aplica sobre el costo de propina. El beneficio se aplica de manera presencial según la disponibilidad de cada comercio. Los precios, calidad, estado y entrega de los productos y servicios ofrecidos son de exclusiva responsabilidad de los comercios adheridos, sin responsabilidad alguna de Bci en ello ni en la ulterior atención que se demande. Se excluyen de este beneficio Tarjetas de Crédito Corporate, tarjetas emitidas por filiales y sociedades de apoyo al giro de Bci, como Tarjeta MACH y Lider Bci.
BCI;Augusta Bar;En Concepción;40% dcto · Todos los sábados;40;$40.000;Sábado;;Augusta Bar, Biobío;Exclusivo con tus tarjetas de Crédito Bci.;Presencial;Región Biobío;2026-09-01 → 2026-11-01;https://www.bci.cl/beneficios/beneficios-bci/detalle/en-concepcion-o5p6bib;40% de descuento con tope de $40.000 al momento de pagar en el comercio.  / Para hacer efectivo el descuento Bci, debes solicitarlo en el restaurante antes de realizar la compra. / Descuento no aplica sobre el costo de propina. / No acumulable con otras promociones y/o descuentos.  / Se excluyen de este beneficio Tarjetas de Crédito Corporate, tarjetas emitidas por filiales y sociedades de apoyo al giro de Bci, como Tarjeta Líder Bci. /  / Legal: 40% de descuento en el total de la cuenta, con tope de $40.000 pagando con Tarjetas de Crédito Bci. Válido solo para compras presenciales, no se consideran las compras a través de otros canales. Para hacer efectivo el descuento, debes solicitarlo al momento de pedir la cuenta. Este beneficio se podrá utilizar solo una vez al día y no es acumulable con otras promociones y/o descuentos. Descuento no aplica sobre el costo de propina. El beneficio se aplica de manera presencial según la disponibilidad de cada comercio. Los precios, calidad, estado y entrega de los productos y servicios ofrecidos son de exclusiva responsabilidad de los comercios adheridos, sin responsabilidad alguna de Bci en ello ni en la ulterior atención que se demande. Se excluyen de este beneficio Tarjetas de Crédito Corporate, tarjetas emitidas por filiales y sociedades de apoyo al giro de Bci, como Tarjeta  MACH y Lider Bci.
BCI;Casa Reñaca;;40% dcto · Todos los viernes;40;$40.000;Martes, Miércoles, Viernes;;Casa Reñaca, Viña del mar;Exclusivo con tus tarjetas de Crédito Bci.;Presencial;;2026-09-01 → 2026-11-01;https://www.bci.cl/beneficios/beneficios-bci/detalle/viernes-en-renaca-54w3mph;40% de descuento con tope de $40.000 al momento de pagar en el comercio.  / Para hacer efectivo el descuento Bci, debes solicitarlo en el restaurante antes de realizar la compra. / Descuento no aplica sobre el costo de propina. / No acumulable con otras promociones y/o descuentos.  / Se excluyen de este beneficio Tarjetas de Crédito Corporate, tarjetas emitidas por filiales y sociedades de apoyo al giro de Bci, como Tarjeta Líder Bci. /  / Legal: 40% de descuento en el total de la cuenta, con tope de $40.000 pagando con Tarjetas de Crédito Bci. Válido solo para compras presenciales, no se consideran las compras a través de otros canales. Para hacer efectivo el descuento, debes solicitarlo al momento de pedir la cuenta. Este beneficio se podrá utilizar solo una vez al día y no es acumulable con otras promociones y/o descuentos. Descuento no aplica sobre el costo de propina. El beneficio se aplica de manera presencial según la disponibilidad de cada comercio. Los precios, calidad, estado y entrega de los productos y servicios ofrecidos son de exclusiva responsabilidad de los comercios adheridos, sin responsabilidad alguna de Bci en ello ni en la ulterior atención que se demande. Se excluyen de este beneficio Tarjetas de Crédito Corporate, tarjetas emitidas por filiales y sociedades de apoyo al giro de Bci, como Tarjeta  MACH y Lider Bci.
BCI;La Vermutería del Pobre Vermut;;20% dcto · Todos los jueves;20;Sin tope;Jueves;;;Exclusivo con tus tarjetas de Crédito o Débito Bci.;Presencial;;2026-09-01 → 2026-11-01;https://www.bci.cl/beneficios/beneficios-bci/detalle/disfruta-de-este-beneficio-los-jueves-rsvdzqu;20% de descuento sin tope al momento de pagar en el comercio.  / Para hacer efectivo el descuento Bci, debes solicitarlo en el restaurante antes de realizar la compra. / Descuento no aplica sobre el costo de propina. / No acumulable con otras promociones y/o descuentos.  / Se excluyen de este beneficio Tarjetas de Crédito Corporate, tarjetas emitidas por filiales y sociedades de apoyo al giro de Bci, como Tarjeta Líder Bci. /  / Legal: 20% de descuento en el total de la cuenta, sin tope pagando con Tarjetas de Débito y Crédito Bci. Válido solo para compras presenciales, no se consideran las compras a través de otros canales. Para hacer efectivo el descuento, debes solicitarlo al momento de pedir la cuenta. Este beneficio se podrá utilizar solo una vez al día y no es acumulable con otras promociones y/o descuentos. Descuento no aplica sobre el costo de propina. El beneficio se aplica de manera presencial según la disponibilidad de cada comercio. Los precios, calidad, estado y entrega de los productos y servicios ofrecidos son de exclusiva responsabilidad de los comercios adheridos, sin responsabilidad alguna de Bci en ello ni en la ulterior atención que se demande. Se excluyen de este beneficio Tarjetas de Crédito Corporate, tarjetas emitidas por filiales y sociedades de apoyo al giro de Bci, como Tarjeta  MACH y Lider Bci.
BCI;Los Vikingos;Santiago Centro;40% dcto · Todos los miércoles;40;$40.000;Martes, Miércoles;;Los Vikingos, Santiago;Exclusivo con tus tarjetas de Crédito Bci.;Presencial;Región Metropolitana;2026-09-01 → 2026-11-01;https://www.bci.cl/beneficios/beneficios-bci/detalle/santiago-centro-5o96pd;40% de descuento con tope de $40.000 al momento de pagar en el comercio. / Para hacer efectivo el descuento, debes solicitarlo en el restaurante antes de realizar la compra. / Descuento no aplica sobre el costo de propina. / No acumulable con otras promociones y/o descuentos.  / Se excluyen de este beneficio Tarjetas de Crédito Corporate, tarjetas emitidas por filiales y sociedades de apoyo al giro de Bci, como Tarjeta Lider Bci. /  / Legal: 40% de descuento en el total de la cuenta, con tope de $40.000 pagando con Tarjetas de Crédito Bci. Válido solo para compras presenciales, no se consideran las compras a través de otros canales. Para hacer efectivo el descuento, debes solicitarlo al momento de pedir la cuenta. Este beneficio se podrá utilizar solo una vez al día y no es acumulable con otras promociones y/o descuentos. Descuento no aplica sobre el costo de propina. El beneficio se aplica de manera presencial según la disponibilidad de cada comercio. Los precios, calidad, estado y entrega de los productos y servicios ofrecidos son de exclusiva responsabilidad de los comercios adheridos, sin responsabilidad alguna de Bci en ello ni en la ulterior atención que se demande. Se excluyen de este beneficio Tarjetas de Crédito Corporate, tarjetas emitidas por filiales y sociedades de apoyo al giro de Bci, como Tarjeta  MACH y Lider Bci.
BCI;Ocean Pacific´s;Vitacura y Santiago Centro;40% dcto · Todos los miércoles;40;$40.000;Martes, Miércoles;;"Ocean Pacific´s, Vitacura; Ocean Pacific´s, Santiago";Exclusivo con tus tarjetas de Crédito Bci.;Presencial;Región Metropolitana;2026-09-01 → 2026-11-01;https://www.bci.cl/beneficios/beneficios-bci/detalle/vitacura-y-santiago-centro-kqiua6;40% de descuento con tope de $40.000 al momento de pagar en el comercio. / Para hacer efectivo el descuento, debes solicitarlo en el restaurante antes de realizar la compra. / Descuento no aplica sobre el costo de propina. / No acumulable con otras promociones y/o descuentos.  / Se excluyen de este beneficio Tarjetas de Crédito Corporate, tarjetas emitidas por filiales y sociedades de apoyo al giro de Bci, como Tarjeta Lider Bci. /  / Legal: Promoción exclusiva para personas naturales que paguen con sus Tarjetas de Crédito Bci en los establecimientos en campaña. 40% de descuento en el total de la cuenta, con tope de $40.000. Válido solo para compras presenciales, no se consideran las compras a través de otros canales. Para hacer efectivo el descuento, debes solicitarlo al momento de pedir la cuenta. Este beneficio se podrá utilizar solo una vez al día y no es acumulable con otras promociones y/o descuentos. Descuento no aplica sobre el costo de propina.  / El beneficio se aplica de manera presencial según la disponibilidad de cada comercio. Los precios, calidad, estado y entrega de los productos y servicios ofrecidos son de exclusiva responsabilidad de los comercios adheridos, sin responsabilidad alguna de Bci en ello ni en la ulterior atención que se demande. Se excluyen de este beneficio Tarjetas de Crédito Corporate, tarjetas emitidas por filiales y sociedades de apoyo al giro de Bci, como Tarjeta Lider Bci.
BCI;Marriott;Cafe Med - Las Condes desde las 12.00 a las 16.00 hrs;40% dcto · Todos los sábados;40;$100.000;Sábado;Cafe Med - Las Condes desde las 12.00 a las 16.00 hrs;Marriott, Las Condes;Exclusivo con tus Tarjetas de Crédito Bci Mastercard Black, Visa Signature y Visa Infinite;Presencial;Región Metropolitana;2026-10-01 → 2026-11-01;https://www.bci.cl/beneficios/beneficios-bci/detalle/cafe-med-las-condes-desde-las-12.00-a-las-16.00-hrs-y6co8b1c;40% de descuento con tope de $100.000 al momento de pagar en el comercio.  / Para hacer efectivo el descuento Bci, debes solicitarlo en el restaurante antes de realizar la compra. / Descuento no aplica sobre el costo de propina. / No acumulable con otras promociones y/o descuentos.  / Se excluyen de este beneficio Tarjetas de Crédito Corporate, tarjetas emitidas por filiales y sociedades de apoyo al giro de Bci, como Tarjeta Líder Bci. /  / Legal: 40% de descuento en el total de la cuenta, con tope de $100.000 pagando con tus Tarjetas de Crédito Bci Mastercard Black, Visa Signature y Visa Infinte. Válido solo para compras presenciales, no se consideran las compras a través de otros canales. Para hacer efectivo el descuento, debes solicitarlo al momento de pedir la cuenta. Este beneficio se podrá utilizar solo una vez al día y no es acumulable con otras promociones y/o descuentos. Descuento no aplica sobre el costo de propina. El beneficio se aplica de manera presencial según la disponibilidad de cada comercio. Los precios, calidad, estado y entrega de los productos y servicios ofrecidos son de exclusiva responsabilidad de los comercios adheridos, sin responsabilidad alguna de Bci en ello ni en la ulterior atención que se demande. Se excluyen de este beneficio Tarjetas de Crédito Corporate, tarjetas emitidas por filiales y sociedades de apoyo al giro de Bci, como Tarjeta  MACH y Lider Bci.
BCI;Fuegos de Raidho;Para disfrutar en Talca;20% dcto · Todos los jueves;20;$20.000;Jueves;;;Exclusivo con tus Tarjetas de Crédito o Débito Bci.;Presencial;;2026-10-01 → 2026-11-01;https://www.bci.cl/beneficios/beneficios-bci/detalle/para-disfrutar-en-talca-c6wca5;20% de descuento con tope de $20.000 al momento de pagar en el comercio / Para hacer efectivo el descuento Bci, debes solicitarlo en el restaurante antes de realizar la compra. / Descuento no aplica sobre el costo de propina. / No acumulable con otras promociones y/o descuentos.  / Se excluyen de este beneficio Tarjetas de Crédito Corporate, tarjetas emitidas por filiales y sociedades de apoyo al giro de Bci, como Tarjeta Líder Bci. /  / Legal: 20% de descuento pagando con Tarjetas de Débito y Crédito Bci con un tope de $20.000 por cliente al día. Válido solo para compras presenciales, no se consideran las compras a través de otros canales. Para hacer efectivo el descuento, debes solicitarlo al momento de pedir la cuenta. Este beneficio se podrá utilizar solo una vez al día y no es acumulable con otras promociones y/o descuentos. Descuento no aplica sobre el costo de propina. El beneficio se aplica de manera presencial según la disponibilidad de cada comercio. Los precios, calidad, estado y entrega de los productos y servicios ofrecidos son de exclusiva responsabilidad de los comercios adheridos, sin responsabilidad alguna de Bci en ello ni en la ulterior atención que se demande. Se excluyen de este beneficio Tarjetas de Crédito Corporate, tarjetas emitidas por filiales y sociedades de apoyo al giro de Bci, como Tarjeta MACH y Lider Bci.
BCI;Gaetano;;40% dcto · Todos los jueves;40;$40.000;Jueves;;Gaetano, Maule;Exclusivo con tus Tarjetas de Crédito Bci.;Presencial;Región Maule;2026-10-01 → 2026-11-01;https://www.bci.cl/beneficios/beneficios-bci/detalle/disfruta-los-jueves-en-talca-2ubk0e;40% de descuento con tope de $40.000 al momento de pagar en el comercio.  / Para hacer efectivo el descuento Bci, debes solicitarlo en el restaurante antes de realizar la compra. / Descuento no aplica sobre el costo de propina. / No acumulable con otras promociones y/o descuentos.  / Se excluyen de este beneficio Tarjetas de Crédito Corporate, tarjetas emitidas por filiales y sociedades de apoyo al giro de Bci, como Tarjeta Líder Bci. /  / Legal: 40% de descuento en el total de la cuenta, con tope de $40.000 pagando con Tarjetas de Crédito Bci. Válido solo para compras presenciales, no se consideran las compras a través de otros canales. Para hacer efectivo el descuento, debes solicitarlo al momento de pedir la cuenta. Este beneficio se podrá utilizar solo una vez al día y no es acumulable con otras promociones y/o descuentos. Descuento no aplica sobre el costo de propina. El beneficio se aplica de manera presencial según la disponibilidad de cada comercio. Los precios, calidad, estado y entrega de los productos y servicios ofrecidos son de exclusiva responsabilidad de los comercios adheridos, sin responsabilidad alguna de Bci en ello ni en la ulterior atención que se demande. Se excluyen de este beneficio Tarjetas de Crédito Corporate, tarjetas emitidas por filiales y sociedades de apoyo al giro de Bci, como Tarjeta  MACH y Lider Bci.
BCI;Hikari Sushi;Sushi en Calama;20% dcto · Todos los viernes;20;$20.000;Viernes;;Hikari Sushi, Calama;Exclusivo con tus tarjetas de Crédito o Débito Bci.;;Región Calama;2026-10-01 → 2026-11-01;https://www.bci.cl/beneficios/beneficios-bci/detalle/sushi-en-calama-ifw5jau;20% de descuento con tope de $20.000 por cliente al día. / Para hacer efectivo el descuento Bci, debes solicitarlo en el restaurante antes de realizar la compra. / Descuento no aplica sobre el costo de propina. / No acumulable con otras promociones y/o descuentos.  / Se excluyen de este beneficio Tarjetas de Crédito Corporate, tarjetas emitidas por filiales y sociedades de apoyo al giro de Bci, como Tarjeta Líder Bci. /  / Legal: 20% de descuento pagando con Tarjetas de Débito y Crédito Bci, con un tope de $20.000 por cliente al día. Válido solo para compras presenciales, no se consideran las compras a través de otros canales. Para hacer efectivo el descuento, debes solicitarlo al momento de pedir la cuenta. Este beneficio se podrá utilizar solo una vez al día y no es acumulable con otras promociones y/o descuentos. Descuento no aplica sobre el costo de propina. El beneficio se aplica de manera presencial según la disponibilidad de cada comercio. Los precios, calidad, estado y entrega de los productos y servicios ofrecidos son de exclusiva responsabilidad de los comercios adheridos, sin responsabilidad alguna de Bci en ello ni en la ulterior atención que se demande. Se excluyen de este beneficio Tarjetas de Crédito Corporate, tarjetas emitidas por filiales y sociedades de apoyo al giro de Bci, como Tarjeta MACH y Lider Bci.
BCI;La Hacienda Talca;Dirección: San Ignacio 3020, San Miguel;40% dcto · Todos los miércoles;40;$40.000;Miércoles;Horarios: Lunes a Sábado de 11:00 a 20:00 hrs. - Domingo de 11:00 a 18:30 hrs.;San Ignacio 3020, San Miguel;Exclusivo con tus Tarjetas de Crédito Bci.;Presencial;Región Maule;2026-10-01 → 2026-11-01;https://www.bci.cl/beneficios/beneficios-bci/detalle/aprovecha-los-miercoles-en-talca-6li5yjd;40% de descuento con tope de $40.000 al momento de pagar en el comercio.  / Para hacer efectivo el descuento Bci, debes solicitarlo en el restaurante antes de realizar la compra. / Descuento no aplica sobre el costo de propina. / No acumulable con otras promociones y/o descuentos.  / Se excluyen de este beneficio Tarjetas de Crédito Corporate, tarjetas emitidas por filiales y sociedades de apoyo al giro de Bci, como Tarjeta Lider Bci. /  / Dirección: San Ignacio 3020, San Miguel. / Horarios: Lunes a Sábado de 11:00 a 20:00 hrs. - Domingo de 11:00 a 18:30 hrs. /  / Legal: Promoción exclusiva para personas naturales que paguen con sus Tarjetas de Crédito Bci en los establecimientos en campaña. 40% de descuento en el total de la cuenta, con tope de $40.000. Válido solo para compras presenciales, no se consideran las compras a través de otros canales. Para hacer efectivo el descuento, debes solicitarlo al momento de pedir la cuenta. Este beneficio se podrá utilizar solo una vez al día y no es acumulable con otras promociones y/o descuentos. Descuento no aplica sobre el costo de propina. El beneficio se aplica de manera presencial según la disponibilidad de cada comercio. Los precios, calidad, estado y entrega de los productos y servicios ofrecidos son de exclusiva responsabilidad de los comercios adheridos, sin responsabilidad alguna de Bci en ello ni en la ulterior atención que se demande. / Se excluyen de este beneficio Tarjetas de Crédito Corporate, tarjetas emitidas por filiales y sociedades de apoyo al giro de Bci, como Tarjeta Lider Bci.
BCI;Coya;En el corazón de la ciudad;20% dcto · Todos los viernes;20;$20.000;Viernes;;Coya, Arica y Parinacota;Exclusivo con tus tarjetas de Crédito y debito Bci.;Presencial;Región Arica y Parinacota;2026-10-01 → 2026-11-01;https://www.bci.cl/beneficios/beneficios-bci/detalle/en-el-corazon-de-la-ciudad.-uw74jal;20% de descuento con tope de $20.000 por cliente al día. / Para hacer efectivo el descuento Bci, debes solicitarlo en el restaurante antes de realizar la compra. / Descuento no aplica sobre el costo de propina. / No acumulable con otras promociones y/o descuentos.  / Se excluyen de este beneficio Tarjetas de Crédito Corporate, tarjetas emitidas por filiales y sociedades de apoyo al giro de Bci, como Tarjeta Líder Bci. /  / Legal: 20% de descuento pagando con Tarjetas de Débito y Crédito Bci con un tope de $20.000 por cliente al día. Válido solo para compras presenciales, no se consideran las compras a través de otros canales. Para hacer efectivo el descuento, debes solicitarlo al momento de pedir la cuenta. Este beneficio se podrá utilizar solo una vez al día y no es acumulable con otras promociones y/o descuentos. Descuento no aplica sobre el costo de propina. El beneficio se aplica de manera presencial según la disponibilidad de cada comercio. Los precios, calidad, estado y entrega de los productos y servicios ofrecidos son de exclusiva responsabilidad de los comercios adheridos, sin responsabilidad alguna de Bci en ello ni en la ulterior atención que se demande. Se excluyen de este beneficio Tarjetas de Crédito Corporate, tarjetas emitidas por filiales y sociedades de apoyo al giro de Bci, como Tarjeta MACH y Lider Bci.
BCI;Lumiére Bistró Restaurante;;20% dcto · Todos los lunes;20;$40.000;Lunes, Sábado;;Lumiére Bistró Restaurante, Las Condes;Exclusivo con tus Tarjetas de Crédito o Débito Bci.;;Región Metropolitana;2026-10-01 → 2026-11-01;https://www.bci.cl/beneficios/beneficios-bci/detalle/lunes-las-condes-d6hlv4j;20% de descuento con tope de $40.000 por cliente al día. / Para hacer efectivo el descuento Bci, debes solicitarlo en el restaurante antes de realizar la compra. / Descuento no aplica sobre el costo de propina. / No acumulable con otras promociones y/o descuentos.  / Se excluyen de este beneficio Tarjetas de Crédito Corporate, tarjetas emitidas por filiales y sociedades de apoyo al giro de Bci, como Tarjeta Líder Bci. /  / Legal: 20% de descuento pagando con Tarjetas de Débito y Crédito Bci con un tope de $40.000 por cliente al día. Válido solo para compras presenciales, no se consideran las compras a través de otros canales. Para hacer efectivo el descuento, debes solicitarlo al momento de pedir la cuenta. Este beneficio se podrá utilizar solo una vez al día y no es acumulable con otras promociones y/o descuentos. Descuento no aplica sobre el costo de propina. El beneficio se aplica de manera presencial según la disponibilidad de cada comercio. Los precios, calidad, estado y entrega de los productos y servicios ofrecidos son de exclusiva responsabilidad de los comercios adheridos, sin responsabilidad alguna de Bci en ello ni en la ulterior atención que se demande. Se excluyen de este beneficio Tarjetas de Crédito Corporate, tarjetas emitidas por filiales y sociedades de apoyo al giro de Bci, como Tarjeta MACH y Lider Bci.
BCI;Raidho;;20% dcto · Todos los domingos;20;$20.000;Domingo;;;Exclusivo con tus Tarjetas de Crédito o Débito Bci.;Presencial;;2026-10-01 → 2026-11-01;https://www.bci.cl/beneficios/beneficios-bci/detalle/disfruta-los-domingos-en-talca-b1uae;20% de descuento con tope de $20.000 por cliente al día. / Para hacer efectivo el descuento Bci, debes solicitarlo en el restaurante antes de realizar la compra. / Descuento no aplica sobre el costo de propina. / No acumulable con otras promociones y/o descuentos.  / Se excluyen de este beneficio Tarjetas de Crédito Corporate, tarjetas emitidas por filiales y sociedades de apoyo al giro de Bci, como Tarjeta Líder Bci. /  / Legal: 20% de descuento pagando con Tarjetas de Débito y Crédito Bci, con un tope de $20.000 por cliente al día. Válido solo para compras presenciales, no se consideran las compras a través de otros canales. Para hacer efectivo el descuento, debes solicitarlo al momento de pedir la cuenta. Este beneficio se podrá utilizar solo una vez al día y no es acumulable con otras promociones y/o descuentos. Descuento no aplica sobre el costo de propina. El beneficio se aplica de manera presencial según la disponibilidad de cada comercio. Los precios, calidad, estado y entrega de los productos y servicios ofrecidos son de exclusiva responsabilidad de los comercios adheridos, sin responsabilidad alguna de Bci en ello ni en la ulterior atención que se demande. Se excluyen de este beneficio Tarjetas de Crédito Corporate, tarjetas emitidas por filiales y sociedades de apoyo al giro de Bci, como Tarjeta MACH y Lider Bci.
BCI;Rogusta;;40% dcto · Todos los miércoles;40;$40.000;Miércoles, Jueves;;;Exclusivo con tus Tarjetas de Crédito Bci.;Presencial;;2026-10-01 → 2026-11-01;https://www.bci.cl/beneficios/beneficios-bci/detalle/miercoles-en-valdivia-pi6c7jt;40% de descuento con tope de $40.000 al momento de pagar en el comercio.  / Para hacer efectivo el descuento Bci, debes solicitarlo antes de realizar la compra. / No acumulable con otras promociones y/o descuentos.  / Se excluyen de este beneficio Tarjetas de Crédito Corporate, tarjetas emitidas por filiales y sociedades de apoyo al giro de Bci, como Tarjeta Líder Bci. /  / Legal: 40% de descuento en el total de la cuenta, con tope de $40.000 pagando con Tarjetas de Crédito Bci. Válido solo para compras presenciales, no se consideran las compras a través de otros canales. Este beneficio se podrá utilizar solo una vez al día y no es acumulable con otras promociones y/o descuentos. El beneficio se aplica de manera presencial según la disponibilidad de cada comercio. Los precios, calidad, estado y entrega de los productos y servicios ofrecidos son de exclusiva responsabilidad de los comercios adheridos, sin responsabilidad alguna de Bci en ello ni en la ulterior atención que se demande. Se excluyen de este beneficio Tarjetas de Crédito Corporate, tarjetas emitidas por filiales y sociedades de apoyo al giro de Bci, como Tarjeta  MACH y Lider Bci.
BCI;Toro Bayo;Una carta destacada en Talca;40% dcto · Todos los viernes;40;$40.000;Viernes;;;Exclusivo con tus Tarjetas de Crédito Bci.;Presencial;;2026-10-01 → 2026-11-01;https://www.bci.cl/beneficios/beneficios-bci/detalle/una-carta-destacada-en-talca-cicocfq;40% de descuento con tope de $40.000 al momento de pagar en el comercio.  / Para hacer efectivo el descuento Bci, debes solicitarlo en el restaurante antes de realizar la compra. / Descuento no aplica sobre el costo de propina. / No acumulable con otras promociones y/o descuentos.  / Se excluyen de este beneficio Tarjetas de Crédito Corporate, tarjetas emitidas por filiales y sociedades de apoyo al giro de Bci, como Tarjeta Líder Bci. /  / Legal: 40% de descuento en el total de la cuenta, con tope de $40.000 pagando con Tarjetas de Crédito Bci. Válido solo para compras presenciales, no se consideran las compras a través de otros canales. Para hacer efectivo el descuento, debes solicitarlo al momento de pedir la cuenta. Este beneficio se podrá utilizar solo una vez al día y no es acumulable con otras promociones y/o descuentos. Descuento no aplica sobre el costo de propina. El beneficio se aplica de manera presencial según la disponibilidad de cada comercio. Los precios, calidad, estado y entrega de los productos y servicios ofrecidos son de exclusiva responsabilidad de los comercios adheridos, sin responsabilidad alguna de Bci en ello ni en la ulterior atención que se demande. Se excluyen de este beneficio Tarjetas de Crédito Corporate, tarjetas emitidas por filiales y sociedades de apoyo al giro de Bci, como Tarjeta  MACH y Lider Bci.
BCI;Wayna;;40% dcto · Todos los viernes;40;$40.000;Viernes;;Wayna, La Florida;Exclusivo con tus Tarjetas de Crédito Bci.;Presencial;Región Metropolitana;2026-10-01 → 2026-11-01;https://www.bci.cl/beneficios/beneficios-bci/detalle/viernes-en-la-florida-l2k95mc;40% de descuento con tope de $40.000 al momento de pagar en el comercio.  / Para hacer efectivo el descuento Bci, debes solicitarlo en el restaurante antes de realizar la compra. / Descuento no aplica sobre el costo de propina. / No acumulable con otras promociones y/o descuentos.  / Se excluyen de este beneficio Tarjetas de Crédito Corporate, tarjetas emitidas por filiales y sociedades de apoyo al giro de Bci, como Tarjeta Líder Bci. /  / Legal: 40% de descuento en el total de la cuenta, con tope de $40.000 pagando con Tarjetas de Crédito Bci. Válido solo para compras presenciales, no se consideran las compras a través de otros canales. Para hacer efectivo el descuento, debes solicitarlo al momento de pedir la cuenta. Este beneficio se podrá utilizar solo una vez al día y no es acumulable con otras promociones y/o descuentos. Descuento no aplica sobre el costo de propina. El beneficio se aplica de manera presencial según la disponibilidad de cada comercio. Los precios, calidad, estado y entrega de los productos y servicios ofrecidos son de exclusiva responsabilidad de los comercios adheridos, sin responsabilidad alguna de Bci en ello ni en la ulterior atención que se demande. Se excluyen de este beneficio Tarjetas de Crédito Corporate, tarjetas emitidas por filiales y sociedades de apoyo al giro de Bci, como Tarjeta  MACH y Lider Bci.
BCI;Enkai Asian Food;Disfruta len Antofagasta;20% dcto · Jueves y sábado;20;$20.000;Jueves, Sábado;;Enkai Asian Food, Antofagasta;Exclusivo con tus tarjetas de Crédito o Débito Bci.;;Región Antofagasta;2026-06-01 → 2026-11-01;https://www.bci.cl/beneficios/beneficios-bci/detalle/disfruta-los-jueves-y-sabados-en-antofagasta-pcm133;20% de descuento con tope de $20.000 por cliente al día. / Para hacer efectivo el descuento Bci, debes solicitarlo en el restaurante antes de realizar la compra. / Descuento no aplica sobre el costo de propina. / No acumulable con otras promociones y/o descuentos.  / Se excluyen de este beneficio Tarjetas de Crédito Corporate, tarjetas emitidas por filiales y sociedades de apoyo al giro de Bci, como Tarjeta Líder Bci. /  / Legal: 20% de descuento pagando con Tarjetas de Débito y Crédito Bci, con un tope de $20.000 por cliente al día. Válido solo para compras presenciales, no se consideran las compras a través de otros canales. Para hacer efectivo el descuento, debes solicitarlo al momento de pedir la cuenta. Este beneficio se podrá utilizar solo una vez al día y no es acumulable con otras promociones y/o descuentos. Descuento no aplica sobre el costo de propina. El beneficio se aplica de manera presencial según la disponibilidad de cada comercio. Los precios, calidad, estado y entrega de los productos y servicios ofrecidos son de exclusiva responsabilidad de los comercios adheridos, sin responsabilidad alguna de Bci en ello ni en la ulterior atención que se demande. Se excluyen de este beneficio Tarjetas de Crédito Corporate, tarjetas emitidas por filiales y sociedades de apoyo al giro de Bci, como Tarjeta MACH y Lider Bci.
BCI;Casa Vitalis;;20% dcto · Todos los miércoles;20;$20.000;Miércoles, Jueves;;;Exclusivo con tus tarjetas de Crédito o Débito Bci.;Presencial;;2026-08-01 → 2026-11-01;https://www.bci.cl/beneficios/beneficios-bci/detalle/miercoles-para-disfrutar-con-amigos-um3jwdg;20% de descuento con tope de $20.000 por cliente al día. / Para hacer efectivo el descuento Bci, debes solicitarlo en el restaurante antes de realizar la compra. / Descuento no aplica sobre el costo de propina. / No acumulable con otras promociones y/o descuentos.  / Se excluyen de este beneficio Tarjetas de Crédito Corporate, tarjetas emitidas por filiales y sociedades de apoyo al giro de Bci, como Tarjeta Líder Bci. /  / Legal: 20% de descuento pagando con Tarjetas de Débito y Crédito Bci con un tope de $20.000 por cliente al día. Válido solo para compras presenciales, no se consideran las compras a través de otros canales. Para hacer efectivo el descuento, debes solicitarlo al momento de pedir la cuenta. Este beneficio se podrá utilizar solo una vez al día y no es acumulable con otras promociones y/o descuentos. Descuento no aplica sobre el costo de propina. El beneficio se aplica de manera presencial según la disponibilidad de cada comercio. Los precios, calidad, estado y entrega de los productos y servicios ofrecidos son de exclusiva responsabilidad de los comercios adheridos, sin responsabilidad alguna de Bci en ello ni en la ulterior atención que se demande. Se excluyen de este beneficio Tarjetas de Crédito Corporate, tarjetas emitidas por filiales y sociedades de apoyo al giro de Bci, como Tarjeta MACH y Lider Bci.
BCI;Sublimeat;Calama;20% dcto · Martes y miércoles;20;$20.000;Martes, Miércoles;;Sublimeat, Calama;Exclusivo con tus tarjetas de Crédito o Débito Bci.;Presencial;Región Calama;2026-07-01 → 2026-11-01;https://www.bci.cl/beneficios/beneficios-bci/detalle/aprovecha-los-martes-y-miercoles-en-calama-o2ihbdzj;20% de descuento con tope de $20.000 por cliente al día. / Para hacer efectivo el descuento Bci, debes solicitarlo en el restaurante antes de realizar la compra. / Descuento no aplica sobre el costo de propina. / No acumulable con otras promociones y/o descuentos.  / Se excluyen de este beneficio Tarjetas de Crédito Corporate, tarjetas emitidas por filiales y sociedades de apoyo al giro de Bci, como Tarjeta Líder Bci. /  / Legal: 20% de descuento pagando con Tarjetas de Débito y Crédito Bci con un tope de $20.000 por cliente al día. Válido solo para compras presenciales, no se consideran las compras a través de otros canales. Para hacer efectivo el descuento, debes solicitarlo al momento de pedir la cuenta. Este beneficio se podrá utilizar solo una vez al día y no es acumulable con otras promociones y/o descuentos. Descuento no aplica sobre el costo de propina. El beneficio se aplica de manera presencial según la disponibilidad de cada comercio. Los precios, calidad, estado y entrega de los productos y servicios ofrecidos son de exclusiva responsabilidad de los comercios adheridos, sin responsabilidad alguna de Bci en ello ni en la ulterior atención que se demande. Se excluyen de este beneficio Tarjetas de Crédito Corporate, tarjetas emitidas por filiales y sociedades de apoyo al giro de Bci, como Tarjeta MACH y Lider Bci.
BCI;La Vinoteca;Santiago y Vina del Mar;40% dcto · Todos los miércoles;40;$40.000;Miércoles;;"La Vinoteca, Lo Barnechea; La Vinoteca, Vitacura; La Vinoteca, Providencia";Exclusivo con tus tarjetas de Crédito Bci Mastercard Black, Visa Signature y Visa Infinite;Presencial;Región Metropolitana;2026-08-01 → 2026-11-01;https://www.bci.cl/beneficios/beneficios-bci/detalle/vitacura-providencia-lo-barnechea-vina-del-mar-ketyfc;40% de descuento con tope de $40.000 y una cortesía de regalo al momento de pagar en el comercio.  / Para hacer efectivo el descuento Bci, debes solicitarlo en el restaurante antes de realizar la compra. / Descuento no aplica sobre el costo de propina. / No acumulable con otras promociones y/o descuentos.  / Se excluyen de este beneficio Tarjetas de Crédito Corporate, tarjetas emitidas por filiales y sociedades de apoyo al giro de Bci, como Tarjeta Líder Bci. /  / Legal: 40% de descuento en el total de la cuenta, con tope de $40.000 pagando con Tarjetas de Crédito Bci Mastercard Black, Visa Signature y Visa Infinite. Promoción incluye una cortesía de regalo. Válido solo para compras presenciales, no se consideran las compras a través de otros canales. Para hacer efectivo el descuento, debes solicitarlo al momento de pedir la cuenta. Este beneficio se podrá utilizar solo una vez al día y no es acumulable con otras promociones y/o descuentos. Descuento no aplica sobre el costo de propina. El beneficio se aplica de manera presencial según la disponibilidad de cada comercio. Los precios, calidad, estado y entrega de los productos y servicios ofrecidos son de exclusiva responsabilidad de los comercios adheridos, sin responsabilidad alguna de Bci en ello ni en la ulterior atención que se demande. Se excluyen de este beneficio Tarjetas de Crédito Corporate, tarjetas emitidas por filiales y sociedades de apoyo al giro de Bci, como Tarjeta  MACH y Lider Bci.
BCI;Bar Bundor;;40% dcto · Todos los martes;40;$40.000;Martes;;;Exclusivo con tus tarjetas de Crédito Bci.;Presencial;;2026-10-01 → 2026-11-01;https://www.bci.cl/beneficios/beneficios-bci/detalle/martes-valdivia-sebv3gq;40% de descuento con tope de $40.000 al momento de pagar en el comercio.  / Para hacer efectivo el descuento Bci, debes solicitarlo en el restaurante antes de realizar la compra. / Descuento no aplica sobre el costo de propina. / No acumulable con otras promociones y/o descuentos.  / Se excluyen de este beneficio Tarjetas de Crédito Corporate, tarjetas emitidas por filiales y sociedades de apoyo al giro de Bci, como Tarjeta Líder Bci. /  / Legal: 40% de descuento en el total de la cuenta, con tope de $40.000 pagando con Tarjetas de Crédito Bci. Válido solo para compras presenciales, no se consideran las compras a través de otros canales. Para hacer efectivo el descuento, debes solicitarlo al momento de pedir la cuenta. Este beneficio se podrá utilizar solo una vez al día y no es acumulable con otras promociones y/o descuentos. Descuento no aplica sobre el costo de propina. El beneficio se aplica de manera presencial según la disponibilidad de cada comercio. Los precios, calidad, estado y entrega de los productos y servicios ofrecidos son de exclusiva responsabilidad de los comercios adheridos, sin responsabilidad alguna de Bci en ello ni en la ulterior atención que se demande. Se excluyen de este beneficio Tarjetas de Crédito Corporate, tarjetas emitidas por filiales y sociedades de apoyo al giro de Bci, como Tarjeta  MACH y Lider Bci.
Banco Falabella;Bistro Cascade;Restaurante estilo bistró con influencia europea, ideal para disfrutar platos gourmet y vinos selectos;40% (40% dcto sin tope con CMR y 30% dcto sin tope con Débito Banco Falabella los martes);40;Sin Tope;Martes;;"BordeRío; Bistro Cascade BordeRío: Costanera Sur S.J.E. de Balaguer 6400, Vitacura, Región Metropolitana";"CMR Mastercard; CMR Mastercard Premium; CMR Mastercard Elite; Tarjeta Débito Banco Falabella";Presencial;Región Metropolitana de Santiago;2026-04-01 → 2026-10-31;https://www.bancofalabella.cl/descuentos/detalle/borderio-bistro-cascade;Conoce el detalle /  / Descuento: Hasta 40% dcto sin tope con CMR y 30% dcto sin tope con Débito Banco Falabella los martes / Válido en locales: / - Bistro Cascade BordeRío: Costanera Sur S.J.E. de Balaguer 6400, Vitacura, Región Metropolitana / - Todos los martes / Condiciones: / - El descuento no es acumulable con otras promociones / - Válido solo para compras presenciales en Borderío
Banco Falabella;Kechua;Restaurante inspirado en la cocina peruana, con platos tradicionales y fusión;40% (40% dcto sin tope con CMR y 30% dcto sin tope con Débito Banco Falabella los martes);40;Sin Tope;Martes;;"BordeRío; Kechua BordeRío: Costanera Sur S.J.E. de Balaguer 6400, Vitacura, Región Metropolitana";"CMR Mastercard; CMR Mastercard Premium; CMR Mastercard Elite; Tarjeta Débito Banco Falabella";Presencial;Región Metropolitana de Santiago;2026-04-01 → 2026-10-31;https://www.bancofalabella.cl/descuentos/detalle/borderio-kechua;Conoce el detalle /  / Descuento: Hasta 40% dcto sin tope con CMR y 30% dcto sin tope con Débito Banco Falabella los martes / Válido en locales: / - Kechua BordeRío: Costanera Sur S.J.E. de Balaguer 6400, Vitacura, Región Metropolitana / - Todos los martes / Condiciones: / - El descuento no es acumulable con otras promociones / - Válido solo para compras presenciales en Borderío
Banco Falabella;Krossbar;Bar cervecero que ofrece variedades artesanales de la reconocida marca Kross;40% (40% dcto sin tope con CMR y 30% dcto sin tope con Débito Banco Falabella los martes);40;Sin Tope;Martes;;"BordeRío; Krossbar BordeRío: Costanera Sur S.J.E. de Balaguer 6400, Vitacura, Región Metropolitana";"CMR Mastercard; CMR Mastercard Premium; CMR Mastercard Elite; Tarjeta Débito Banco Falabella";Presencial;Región Metropolitana de Santiago;2026-04-01 → 2026-10-31;https://www.bancofalabella.cl/descuentos/detalle/martes-de-borderio-krossbar;Conoce el detalle /  / Descuento: 40% dcto sin tope con CMR y 30% dcto sin tope con Débito Banco Falabella los martes / Válido en locales: / - Krossbar BordeRío: Costanera Sur S.J.E. de Balaguer 6400, Vitacura, Región Metropolitana / - Todos los martes / Condiciones: / - El descuento no es acumulable con otras promociones / - Válido solo para compras presenciales en Borderío
Banco Falabella;La Tabla;Restaurante especializado en carnes y parrilla, con cortes premium y acompañamientos;40% (40% dcto sin tope con CMR y 30% dcto sin tope con Débito Banco Falabella los martes);40;Sin Tope;Martes;;"BordeRío; La Tabla BordeRío: Costanera Sur S.J.E. de Balaguer 6400, Vitacura, Región Metropolitana";"CMR Mastercard; CMR Mastercard Premium; CMR Mastercard Elite; Tarjeta Débito Banco Falabella";Presencial;Región Metropolitana de Santiago;2026-04-01 → 2026-10-31;https://www.bancofalabella.cl/descuentos/detalle/la-tabla-borderio;Conoce el detalle /  / Descuento: Hasta 40% dcto sin tope con CMR y 30% dcto sin tope con Débito Banco Falabella los martes / Válido en locales: / - La Tabla BordeRío: Costanera Sur S.J.E. de Balaguer 6400, Vitacura, Región Metropolitana / - Todos los martes / Condiciones: / - El descuento no es acumulable con otras promociones / - Válido solo para compras presenciales en Borderío
Banco Falabella;Nelí;Nelí es un restaurante contemporáneo del grupo Margó que destaca por su propuesta gastronómica versátil: aperitivos crea;40% (40% dcto sin tope pagando con CMR y 30% dcto sin tope pagando con débito Banco Falabella);40;Sin Tope;Miércoles;;Boulevard Parque Arauco - Av. Pdte. Kennedy 5413, local 363 A, piso 1, Las Condes;"CMR Mastercard; CMR Mastercard Premium; CMR Mastercard Elite; Tarjeta Débito Banco Falabella";Presencial;Región Metropolitana de Santiago;2026-08-01 → 2026-10-31;https://www.bancofalabella.cl/descuentos/detalle/neli;40% dcto sin tope pagando con CMR y 30% dcto sin tope pagando con débito Banco Falabella / - Boulevard Parque Arauco - Av. Pdte. Kennedy 5413, local 363 A, piso 1, Las Condes / Condiciones: / - No acumulable con otras promociones / - Exclusivo presencial / - Válido día miércoles
Banco Falabella;ROCOTO;Fundado hace más de 14 años, este referente de la cocina peruana en Santiago se ha destacado por su premiado delivery y;40%;40;Sin Tope;Sábado;;"Avenida Pedro de Valdivia 2573, Ñuñoa, Chile (solo delivery y retiro); Avenida las Condes 7134, Las Condes, Chile; Roberto Espinoza 718, Santiago Centro, Chile; Partenón 1727, Vitacura, Chile; Avenida Francisco Bilbao 2752, Providencia, Chile";"CMR Mastercard; CMR Mastercard Premium; Tarjeta Débito Banco Falabella; CMR Mastercard Elite";Presencial;Región Metropolitana de Santiago;2026-01-01 → 2026-10-31;https://www.bancofalabella.cl/descuentos/detalle/rocoto;¡Sin Tope! Disfruta con un 40% de dcto pagando con tu CMR y 30% de dcto pagando con débito Banco Falabella / Locales: / - Avenida Pedro de Valdivia 2573, Ñuñoa, Chile (solo delivery y retiro) / - Avenida las Condes 7134, Las Condes, Chile / - Roberto Espinoza 718, Santiago Centro, Chile / - Partenón 1727, Vitacura, Chile / - Avenida Francisco Bilbao 2752, Providencia, Chile / Condiciones: / - No aplica sobre otros descuentos / - Exclusivo presencial / - Válido sábados
Banco Falabella;Chili's;Chili’s es una cadena estadounidense fundada en 1975, famosa por su ambiente casual y su auténtica cocina Tex-Mex;40% (40% dcto con CMR y 30% con Débito Banco Falabella.);40;Sin Tope;Lunes;;;"CMR Mastercard; CMR Mastercard Premium; Tarjeta Débito Banco Falabella; CMR Mastercard Elite";Presencial;Región Metropolitana de Santiago;2026-03-01 → 2026-10-31;https://www.bancofalabella.cl/descuentos/detalle/chilis;Sigue estos pasos /  / - Has tu reserva en Chili's / - Usa tu tarjeta CMR o Débito Banco Falabella como medio de pago / - Y listo! Ya tienes tu 40% dcto con CMR y 30% con Débito Banco Falabella. / Condiciones: / - Solo Presencial
Banco Falabella;La Maestranza;La Maestranza es un restaurante chileno que combina tradición y modernidad, inspirado en la cultura ferroviaria y el esp;40% (40% dcto con CMR y 30% con Débito Banco Falabella.);40;Sin Tope;Lunes, Miércoles;;Avenida Vitacura 5468, Vitacura – Santiago;"CMR Mastercard; CMR Mastercard Premium; CMR Mastercard Elite; Tarjeta Débito Banco Falabella";Presencial;Región Metropolitana de Santiago;2026-01-01 → 2026-10-31;https://www.bancofalabella.cl/descuentos/detalle/la-maestranza;Sigue estos pasos /  / - Has tu reserva en La Maestranza / - Usa tu tarjeta CMR o Débito Banco Falabella como medio de pago / - Y listo! Ya tienes tu 40% dcto con CMR y 30% con Débito Banco Falabella. / Condiciones: / *Solo Presencial / - Todos los lunes y miércoles / - *Dirección: Avenida Vitacura 5468, Vitacura – Santiago
Banco Falabella;La santoría;Restaurante que fusiona sabores chilenos con propuestas modernas;40% (40% dcto sin tope con CMR y 30% dcto sin tope con Débito Banco Falabella);40;Sin Tope;Lunes, Miércoles, Jueves, Viernes, Sábado, Domingo;;La Santoría: Manuel Montt 422, Providencia;"CMR Mastercard; CMR Mastercard Premium; CMR Mastercard Elite; Tarjeta Débito Banco Falabella";Presencial;Región Metropolitana de Santiago;2026-01-01 → 2026-10-31;https://www.bancofalabella.cl/descuentos/detalle/la-santoria;Conoce el detalle /  / Descuento: 40% dcto sin tope con CMR y 30% dcto sin tope con Débito Banco Falabella / Válido en locales: / - La Santoría: Manuel Montt 422, Providencia / Condiciones: / - El descuento no es acumulable con otras promociones / - Válido solo para compras presenciales en La Santoría
Banco Falabella;Barra Olivo;Barra Olivo es un restaurante de comida peruana y marisquería ubicado en Chicureo, Chile;40% (40% dcto sin tope con CMR y 30% dcto sin tope con Débito Banco Falabella los miércoles);40;Sin tope;Miércoles;;km2 chicureo Boulevar - Av. Chicureo, Los Ingleses, local16, Colina, Región Metropolitana;"CMR Mastercard; CMR Mastercard Premium; Tarjeta Débito Banco Falabella; CMR Mastercard Elite";Presencial;Región Metropolitana de Santiago;2026-01-01 → 2026-10-31;https://www.bancofalabella.cl/descuentos/detalle/barra-olivo;Conoce el detalle /  / Descuento: 40% dcto sin tope con CMR y 30% dcto sin tope con Débito Banco Falabella los miércoles / Válido en locales: / - km2 chicureo Boulevar - Av. Chicureo, Los Ingleses, local16, Colina, Región Metropolitana
Banco Falabella;De Barrio;DeBarrio es una popular fuente de soda en Santiago, famosa en redes sociales por sus platos gigantescos y sabrosos, dest;40% (40% dcto sin tope con CMR y 30% dcto sin tope con Débito Banco Falabella);40;Sin Tope;Lunes, Martes, Miércoles, Jueves;;De Barrio;"CMR Mastercard; CMR Mastercard Premium; Tarjeta Débito Banco Falabella; CMR Mastercard Elite";Presencial;Región Metropolitana de Santiago;2026-04-01 → 2026-10-31;https://www.bancofalabella.cl/descuentos/detalle/de-barrio;Conoce el detalle /  / Descuento: 40% dcto sin tope con CMR y 30% dcto sin tope con Débito Banco Falabella / Válido en locales: / - De Barrio / - De lunes a jueves / Condiciones: / - El descuento no es acumulable con otras promociones / - Válido solo para compras presenciales.
Banco Falabella;Vapiano;Cadena internacional de comida italiana, famosa por sus pastas frescas y pizzas artesanales;40% (40% dcto con CMR y 30% con Débito Banco Falabella.);40;Sin Tope;Lunes, Miércoles, Viernes, Sábado, Domingo;;Avenida Presidente Kennedy 5413, Las Condes, Región Metropolitana y Avenida Providencia 1984, Providencia. Región Metropolitana;"CMR Mastercard; CMR Mastercard Premium; CMR Mastercard Elite; Tarjeta Débito Banco Falabella";Presencial;Región Metropolitana de Santiago;2026-01-01 → 2026-10-31;https://www.bancofalabella.cl/descuentos/detalle/vapiano;Sigue estos pasos /  / - Has tu reserva en Vapiano / - Usa tu tarjeta CMR o Débito Banco Falabella como medio de pago / - Y listo! Ya tienes tu 40% dcto con CMR y 30% con Débito Banco Falabella. / Condiciones: / *Solo Presencial / - Todos los Lunes, Miércoles, Viernes, Sábados y Domingos / *Dirección: Avenida Presidente Kennedy 5413, Las Condes, Región Metropolitana y Avenida Providencia 1984, Providencia. Región Metropolitana
Banco Falabella;Paris texas;Una cadena estilo Tex‑Mex y americana ubicada en Mallplaza, famosa por sus ribs jugosas, hamburguesas artesanales y papa;40% (40% dcto sin tope con CMR y 30% dcto sin tope con Débito Banco Falabella);40;Sin Tope;Lunes, Martes, Miércoles, Jueves;;Mallplaza Vespucio: lunes a jueves;"CMR Mastercard; CMR Mastercard Premium; Tarjeta Débito Banco Falabella; CMR Mastercard Elite";Presencial;Región Metropolitana de Santiago;2026-01-01 → 2026-10-31;https://www.bancofalabella.cl/descuentos/detalle/40-de-dcto-en-restaurantes-mallplaza-paris-texas;Conoce el detalle /  / Descuento: 40% dcto sin tope con CMR y 30% dcto sin tope con Débito Banco Falabella / Válido en locales: / - Mallplaza Vespucio: lunes a jueves
Banco Falabella;La patrona;Restaurante que celebra la cocina mexicana con tacos, enchiladas y margaritas;40% (40% dcto sin tope con CMR y 30% dcto sin tope con Débito Banco Falabella);40;Sin Tope;Lunes, Martes, Miércoles, Jueves;;Mall Plaza Vespucio: lunes a jueves;"CMR Mastercard; CMR Mastercard Premium; CMR Mastercard Elite; Tarjeta Débito Banco Falabella";Presencial;Región Metropolitana de Santiago;2026-01-01 → 2026-10-31;https://www.bancofalabella.cl/descuentos/detalle/40-de-dcto-en-restaurantes-mallplaza-la-patrona;Conoce el detalle /  / Descuento: Hasta 40% dcto sin tope con CMR y 30% dcto sin tope con Débito Banco Falabella / Válido en locales: / - Mall Plaza Vespucio: lunes a jueves
Banco Falabella;Vendetta;Restaurante-bar temático en Santiago inspirado en la cultura italiana y el cine, con carta de pizzas, pastas y coctelerí;40% (40% dcto sin tope con CMR y 30% dcto sin tope con Débito Banco Falabella);40;Sin Tope;Lunes, Martes, Miércoles, Jueves;;locales seleccionados;"CMR Mastercard; CMR Mastercard Premium; CMR Mastercard Elite; Tarjeta Débito Banco Falabella";Presencial;Región Metropolitana de Santiago;2026-01-01 → 2026-10-31;https://www.bancofalabella.cl/descuentos/detalle/vendetta;Conoce el detalle /  / Descuento: 40% dcto sin tope con CMR y 30% dcto sin tope con Débito Banco Falabella / De lunes a jueves
Banco Falabella;Tigre Bravo;Tigre Bravo es la vibrante propuesta del chef Emilio Peschiera, pionero de la cocina peruana en Chile;40% (40% dcto sin tope con CMR y 30% dcto sin tope con Débito Banco Falabella);40;Sin Tope;Martes, Miércoles;;Mall Arauco Maipú;"CMR Mastercard; CMR Mastercard Premium; CMR Mastercard Elite; Tarjeta Débito Banco Falabella";Presencial;Región Metropolitana de Santiago;2026-01-01 → 2026-10-31;https://www.bancofalabella.cl/descuentos/detalle/tigre-bravo;Conoce el detalle /  / Descuento: 40% dcto sin tope con CMR y 30% dcto sin tope con Débito Banco Falabella / Válido en locales: / - Mall Arauco Maipú / Condiciones: / - El descuento no es acumulable con otras promociones / - Válido solo para compras presenciales en Tigre Bravo
Banco Falabella;Danés;Restaurante ubicado en Santiago, reconocido por su cocina chilena y platos tradicionales;40% (40% dcto con CMR y 30% con Débito Banco Falabella.);40;Sin Tope;Miércoles, Sábado;;Cristobal Colon 4455, Las Condes, Región Metropolitana;"Tarjeta Débito Banco Falabella; CMR Mastercard Elite; CMR Mastercard Premium; CMR Mastercard";Presencial;Región Metropolitana de Santiago;2026-01-01 → 2026-10-31;https://www.bancofalabella.cl/descuentos/detalle/danes;Sigue estos pasos /  / - Has tu reserva en Danés / - Usa tu tarjeta CMR o Débito Banco Falabella como medio de pago / - Y listo! Ya tienes tu 40% dcto con CMR y 30% con Débito Banco Falabella. / Condiciones: / *Solo Presencial / *Dirección: Cristobal Colon 4455, Las Condes, Región Metropolitana
Banco Falabella;Exò Nuit;Exò Nuit es un restaurante y bar contemporáneo en Vitacura, Santiago;40%;40;Sin tope;Martes, Miércoles, Jueves, Viernes, Sábado;;Candelaria Goyenechea 3868, 7630315 Vitacura, Región Metropolitana;"CMR Mastercard; CMR Mastercard Premium; Tarjeta Débito Banco Falabella; CMR Mastercard Elite";Presencial;Región Metropolitana de Santiago;2026-01-03 → 2026-10-31;https://www.bancofalabella.cl/descuentos/detalle/exo-nuit;Sigue estos pasos /  / - Has tu reserva en EXO / - Candelaria Goyenechea 3868, 7630315 Vitacura, Región Metropolitana / Condiciones: / - Exclusivo presencial y online / - No acumulable sobre otras promociones
Banco Falabella;Berlín Doner Kebab;Restaurante inspirado en la tradición alemana del kebab, con carnes asadas y salsas únicas;40%;40;Sin Tope;Lunes, Jueves;;;"CMR Mastercard; CMR Mastercard Premium; CMR Mastercard Elite; Tarjeta Débito Banco Falabella";Presencial;Región Metropolitana de Santiago;2025-10-01 → 2026-10-31;https://www.bancofalabella.cl/descuentos/detalle/berlin-doner-kebab;Locales: / Gerónimo de Alderete 1579, Vitacura. / Irarrázaval 1520, Ñuñoa. / Condiciones: / - Excluye promociones
Banco Falabella;Cantina Montt;Cantina Montt es un popular bar de barrio ubicado en la comuna de Providencia, en Santiago de Chile;40% (40% dcto sin tope con CMR y 30% dcto sin tope con Débito Banco Falabella los martes y sábados);40;Sin Tope;Martes, Sábado;;Avenida Manuel Montt 1201, Providencia;"CMR Mastercard; CMR Mastercard Premium; Tarjeta Débito Banco Falabella; CMR Mastercard Elite";Presencial;Región Metropolitana de Santiago;2026-01-06 → 2026-10-31;https://www.bancofalabella.cl/descuentos/detalle/cantina-montt;Conoce el detalle /  / Descuento: 40% dcto sin tope con CMR y 30% dcto sin tope con Débito Banco Falabella los martes y sábados / Condiciones: / - El descuento no es acumulable con otras promociones / - Exclusivo presencial / Dirección: Avenida Manuel Montt 1201, Providencia
Banco Falabella;Cantina Varas;Cantina Varas es un bar de barrio, conocido por su ambiente acogedor, coctelería de autor, 12 salidas de cerveza artesan;40% (40% dcto sin tope con CMR y 30% dcto sin tope con Débito Banco Falabella de lunes a sábado);40;Sin Tope;Lunes, Martes, Miércoles, Jueves, Viernes, Sábado;;Antonio Varas 443, Providencia;"CMR Mastercard; CMR Mastercard Premium; Tarjeta Débito Banco Falabella; CMR Mastercard Elite";Presencial;Región Metropolitana de Santiago;2026-07-01 → 2026-10-31;https://www.bancofalabella.cl/descuentos/detalle/cantina-varas;Conoce el detalle /  / Descuento: 40% dcto sin tope con CMR y 30% dcto sin tope con Débito Banco Falabella de lunes a sábado / Condiciones: / - El descuento no es acumulable con otras promociones / - Exclusivo presencial / Dirección: Antonio Varas 443, Providencia
Banco Falabella;Kento Gourmet;Kento Gourmet es un restaurante de estilo nikkei/sushi gourmet que ofrece rolls, nigiris, tiraditos, ceviches y platos c;40%;40;Sin Tope;Lunes, Martes, Miércoles, Jueves;;"Alto Las Condes (Av Presidente Kennedy Lateral 9001); Parque Arauco (Av Presidente Kennedy 5413); Av. Vitacura 5460; Pide online aquí";"CMR Mastercard; CMR Mastercard Premium; CMR Mastercard Elite; Tarjeta Débito Banco Falabella";Presencial, Online;Región Metropolitana de Santiago;2026-01-01 → 2026-10-31;https://www.bancofalabella.cl/descuentos/detalle/kento-gourmet;¡Sin Tope! Disfruta con un 40% de dcto pagando con tu CMR y 30% de dcto pagando con débito Banco Falabella / Locales: / - Alto Las Condes (Av Presidente Kennedy Lateral 9001) / - Parque Arauco (Av Presidente Kennedy 5413) / - Av. Vitacura 5460 / - Pide online aquí / Condiciones: / - Excluye promociones / - Presencial y onlines / - lunes a jueves
Banco Falabella;MISCELANEO;Restaurante que fusiona sabores internacionales en un ambiente moderno;40% (40% dcto sin tope con CMR y 30% dcto sin tope con Débito Banco Falabella.);40;Sin Tope;Martes, Miércoles, Jueves, Viernes, Sábado;;Av. Santa María, 5870, Torre Oriente B 15, Vitacura, Región Metropolitana;"CMR Mastercard; CMR Mastercard Premium; Tarjeta Débito Banco Falabella; CMR Mastercard Elite";Presencial;Región Metropolitana de Santiago;2025-09-29 → 2026-10-31;https://www.bancofalabella.cl/descuentos/detalle/miscelaneo;Conoce el detalle /  / Descuento: 40% dcto sin tope con CMR y 30% dcto sin tope con Débito Banco Falabella. / Válido en locales: / - Av. Santa María, 5870, Torre Oriente B 15, Vitacura, Región Metropolitana / - Martes a Sábado / Condiciones: / - El descuento no es acumulable con otras promociones / - Válido solo para compras presenciales en Miscelaneo
Banco Falabella;Kato;Kató Tasty Caos es un restaurante pan-asiático ubicado en Isidora Goyenechea 3275, Las Condes, Santiago (Región Metropol;40% (40% dcto con CMR y 30% con Débito Banco Falabella.);40;Sin Tope;Lunes, Martes, Miércoles, Jueves, Viernes, Sábado;;;"CMR Mastercard; CMR Mastercard Premium; CMR Mastercard Elite; Tarjeta Débito Banco Falabella";Presencial;Región Metropolitana de Santiago;2026-02-01 → 2026-10-31;https://www.bancofalabella.cl/descuentos/detalle/kato;Sigue estos pasos /  / - Has tu reserva en Kato / - Usa tu tarjeta CMR o Débito Banco Falabella como medio de pago / - Y listo! Ya tienes tu 40% dcto con CMR y 30% con Débito Banco Falabella. / Condiciones: / *Solo Presencial
Banco Falabella;Udon;Udon es una cadena internacional especializada en cocina asiática moderna, inspirada en los sabores de Japón y el sudest;40% (40% dcto sin tope con CMR y 30% dcto sin tope con Débito Banco Falabella de lunes a domingo);40;Sin tope;Lunes, Martes, Miércoles, Jueves, Viernes, Sábado, Domingo;;"Alto las Condes; Portal la dehesa; Costanera Center";"CMR Mastercard; CMR Mastercard Premium; Tarjeta Débito Banco Falabella; CMR Mastercard Elite";Presencial;Región Metropolitana de Santiago;2026-01-01 → 2026-10-31;https://www.bancofalabella.cl/descuentos/detalle/udon;Conoce el detalle /  / Descuento: 40% dcto sin tope con CMR y 30% dcto sin tope con Débito Banco Falabella de lunes a domingo / Válido en locales: / - Alto las Condes / - Portal la dehesa / - Costanera Center
Banco Falabella;Siete cortes;Restaurante parrillero que ofrece cortes premium y carnes a la brasa;40% (40% dcto sin tope con CMR y 30% dcto sin tope con Débito Banco Falabella);40;Sin Tope;Lunes, Martes, Miércoles, Jueves, Viernes, Sábado, Domingo;Open Kennedy desde las 19:00: miércoles a domingo;"Open Kennedy: lunes y martes; Open Kennedy desde las 19:00: miércoles a domingo";"CMR Mastercard; CMR Mastercard Premium; CMR Mastercard Elite; Tarjeta Débito Banco Falabella";Presencial;Región Metropolitana de Santiago;2026-01-01 → 2026-10-31;https://www.bancofalabella.cl/descuentos/detalle/40-de-dcto-en-restaurantes-mallplaza-siete-cortes;Conoce el detalle /  / Descuento: 40% dcto sin tope con CMR y 30% dcto sin tope con Débito Banco Falabella / Válido en locales: / - Open Kennedy: lunes y martes / - Open Kennedy desde las 19:00: miércoles a domingo
Banco Falabella;Badass;Un espacio urbano en Parque Arauco, nacido para quienes buscan experiencias modernas y sociales;40% (40% dcto sin tope con CMR y 30% dcto sin tope con Débito Banco Falabella);40;Sin Tope;Lunes, Martes, Miércoles, Jueves, Viernes, Sábado, Domingo;;Parque Arauco todos los dias;"Tarjeta Débito Banco Falabella; CMR Mastercard Elite; CMR Mastercard Premium; CMR Mastercard";Presencial;Región Metropolitana de Santiago;2026-01-01 → 2026-10-31;https://www.bancofalabella.cl/descuentos/detalle/badass;Conoce el detalle /  / Descuento: 40% dcto sin tope con CMR y 30% dcto sin tope con Débito Banco Falabella / Válido en locales: / - Parque Arauco todos los dias.
Banco Falabella;Barra Chalaca;Restaurante peruano que ofrece ceviches, tiraditos y cocina marina;40% (40% dcto sin tope con CMR y 30% dcto sin tope con Débito Banco Falabella);40;Sin Tope;Lunes, Martes, Miércoles, Jueves, Viernes, Sábado, Domingo;;"Mall Plaza Egaña: lunes a Jueves; Mall Alto Las Condes: lunes a viernes; Mall Plaza Norte: lunes a viernes; Mall Plaza Vespucio: lunes y martes; Mall Vivo Panorámico: lunes a domingo";"Tarjeta Débito Banco Falabella; CMR Mastercard Elite; CMR Mastercard Premium; CMR Mastercard";Presencial;Región Metropolitana de Santiago, Región de Valparaíso;2026-01-01 → 2026-10-31;https://www.bancofalabella.cl/descuentos/detalle/40-de-dcto-en-restaurantes-mallplaza-barra-chalaca;Conoce el detalle /  / Descuento: 40% dcto sin tope con CMR y 30% dcto sin tope con Débito Banco Falabella / Válido en locales: / - Mall Plaza Egaña: lunes a Jueves / - Mall Alto Las Condes: lunes a viernes / - Mall Plaza Norte: lunes a viernes / - Mall Plaza Vespucio: lunes y martes / - Mall Vivo Panorámico: lunes a domingo
Banco Falabella;Ekeko;Marca que celebra la cocina peruana y latinoamericana con platos llenos de sabor y tradición;40% (40% dcto sin tope con CMR y 30% dcto sin tope con Débito Banco Falabella);40;Sin Tope;Lunes, Martes, Miércoles, Jueves, Viernes, Sábado, Domingo;;Mercado Bulnes: todos los días;"Tarjeta Débito Banco Falabella; CMR Mastercard Elite; CMR Mastercard Premium; CMR Mastercard";Presencial;Región Metropolitana de Santiago;2026-01-01 → 2026-10-31;https://www.bancofalabella.cl/descuentos/detalle/40-de-dcto-en-restaurantes-mallplaza-ekeko;Conoce el detalle /  / Descuento: 40% dcto sin tope con CMR y 30% dcto sin tope con Débito Banco Falabella / Válido en locales: / - Mercado Bulnes: todos los días
Banco Falabella;El Bodegon;El Bodegón Taberna Limeña es un restaurante en Las Condes, Santiago, especializado en cocina peruana moderna;40% (40% dcto sin tope con CMR y 30% dcto sin tope con Débito Banco Falabella);40;Sin Tope;Lunes, Martes, Miércoles, Jueves, Viernes, Sábado, Domingo;Open Kennedy desde las 19:00: miércoles a domingo;"Open Kennedy: lunes y martes; Open Kennedy desde las 19:00: miércoles a domingo";"Tarjeta Débito Banco Falabella; CMR Mastercard Elite; CMR Mastercard Premium; CMR Mastercard";Presencial;Región Metropolitana de Santiago;2026-01-01 → 2026-10-31;https://www.bancofalabella.cl/descuentos/detalle/el-bodegon;Conoce el detalle /  / Descuento: Hasta 40% dcto sin tope con CMR y 30% dcto sin tope con Débito Banco Falabella / Válido en locales: / - Open Kennedy: lunes y martes / - Open Kennedy desde las 19:00: miércoles a domingo
Banco Falabella;El japones;Restaurante especializado en cocina japonesa, con sushi, sashimi y platos tradicionales;40% (40% dcto sin tope con CMR y 30% dcto sin tope con Débito Banco Falabella);40;Sin Tope;Lunes, Martes, Miércoles, Jueves, Viernes, Sábado, Domingo;;"Mall Florida Center: lunes a domingo; Mallplaza Lo Dominicos: lunes a domingo; Mallplaza Tobalaba : lunes a domingo; Mercado Bulnes: lunes a domingo; Vivo Panorámico: lunes a domingo; Isidora 3000 : viernes a domingo";"Tarjeta Débito Banco Falabella; CMR Mastercard Elite; CMR Mastercard Premium; CMR Mastercard";Presencial;Región Metropolitana de Santiago;2026-01-01 → 2026-10-31;https://www.bancofalabella.cl/descuentos/detalle/40-de-dcto-en-restaurantes-mallplaza-el-japones;Conoce el detalle /  / Descuento: Hasta 40% dcto sin tope con CMR y 30% dcto sin tope con Débito Banco Falabella / Válido en locales: / - Mall Florida Center: lunes a domingo / - Mallplaza Lo Dominicos: lunes a domingo / - Mallplaza Tobalaba : lunes a domingo / - Mercado Bulnes: lunes a domingo / - Vivo Panorámico: lunes a domingo / - Isidora 3000 : viernes a domingo
Banco Falabella;Enrique Tomás;Enrique Tomás es una reconocida marca española especializada en jamón ibérico, con más de 40 años de tradición;40% (40% dcto con CMR y 30% con Débito Banco Falabella.);40;Sin Tope;Lunes, Martes, Miércoles, Jueves, Viernes, Sábado, Domingo;;;"CMR Mastercard; CMR Mastercard Premium; Tarjeta Débito Banco Falabella; CMR Mastercard Elite";Presencial;Región Metropolitana de Santiago;2026-01-01 → 2026-10-31;https://www.bancofalabella.cl/descuentos/detalle/enrique-tomas;Sigue estos pasos /  / - Has tu reserva en Enrique Tomás / - Usa tu tarjeta CMR o Débito Banco Falabella como medio de pago / - Y listo! Ya tienes tu 40% dcto con CMR y 30% con Débito Banco Falabella. / Condiciones: / Solo Presencial en Costanera Center todos los días
Banco Falabella;Frida Kahlo;Restaurante temático inspirado en la cultura mexicana y la artista Frida Kahlo;40% (40% dcto sin tope con CMR y 30% dcto sin tope con Débito Banco Falabella);40;Sin Tope;Lunes, Martes, Miércoles, Jueves, Viernes, Sábado, Domingo;;Costanera Center: lunes a domingo;"Tarjeta Débito Banco Falabella; CMR Mastercard Elite; CMR Mastercard Premium; CMR Mastercard";Presencial;Región Metropolitana de Santiago;2026-01-01 → 2026-10-31;https://www.bancofalabella.cl/descuentos/detalle/frida-kahlo;Conoce el detalle /  / Descuento: 40% dcto sin tope con CMR y 30% dcto sin tope con Débito Banco Falabella / Válido en locales: / - Costanera Center: lunes a domingo
Banco Falabella;Fuente Suiza;Fuente Suiza Mall Plaza Egaña es un punto de restauración estilo fuente de soda chilena ubicado en Mall Plaza Egaña (Ave;40% (40% dcto sin tope con CMR y 30% dcto sin tope con Débito Banco Falabella);40;Sin tope;Lunes, Martes, Miércoles, Jueves, Viernes, Sábado, Domingo;Open Kennedy desde 19:00hrs: miércoles a domingo;"Open Kennedy: lunes y martes; Open Kennedy desde 19:00hrs: miércoles a domingo; Mallplaza Los Dominicos: todos los días";"CMR Mastercard; CMR Mastercard Premium; Tarjeta Débito Banco Falabella; CMR Mastercard Elite";Presencial;Región Metropolitana de Santiago;2026-01-01 → 2026-10-31;https://www.bancofalabella.cl/descuentos/detalle/fuente-suiza;Conoce el detalle /  / Descuento: 40% dcto sin tope con CMR y 30% dcto sin tope con Débito Banco Falabella / Válido en locales: / - Open Kennedy: lunes y martes / - Open Kennedy desde 19:00hrs: miércoles a domingo / - Mallplaza Los Dominicos: todos los días
Banco Falabella;Jalisco;Restaurante que rinde homenaje a la gastronomía mexicana tradicional;40% (40% dcto sin tope con CMR y 30% dcto sin tope con Débito Banco Falabella de lunes a domingo);40;Sin Tope;Lunes, Martes, Miércoles, Jueves, Viernes, Sábado, Domingo;;"Costanera Center; Parque Arauco; Open Kennedy; Vivo Panorámico";"CMR Mastercard; CMR Mastercard Premium; CMR Mastercard Elite; Tarjeta Débito Banco Falabella";Presencial;Región Metropolitana de Santiago;2026-01-01 → 2026-10-31;https://www.bancofalabella.cl/descuentos/detalle/sog-jalisco;Conoce el detalle /  / Descuento: 40% dcto sin tope con CMR y 30% dcto sin tope con Débito Banco Falabella de lunes a domingo / Válido en locales: / - Costanera Center / - Parque Arauco / - Open Kennedy / - Vivo Panorámico
Banco Falabella;Kairos garden;Restaurante que ofrece cocina saludable y experiencias en un entorno natural;40% (40% dcto sin tope con CMR y 30% dcto sin tope con Débito Banco Falabella);40;Sin Tope;Lunes, Martes;;Mall Plaza Vespucio: lunes y martes;"CMR Mastercard; CMR Mastercard Elite; CMR Mastercard Premium; Tarjeta Débito Banco Falabella";Presencial;Región Metropolitana de Santiago;2026-01-01 → 2026-10-31;https://www.bancofalabella.cl/descuentos/detalle/kairos-garden;Conoce el detalle /  / Descuento: 40% dcto sin tope con CMR y 30% dcto sin tope con Débito Banco Falabella / Válido en locales: / - Mall Plaza Vespucio: lunes y martes
Banco Falabella;La argentina;"La pizzería argentina es una tradición culinaria nacida de la inmigración italiana, caracterizada por la ""pizza al molde";40% (40% dcto sin tope con CMR y 30% dcto sin tope con Débito Banco Falabella de lunes a domingo);40;Sin Tope;Lunes, Martes, Miércoles, Jueves, Viernes, Sábado, Domingo;;"Mallplaza Oeste; Mallplaza Los Dominicos; Mall Florida Center; Mallplaza Tobalaba; Mallplaza Vespucio";"Tarjeta Débito Banco Falabella; CMR Mastercard; CMR Mastercard Premium; CMR Mastercard Elite";Presencial;Región Metropolitana de Santiago;2026-01-04 → 2026-10-31;https://www.bancofalabella.cl/descuentos/detalle/la-argentina;Conoce el detalle / Descuento: 40% dcto sin tope con CMR y 30% dcto sin tope con Débito Banco Falabella de lunes a domingo / Válido en local: / - Mallplaza Oeste / - Mallplaza Los Dominicos / - Mall Florida Center / - Mallplaza Tobalaba / - Mallplaza Vespucio / - Mercado Bulnes / - Vivo Panoramico / Condiciones: / - El descuento no es acumulable con otras promociones / - Válido solo para compras presenciales.
Banco Falabella;La piazza;Restaurante inspirado en la gastronomía italiana, con pizzas y pastas frescas;40% (40% dcto sin tope con CMR y 30% dcto sin tope con Débito Banco Falabella);40;Sin Tope;Lunes, Martes, Miércoles, Jueves, Viernes, Sábado, Domingo;Open Kennedy desde las 19:00hrs: miércoles a domingo;"Mall Plaza Vespucio: Todos los días; Open Kennedy: lunes y martes; Open Kennedy desde las 19:00hrs: miércoles a domingo";"CMR Mastercard; CMR Mastercard Premium; CMR Mastercard Elite; Tarjeta Débito Banco Falabella";Presencial;Región Metropolitana de Santiago;2026-01-01 → 2026-10-31;https://www.bancofalabella.cl/descuentos/detalle/sog-la-piazza;Conoce el detalle /  / Descuento: 40% dcto sin tope con CMR y 30% dcto sin tope con Débito Banco Falabella / Válido en locales: / - Mall Plaza Vespucio: Todos los días / - Open Kennedy: lunes y martes / - Open Kennedy desde las 19:00hrs: miércoles a domingo
Banco Falabella;La sanguchera del barrio;Cadena chilena famosa por sus sándwiches artesanales y recetas tradicionales;40% (40% dcto sin tope con CMR y 30% dcto sin tope con Débito Banco Falabella de lunes a domingo);40;Sin Tope;Lunes, Martes, Miércoles, Jueves, Viernes, Sábado, Domingo;;"Mall Plaza Egaña; Mercado Bulnes; Vivo Imperio; Costanera Center; Mallplaza Tobalaba";"CMR Mastercard; CMR Mastercard Premium; CMR Mastercard Elite; Tarjeta Débito Banco Falabella";Presencial;Región Metropolitana de Santiago;2026-01-01 → 2026-10-31;https://www.bancofalabella.cl/descuentos/detalle/40-de-dcto-en-restaurantes-mallplaza-la-sanguchera-del-barrio;Conoce el detalle /  / Descuento: Hasta 40% dcto sin tope con CMR y 30% dcto sin tope con Débito Banco Falabella de lunes a domingo / Válido en locales: / - Mall Plaza Egaña / - Mercado Bulnes / - Vivo Imperio / - Costanera Center / - Mallplaza Tobalaba
Banco Falabella;Mamma mia;Restaurante especializado en pizzas y pastas al estilo italiano;40% (40% dcto sin tope con CMR y 30% dcto sin tope con Débito Banco Falabella);40;Sin Tope;Lunes, Martes, Miércoles, Jueves, Viernes, Sábado, Domingo;;"Mallplaza Tobalaba: Todos los días; Vivo Panorámico: Todos los días; Parque Arauco: Todos los días; Mallplaza Antofagasta: lunes a miércoles";"Tarjeta Débito Banco Falabella; CMR Mastercard Elite; CMR Mastercard Premium; CMR Mastercard";Presencial;Región Metropolitana de Santiago;2026-01-01 → 2026-10-31;https://www.bancofalabella.cl/descuentos/detalle/40-de-dcto-en-restaurantes-mallplaza-mamma-mia;Conoce el detalle /  / Descuento: Hasta 40% dcto sin tope con CMR y 30% dcto sin tope con Débito Banco Falabella / Válido en locales: / - Mallplaza Tobalaba: Todos los días / - Vivo Panorámico: Todos los días / - Parque Arauco: Todos los días / - Mallplaza Antofagasta: lunes a miércoles.
Banco Falabella;Meson del marinero;Restaurante especializado en pescados y mariscos ubicado en el 4.º piso del Open Kennedy / Parque Arauco;40% (40% dcto sin tope con CMR y 30% dcto sin tope con Débito Banco Falabella);40;Sin Tope;Lunes, Martes, Miércoles, Jueves, Viernes, Sábado, Domingo;Open Kennedy desde las 19:00hrs: miércoles a domingo;"Open Kennedy: lunes y martes; Open Kennedy desde las 19:00hrs: miércoles a domingo; Mallplaza Antofagasta: lunes a miércoles";"Tarjeta Débito Banco Falabella; CMR Mastercard Elite; CMR Mastercard Premium; CMR Mastercard";Presencial;Región Metropolitana de Santiago, Región de Antofagasta;2026-01-01 → 2026-10-31;https://www.bancofalabella.cl/descuentos/detalle/sog-meson-del-marinero;Conoce el detalle /  / Descuento: 40% dcto sin tope con CMR y 30% dcto sin tope con Débito Banco Falabella / Válido en locales: / - Open Kennedy: lunes y martes / - Open Kennedy desde las 19:00hrs: miércoles a domingo / - Mallplaza Antofagasta: lunes a miércoles.
Banco Falabella;Milá;Restaurante que fusiona cocina mediterránea y chilena, con platos frescos y creativos;40% (40% dcto sin tope con CMR y 30% dcto sin tope con Débito Banco Falabella);40;Sin Tope;Lunes, Martes, Miércoles, Jueves, Viernes, Sábado, Domingo;;"Mall Vivo Imperio: Todos los días; Alto Las Condes: Lunes y martes";"Tarjeta Débito Banco Falabella; CMR Mastercard Elite; CMR Mastercard Premium; CMR Mastercard";Presencial;Región Metropolitana de Santiago;2026-01-01 → 2026-10-31;https://www.bancofalabella.cl/descuentos/detalle/40-de-dcto-en-restaurantes-vivo-imperio-mila;Conoce el detalle /  / Descuento: 40% dcto sin tope con CMR y 30% dcto sin tope con Débito Banco Falabella / Válido en locales: / - Mall Vivo Imperio: Todos los días / - Alto Las Condes: Lunes y martes
Banco Falabella;Mamut;Restaurante chileno de comida abundante y sabrosa, ideal para compartir;40% (40% dcto CMR y 30% dcto Débito Banco Falabella);40;Sin Tope;Lunes;;Locales Mamut;"Tarjeta Débito Banco Falabella; CMR Mastercard Elite; CMR Mastercard Premium; CMR Mastercard";Presencial;Región de Antofagasta, Región del Maule, Región del Biobío, Región de Aysén del General Carlos Ibáñez del Campo, Región de Magallanes y de la Antártica Chilena;2021-01-10 → 2026-10-31;https://www.bancofalabella.cl/descuentos/detalle/mamut;Sigue estos pasos /  / - Has tu reserva en Mamut / - Usa tu tarjeta CMR o Débito Banco Falabella como medio de pago / - Y listo! Ya tienes tu dcto / Condiciones: / *Solo Presencial / *40% dcto CMR y 30% dcto Débito Banco Falabella / - Todos los Lunes / *30% de dcto con tu CMR por la App! / *Dirección: Locales Mamut
Banco Falabella;Muu grill;Restaurante especializado en carnes a la parrilla y cortes premium;40% (40% dcto sin tope con CMR y 30% dcto sin tope con Débito Banco Falabella);40;Sin Tope;Lunes, Martes, Miércoles, Jueves, Viernes, Sábado, Domingo;;"Costanera Center: Todos los días; AV Isidora Goyenechea 3000, las condes: Todos los días; Mercado Bulnes: Todos los días; Mallplaza Oeste: Todos los días; Mallplaza Los Dominicos: Todos los días; Mallplaza Vespucio: Todos los días; Mallplaza Tobalaba: Todos los días; Mallplaza Egaña: Todos los días; Vivo Panorámico: Todos los días; Mall Marina Viña: Todos los días; Mallplaza Antofagasta: Lunes a miércoles";"CMR Mastercard; CMR Mastercard Premium; CMR Mastercard Elite; Tarjeta Débito Banco Falabella";Presencial;Región Metropolitana de Santiago, Región de Valparaíso;2026-01-01 → 2026-10-31;https://www.bancofalabella.cl/descuentos/detalle/40-de-dcto-en-restaurantes-mallplaza-muu-grill;Conoce el detalle /  / Descuento: 40% dcto sin tope con CMR y 30% dcto sin tope con Débito Banco Falabella / Válido en locales: / - Costanera Center: Todos los días / - AV Isidora Goyenechea 3000, las condes: Todos los días / - Mercado Bulnes: Todos los días / - Mallplaza Oeste: Todos los días / - Mallplaza Los Dominicos: Todos los días / - Mallplaza Vespucio: Todos los días / - Mallplaza Tobalaba: Todos los días / - Mallplaza Egaña: Todos los días / - Vivo Panorámico: Todos los días / - Mall Marina Viña: Todos los días / - Mallplaza Antofagasta: Lunes a miércoles
Banco Falabella;Muu Steak;Es una cadena de restaurantes en Chile, parte del Grupo Mil Sabores, especializada en cortes de carne de alta calidad y;40% (40% dcto con CMR y 30% con Débito Banco Falabella. Ambas sin tope.);1;Sin tope;Lunes, Martes;;Alto Las Condes: Lunes y Martes;"CMR Mastercard; CMR Mastercard Premium; Tarjeta Débito Banco Falabella; CMR Mastercard Elite";Presencial;Región Metropolitana de Santiago;2026-01-01 → 2026-10-31;https://www.bancofalabella.cl/descuentos/detalle/muu-steak;Sigue estos pasos /  / - Usa tu tarjeta CMR o Débito Banco Falabella como medio de pago / - Y listo! Ya tienes tu 40% dcto con CMR y 30% con Débito Banco Falabella. Ambas sin tope. / Condiciones: / - Alto Las Condes: Lunes y Martes / - Exclusivo presencial
Banco Falabella;Take a wok;Restaurante de comida asiática rápida en Santiago, especializado en woks personalizados con ingredientes frescos;40% (40% dcto sin tope con CMR y 30% dcto sin tope con Débito Banco Falabella);40;Sin Tope;Lunes, Martes, Miércoles, Jueves, Viernes, Sábado, Domingo;;"Parque Arauco : Todos los días; Mallplaza Oeste: Todos los días; Mallplaza Tobalaba: Todos los días; Vivo Imperio: Sábado y Domingo; Mallplaza Egaña: Lunes a Jueves; Mallplaza Antofagasta: Lunes a viernes";"CMR Mastercard; CMR Mastercard Premium; Tarjeta Débito Banco Falabella; CMR Mastercard Elite";Presencial;Región Metropolitana de Santiago;2026-01-01 → 2026-10-31;https://www.bancofalabella.cl/descuentos/detalle/40-de-dcto-en-restaurantes-mallplaza-take-a-wok;Conoce el detalle /  / Descuento: 40% dcto sin tope con CMR y 30% dcto sin tope con Débito Banco Falabella / Válido en locales: / - Parque Arauco : Todos los días / - Mallplaza Oeste: Todos los días / - Mallplaza Tobalaba: Todos los días / - Vivo Imperio: Sábado y Domingo / - Mallplaza Egaña: Lunes a Jueves / - Mallplaza Antofagasta: Lunes a viernes
Banco Falabella;Tanta;Cadena de restaurantes creada por Gastón Acurio, presente en Chile, que ofrece cocina peruana contemporánea;40% (40% dcto sin tope con CMR y 30% dcto sin tope con Débito Banco Falabella);40;Sin Tope;Lunes, Martes, Miércoles, Jueves, Viernes, Sábado, Domingo;;"Isidora 3000: Viernes a domingo; Mallplaza Egaña: lunes a miércoles; Mallplaza Norte: lunes a jueves; Mallplaza Oeste: lunes a jueves; Mall Florida Center: Todos los dias; Mallplaza Tobalaba: Todos los dias";"CMR Mastercard; CMR Mastercard Premium; CMR Mastercard Elite; Tarjeta Débito Banco Falabella";Presencial;Región Metropolitana de Santiago;2026-01-01 → 2026-10-31;https://www.bancofalabella.cl/descuentos/detalle/40-de-dcto-en-restaurantes-mallplaza-tanta;Conoce el detalle /  / Descuento: 40% dcto sin tope con CMR y 30% dcto sin tope con Débito Banco Falabella / Válido en locales: / - Isidora 3000: Viernes a domingo / - Mallplaza Egaña: lunes a miércoles / - Mallplaza Norte: lunes a jueves / - Mallplaza Oeste: lunes a jueves / - Mall Florida Center: Todos los dias / - Mallplaza Tobalaba: Todos los dias
Banco Falabella;Petit;Petit Cafetería es una marca de bollería premium y café de especialidad en Santiago;40% (40% dcto sin tope con CMR y 30% sin tope con Débito Banco Falabella);40;Sin Tope;Lunes, Martes, Miércoles, Jueves, Viernes, Sábado, Domingo;;Alto las Condes;"CMR Mastercard Elite; CMR Mastercard; CMR Mastercard Premium; Tarjeta Débito Banco Falabella";Presencial;Región Metropolitana de Santiago;2025-11-01 → 2026-10-31;https://www.bancofalabella.cl/descuentos/detalle/petit;Conoce el detalle /  / Descuento: 40% dcto sin tope con CMR y 30% sin tope con Débito Banco Falabella / - De lunes a domingo / - Exclusivo Alto las Condes
Banco Falabella;Sushi & Burger Home;Sushi & Burger Home es una propuesta gastronómica que fusiona sushi y hamburguesas gourmet en un mismo lugar, con un est;40% (40% dcto sin tope con CMR y 30% dcto sin tope con Débito Banco Falabella los Miercoles);40;Sin Tope;Miércoles;;"Viña del Mar y Reñaca; Sushi & Burger Home";"CMR Mastercard; CMR Mastercard Premium; Tarjeta Débito Banco Falabella; CMR Mastercard Elite";Presencial;Región de Valparaíso;2026-06-01 → 2026-10-31;https://www.bancofalabella.cl/descuentos/detalle/sushi-y-burger-home;Conoce el detalle /  / Descuento: 40% dcto sin tope con CMR y 30% dcto sin tope con Débito Banco Falabella los Miercoles / Válido en locales: / - Sushi & Burger Home / - Todos los Miercoles / Condiciones: / - El descuento no es acumulable con otras promociones / - Válido solo para compras presenciales en Sushi & Burger Home
Banco Falabella;Sushi Home;Sushi Home se define como una experiencia gastronómica nikkei , que va más allá de un simple restaurante de sushi;40% (40% dcto sin tope con CMR y 30% dcto sin tope con Débito Banco Falabella los jueves);40;Sin Tope;Jueves;;"Reñaca; Sushi Home";"CMR Mastercard; CMR Mastercard Premium; Tarjeta Débito Banco Falabella; CMR Mastercard Elite";Presencial;Región de Valparaíso;2026-01-01 → 2026-10-31;https://www.bancofalabella.cl/descuentos/detalle/sushi-home;Conoce el detalle /  / Descuento: 40% dcto sin tope con CMR y 30% dcto sin tope con Débito Banco Falabella los jueves / Válido en locales: / - Sushi Home / - Todos los jueves / Condiciones: / - El descuento no es acumulable con otras promociones / - Válido solo para compras presenciales en Sushi Home
Banco Falabella;Lebol Restobar;Restobar en Concepción que fusiona cocina tradicional con toques contemporáneos;40%;40;Sin tope;Viernes;;Concepción;"CMR Mastercard; CMR Mastercard Premium; Tarjeta Débito Banco Falabella; CMR Mastercard Elite";Presencial;Región del Biobío;2026-01-01 → 2026-10-31;https://www.bancofalabella.cl/descuentos/detalle/lebol-restobar;¡Sin Tope! 40% de descuento pagando con tu CMR y 30% pagando con débito Banco Falabella.
Banco Falabella;Augusta Bar;Restobar con una propuesta diversa que combina hamburguesas artesanales, carnes a la plancha, ceviches y tablas para com;40% (40% dcto sin tope con CMR y 30% dcto sin tope con Débito Banco Falabella);40;Sin Tope;Martes;;"Concepción; Augusta Bar: Paso Hondo 209, Lomas de San Andrés. Bio bío";"CMR Mastercard; CMR Mastercard Premium; Tarjeta Débito Banco Falabella; CMR Mastercard Elite";Presencial;Región del Biobío;2026-01-01 → 2026-10-31;https://www.bancofalabella.cl/descuentos/detalle/augusta-bar;Conoce el detalle /  / Descuento: 40% dcto sin tope con CMR y 30% dcto sin tope con Débito Banco Falabella / Válido en locales: / - Augusta Bar: Paso Hondo 209, Lomas de San Andrés. Bio bío. / Condiciones: / - El descuento no es acumulable con otras promociones / - Válido solo para compras presenciales en Augusta Bar
Banco Falabella;Terraangamos;Restaurante especializado en Mariscos, Carnes, Pescados y Parrilladas;40% (40% dcto sin tope con CMR y 30% dcto sin tope con Débito Banco Falabella);40;Sin tope;Martes;;"Talcahuano; Colón 1062, 4260000 Talcahuano, Bío Bío";"CMR Mastercard; CMR Mastercard Premium; Tarjeta Débito Banco Falabella; CMR Mastercard Elite";Presencial;Región de Biobío;2026-01-01 → 2026-10-31;https://www.bancofalabella.cl/descuentos/detalle/terraangamos;Conoce el detalle /  / Descuento: 40% dcto sin tope con CMR y 30% dcto sin tope con Débito Banco Falabella / Válido en locales: / - Colón 1062, 4260000 Talcahuano, Bío Bío
Banco Falabella;Boreal bar Rancagua;Bar y lounge ubicado en Miguel Ramírez 715, con terraza y horario extendido hasta las 3 AM;40% (40% dcto con CMR y 30% con Débito Banco Falabella.);40;Sin Tope;Miércoles;;"Rancagua; Av. Miguel Ramírez 715, Rancagua. Región de O'Higgins";"CMR Mastercard; CMR Mastercard Premium; Tarjeta Débito Banco Falabella; CMR Mastercard Elite";Presencial;Región de O'Higgins;2026-01-01 → 2026-10-31;https://www.bancofalabella.cl/descuentos/detalle/boreal-bar-rancagua;Sigue estos pasos /  / - Has tu reserva en Boreal bar Rancagua / - Usa tu tarjeta CMR o Débito Banco Falabella como medio de pago / - Y listo! Ya tienes tu 40% dcto con CMR y 30% con Débito Banco Falabella. / Condiciones: / *Solo Presencial / - Todos los miércoles / *Dirección: Av. Miguel Ramírez 715, Rancagua. Región de O'Higgins.
Banco Falabella;La Fabrica Talca;Restobar en 2 Oriente #1254, con cocina americana, hamburguesas, ceviches y coctelería creativa;40 (40% dcto con CMR y 30% con Débito Banco Falabella.);40;Sin Tope;Martes;;"Talca; Av. 2 Ote. 1254, Talca, Región del Maule";"CMR Mastercard; CMR Mastercard Premium; Tarjeta Débito Banco Falabella; CMR Mastercard Elite";Presencial;Región de Maule;2026-01-01 → 2026-10-31;https://www.bancofalabella.cl/descuentos/detalle/la-fabrica-talca;Sigue estos pasos /  / - Usa tu tarjeta CMR o Débito Banco Falabella como medio de pago / - Y listo! Ya tienes tu 40% dcto con CMR y 30% con Débito Banco Falabella. / Condiciones: / *Solo Presencial / - Todos los martes / *Dirección: Av. 2 Ote. 1254, Talca, Región del Maule.
Banco Falabella;Cervecería Kunstmann Valdivia;Nace en Valdivia en 1991 por Armin Kunstmann, inspirada en las tradiciones cerveceras alemanas tras el terremoto de 1960;40% (40% dcto sin tope con CMR y 30% dcto sin tope con Débito Banco Falabella);40;Sin Tope;Jueves;;"Valdivia; Cervecería Kunstmann: Ruta T 350 950, Valdivia, Los Ríos";"CMR Mastercard; CMR Mastercard Premium; Tarjeta Débito Banco Falabella; CMR Mastercard Elite";Presencial;Región de Los Ríos;2026-01-01 → 2026-10-31;https://www.bancofalabella.cl/descuentos/detalle/cerveceria-kunstmann-valdivia;Conoce el detalle /  / Descuento: 40% dcto sin tope con CMR y 30% dcto sin tope con Débito Banco Falabella / Válido en locales: / - Cervecería Kunstmann: Ruta T 350 950, Valdivia, Los Ríos / Condiciones: / - El descuento no es acumulable con otras promociones . No aplica para souvenir, cigarros, llenado de growlers, menús, propinas ni tour cervecero. / - Válido solo para compras presenciales en Cervecería Kunstmann Valdivia
Banco Falabella;Greed Taproom;Greed Taproom Osorno es el taproom de la cervecería artesanal Greed Brewing Co., Es un bar–cervecería donde se sirven ce;40% (40% dcto sin tope con CMR y 30% dcto sin tope con Débito Banco Falabella los martes);40;Sin Tope;Miércoles;;"Osorno; Ignacio Zenteno 2661, Osorno, Los Lagos";"Tarjeta Débito Banco Falabella; CMR Mastercard Elite; CMR Mastercard Premium; CMR Mastercard";Presencial;Región de Los Lagos;2026-05-01 → 2026-10-31;https://www.bancofalabella.cl/descuentos/detalle/greed-taproom;Conoce el detalle /  / Descuento: 40% dcto sin tope con CMR y 30% dcto sin tope con Débito Banco Falabella los martes / Dirección: Ignacio Zenteno 2661, Osorno, Los Lagos
Banco Falabella;Terralomas Concepción;Terralomas Restaurant, en Lomas San Andrés, Concepción, ofrece gastronomía marina con productos frescos del día;40% (40% dcto con CMR y 30% con Débito Banco Falabella.);40;Sin tope;Miércoles;;"Concepción; Ramón Carrasco 355, Bío Bío";"CMR Mastercard; CMR Mastercard Premium; Tarjeta Débito Banco Falabella; CMR Mastercard Elite";Presencial;Región de Biobío;2026-01-01 → 2026-10-31;https://www.bancofalabella.cl/descuentos/detalle/terralomas-concepcion;Sigue estos pasos /  / - Has tu reserva en Terralomas Concepción / - Usa tu tarjeta CMR o Débito Banco Falabella como medio de pago / - Y listo! Ya tienes tu 40% dcto con CMR y 30% con Débito Banco Falabella. / Condiciones: / *Solo Presencial / *Dirección: Ramón Carrasco 355, Bío Bío
Banco Falabella;Baqueano Temuco;Es un espacio gastronómico que mezcla tradición chilena con propuestas contemporáneas;40% (40% dcto sin tope con CMR y 30% dcto sin tope con Débito Banco Falabella los Martes);40;Sin Tope;Martes;;"Temuco; Baqueano Temuco";"CMR Mastercard; CMR Mastercard Premium; Tarjeta Débito Banco Falabella; CMR Mastercard Elite";Presencial;Región de La Araucanía;2026-01-01 → 2026-10-31;https://www.bancofalabella.cl/descuentos/detalle/baqueano-temuco;Conoce el detalle /  / Descuento: 40% dcto sin tope con CMR y 30% dcto sin tope con Débito Banco Falabella los Martes / Válido en locales: / - Baqueano Temuco / - Todos los Martes / Condiciones: / - El descuento no es acumulable con otras promociones / - Válido solo para compras presenciales en Baqueano Temuco
Banco Falabella;Dominga Bistro Valdivia;Un restaurante fusión ubicado a orillas del río Calle Calle en Valdivia, que combina cocina creativa con productos local;40%;40;Sin Tope;Miércoles;;"Valdivia; Todos los Miércoles en Dominga Bistró Valdivia";"CMR Mastercard; CMR Mastercard Premium; Tarjeta Débito Banco Falabella; CMR Mastercard Elite";Presencial;Región de Los Ríos;2026-01-01 → 2026-10-31;https://www.bancofalabella.cl/descuentos/detalle/dominga-bistro-valdivia;Sigue estos pasos /  / - Has tu pedido en cualquier caja de Dominga Bistro / - Usa tu tarjeta CMR o Débito Banco Falabella como medio de pago / - Y listo! Cuentas con el 40% de dcto con CMR y el 30% con débito Banco Falabella / Condiciones: / *Solo Presencial / - Todos los Miércoles en Dominga Bistró Valdivia
Banco Falabella;Roberta Ostería;Roberta Ostería es una propuesta moderna ubicada en Viña del Mar y Reñaca, especializada en pizzas napolitanas al horno;40% (40% dcto con CMR y 30% con Débito Banco Falabella.);40;Sin Tope;Miércoles;;;"CMR Mastercard; CMR Mastercard Premium; Tarjeta Débito Banco Falabella; CMR Mastercard Elite";Presencial;Región de Valparaíso;2025-11-29 → 2026-10-31;https://www.bancofalabella.cl/descuentos/detalle/roberta-osteria;Sigue estos pasos /  / - Has tu reserva en Roberta Osteria / - Usa tu tarjeta CMR o Débito Banco Falabella como medio de pago / - Y listo! Ya tienes tu 40% dcto con CMR y 30% con Débito Banco Falabella. / Condiciones: / *Solo Presencial / - Todos los miércoles
Banco Falabella;Cattedrale Cucina Villarrica;Cattedrale Cucina es un restaurante de cocina italiana y mediterránea ubicado en Villarrica;40% (40% dcto sin tope con CMR y 30% dcto sin tope con Débito Banco Falabella los Martes);40;Sin Tope;Martes;;"Villarrica; Cattedrale Cucina";"CMR Mastercard; CMR Mastercard Premium; Tarjeta Débito Banco Falabella; CMR Mastercard Elite";Presencial;Región de La Araucanía;2026-01-01 → 2026-10-31;https://www.bancofalabella.cl/descuentos/detalle/cattedrale-cucina-villarrica;Conoce el detalle /  / Descuento: 40% dcto sin tope con CMR y 30% dcto sin tope con Débito Banco Falabella los Martes / Válido en locales: / - Cattedrale Cucina / - Todos los Martes / Condiciones: / - El descuento no es acumulable con otras promociones / - Válido solo para compras presenciales en Cattedrale Cucina Villarrica
Banco Falabella;Taurus Steak Bar Chillan;Taurus Steakbar en Chillán es un destacado restaurante de carnes con más de 25 años de experiencia, posicionado como el;40% (40% dcto sin tope con CMR y 30% dcto sin tope con Débito Banco Falabella los Martes);40;Sin Tope;Martes;;"Chillan; Taurus Steak Bar Chillan";"CMR Mastercard; CMR Mastercard Premium; Tarjeta Débito Banco Falabella; CMR Mastercard Elite";Presencial;Región de Ñuble;2026-01-01 → 2026-10-31;https://www.bancofalabella.cl/descuentos/detalle/taurus-steak-bar-chillan;Conoce el detalle /  / Descuento: 40% dcto sin tope con CMR y 30% dcto sin tope con Débito Banco Falabella los Martes / Válido en locales: / - Taurus Steak Bar Chillan / - Todos los Martes / Condiciones: / - El descuento no es acumulable con otras promociones / - Válido solo para compras presenciales en Taurus Steak Bar Chillan
Banco Falabella;Martina Lounge Bar;Ubicado en Torremolinos 485, Martina Lounge Bar ofrece hamburguesas caseras, tablas para compartir y coctelería de autor;40% (40% dcto con CMR y 30% con Débito Banco Falabella.);40;Sin Tope;Martes;;"Temuco; Torremolinos 485, local 116, Temuco, Araucanía";"Tarjeta Débito Banco Falabella; CMR Mastercard Elite; CMR Mastercard Premium; CMR Mastercard";Presencial;Región de La Araucanía;2025-10-01 → 2026-10-31;https://www.bancofalabella.cl/descuentos/detalle/martina-lounge-bar;Sigue estos pasos /  / - Usa tu tarjeta CMR o Débito Banco Falabella como medio de pago / - Y listo! Ya tienes tu 40% dcto con CMR y 30% con Débito Banco Falabella. / Condiciones: / *Solo Presencial / - Todos los Martes / *Dirección: Torremolinos 485, local 116, Temuco, Araucanía
Banco Falabella;Fratello Trattoría;Restaurante italiano en Santiago que combina tradición y modernidad, especializado en pastas frescas, pizzas al horno y;40%;40;Sin Tope;Viernes;;"Temuco; Av. Miguel Ramírez 715, Rancagua";"Tarjeta Débito Banco Falabella; CMR Mastercard Elite; CMR Mastercard Premium; CMR Mastercard";Presencial;Región de La Araucanía;2026-01-02 → 2026-10-31;https://www.bancofalabella.cl/descuentos/detalle/fratello-trattoria;¡Sin Tope! 40% de descuento pagando con tu CMR y 30% pagando con débito Banco Falabella. / Dirección: Av. Miguel Ramírez 715, Rancagua
Banco Falabella;Fogon Greed;Fogón Greed es un restaurante de carnes a la brasa, parrilla y también pastas, con foco en calidad de ingredientes local;40% (40% dcto sin tope con CMR y 30% dcto sin tope con Débito Banco Falabella los sábados);40;Sin Tope;Miércoles;;"Osorno; Ignacio Zenteno 2661, Osorno, Los Lagos";"Tarjeta Débito Banco Falabella; CMR Mastercard Elite; CMR Mastercard Premium; CMR Mastercard";Presencial;Región de Los Lagos;2026-01-06 → 2026-10-31;https://www.bancofalabella.cl/descuentos/detalle/fogon-greed;Conoce el detalle /  / Descuento: 40% dcto sin tope con CMR y 30% dcto sin tope con Débito Banco Falabella los sábados / Dirección: Ignacio Zenteno 2661, Osorno, Los Lagos
Banco Falabella;Barros Negros;Restaurante Barros Negros es un local gastronómico ubicado en Machalí, que se caracteriza por ser un lugar cálido y acog;40% (40% dcto con CMR y 30% con Débito Banco Falabella.);40;Sin Tope;Miércoles;;;"Tarjeta Débito Banco Falabella; CMR Mastercard Elite; CMR Mastercard Premium; CMR Mastercard";Presencial;Región de O'Higgins;2026-05-31 → 2026-10-31;https://www.bancofalabella.cl/descuentos/detalle/barros-negros;Sigue estos pasos /  / - Has tu reserva en Barros Negros / - Usa tu tarjeta CMR o Débito Banco Falabella como medio de pago / - Y listo! Ya tienes tu 40% dcto con CMR y 30% con Débito Banco Falabella. / Condiciones: / *Solo Presencial
Banco Falabella;Umami Bar Nikkei;Umami Bar Nikkei es un restaurante/bar en Valdivia (sector Torobayo) especializado en cocina nikkei, que mezcla sabores;40% (40% dcto sin tope con CMR y 30% dcto sin tope con Débito Banco Falabella los miércoles);40;Sin Tope;Miércoles;;"Valdivia; Umami Bar Nikkei: Espacio Bayo, Valdivia, Los Ríos";"CMR Mastercard; CMR Mastercard Premium; Tarjeta Débito Banco Falabella; CMR Mastercard Elite";Presencial;Región de Los Ríos;2026-06-01 → 2026-10-31;https://www.bancofalabella.cl/descuentos/detalle/umami-bar-nikkei;Conoce el detalle /  / Descuento: 40% dcto sin tope con CMR y 30% dcto sin tope con Débito Banco Falabella los miércoles / Válido en locales: / - Umami Bar Nikkei: Espacio Bayo, Valdivia, Los Ríos / Condiciones: / - El descuento no es acumulable con otras promociones . No aplica para souvenir, cigarros, llenado de growlers, menús, propinas ni tour cervecero. / - Válido solo para compras presenciales en Umami Bar Nikkei Valdivia
Banco Falabella;Coppelia;Coppelia es una tradicional cadena chilena de cafeterías, heladerías y pastelerías;40%;40;Sin Tope;Lunes;;;"CMR Mastercard; CMR Mastercard Premium; Tarjeta Débito Banco Falabella; CMR Mastercard Elite";Presencial;Región Metropolitana de Santiago;2026-08-01 → 2026-10-31;https://www.bancofalabella.cl/descuentos/detalle/coppelia;Sigue estos pasos: /  / - Todos los Lunes / - 40% de descuento pagando con tu CMR y 30% de descuento pagando con Débito Banco Falabella. / CONDICIONES  / - Solo Presencial / - No acumulable sobre otras promociones
Banco Falabella;Sello de Raza;Sello de Raza es un restaurante de cocina chilena y parrilla, reconocido por sus cortes de carne y preparaciones tradici;40% (40% dcto con CMR y 30% con Débito Banco Falabella.);40;Sin Tope;Martes;;Valdivia;"Tarjeta Débito Banco Falabella; CMR Mastercard Elite; CMR Mastercard Premium; CMR Mastercard";Presencial;Región de Los Ríos;2026-09-01 → 2026-10-31;https://www.bancofalabella.cl/descuentos/detalle/sello-de-raza;Sigue estos pasos /  / - Usa tu tarjeta CMR o Débito Banco Falabella como medio de pago / - Y listo! Ya tienes tu 40% dcto con CMR y 30% con Débito Banco Falabella. / Condiciones: / *Solo Presencial
Banco Falabella;Sempre Pasta;Sempre Pasta es un restaurante italiano, especializado en pastas frescas, lasañas y recetas inspiradas en la tradición i;40% (40% dcto con CMR y 30% con Débito Banco Falabella.);40;Sin Tope;Miércoles;;Concepción;"Tarjeta Débito Banco Falabella; CMR Mastercard Elite; CMR Mastercard Premium; CMR Mastercard";Presencial;Región de Biobío;2026-09-01 → 2026-10-31;https://www.bancofalabella.cl/descuentos/detalle/sempre-pasta;Sigue estos pasos /  / - Usa tu tarjeta CMR o Débito Banco Falabella como medio de pago / - Y listo! Ya tienes tu 40% dcto con CMR y 30% con Débito Banco Falabella. / Condiciones: / *Solo Presencial
Banco Falabella;Social;Social Bar & Cocinas es un popular espacio gastronómico y de entretenimiento en Santiago, conocido por su ambiente relaj;40%;40;Sin Tope;Lunes, Viernes;;Social;CMR Mastercard Elite;Presencial;Región Metropolitana de Santiago;2026-07-01 → 2026-10-31;https://www.bancofalabella.cl/descuentos/detalle/social;Conoce el detalle /  / Descuento: 40% dcto sin tope con CMR Elite / Válido en locales: / - Social / - Todos los lunes y viernes. / Condiciones: / - El descuento no es acumulable con otras promociones
Banco Falabella;Panchita;Panchita es un reconocido restaurante de cocina peruana y tradicional criolla, fundado por el famoso chef Gastón Acurio;40%;40;Sin Tope;Lunes, Martes, Miércoles, Jueves, Viernes;Descuento: 40% dcto sin tope con CMR Elite de lunes a viernes hasta las 17:00 presencial;;CMR Mastercard Elite;Presencial;Región Metropolitana de Santiago;2025-11-01 → 2026-10-31;https://www.bancofalabella.cl/descuentos/detalle/panchita;Conoce el detalle /  / Descuento: 40% dcto sin tope con CMR Elite de lunes a viernes hasta las 17:00 presencial / Av. Nueva Costanera 3979, Vitacura, Región Metropolitana
Banco Falabella;Hijo Del Sol Santiago;Hijo del Sol es un destacado restaurante de comida peruana en Santiago, con sedes en Vitacura, Providencia y Las Condes;40% (40% dcto sin tope con CMR y 30% dcto sin tope con Débito Banco Falabella);40;Sin Tope;Lunes, Martes;;Hijo Del Sol Santiago;"CMR Mastercard; CMR Mastercard Premium; Tarjeta Débito Banco Falabella; CMR Mastercard Elite";Presencial;Región Metropolitana de Santiago;2026-01-01 → 2026-10-31;https://www.bancofalabella.cl/descuentos/detalle/hijo-del-sol-santiago;Conoce el detalle /  / Descuento: 40% dcto sin tope con CMR y 30% dcto sin tope con Débito Banco Falabella / Válido en locales: / - Hijo Del Sol Santiago / - lunes y martes / Condiciones: / - El descuento no es acumulable con otras promociones / - Válido solo para compras presenciales.
Banco Falabella;Mamut;Restaurante chileno de comida abundante y sabrosa, ideal para compartir;40% (40% dcto CMR y 30% dcto Débito Banco Falabella);40;Sin Tope;Lunes;;Locales Mamut;"Tarjeta Débito Banco Falabella; CMR Mastercard Elite; CMR Mastercard Premium; CMR Mastercard";Presencial;$, 2, 8, :, p, r, o, p, s, :, b, e, n, e, f, i, t, C, a, r, d, s, D, a, t, a, :, 4, 2, :, r, e, g, i, o, n;2021-01-10 → 2026-10-31;https://www.bancofalabella.cl/descuentos/detalle/mamut;Sigue estos pasos /  / - Has tu reserva en Mamut / - Usa tu tarjeta CMR o Débito Banco Falabella como medio de pago / - Y listo! Ya tienes tu dcto / Condiciones: / *Solo Presencial / *40% dcto CMR y 30% dcto Débito Banco Falabella / - Todos los Lunes / *30% de dcto con tu CMR por la App! / *Dirección: Locales Mamut
Banco Falabella;Prima Bar;Prima Bar es un destacado espacio de coctelería y gastronomía de autor en Santiago, liderado por el reconocido chef Kurt;40% (40% dcto sin tope con CMR y 30% dcto sin tope con Débito Banco Falabella los viernes);40;dcto;Viernes;;Alonso de Córdova 4355, Vitacura;"CMR Mastercard; CMR Mastercard Premium; CMR Mastercard Elite; Tarjeta Débito Banco Falabella";Exclusivo presencial;Región Metropolitana de Santiago;2026-07-01 → 2026-10-31;https://www.bancofalabella.cl/descuentos/detalle/prima-bar;Conoce el detalle /  / Descuento: 40% dcto sin tope con CMR y 30% dcto sin tope con Débito Banco Falabella los viernes / Válido en locales: / - Alonso de Córdova 4355, Vitacura
Banco Falabella;Chokolata Cafeteria;Chokolata es una reconocida cafetería y pastelería de Villarrica, destacada por sus cafés, chocolates, tortas, kuchenes;40% (40% dcto con CMR y 30% con Débito Banco Falabella.);40;Sin Tope;Martes;;"Villarrica; General Urrutia 891";"Tarjeta Débito Banco Falabella; CMR Mastercard Elite; CMR Mastercard Premium; CMR Mastercard";Presencial;Región de La Araucanía;2026-08-01 → 2026-10-31;https://www.bancofalabella.cl/descuentos/detalle/chokolata-cafeteria;Sigue estos pasos /  / - Usa tu tarjeta CMR o Débito Banco Falabella como medio de pago / - Y listo! Ya tienes tu 40% dcto con CMR y 30% con Débito Banco Falabella. / Condiciones: / *Solo Presencial / Dirección: General Urrutia 891
Banco Falabella;Sakura;Restaurante inspirado en la gastronomía japonesa, famoso por su sushi y platos tradicionales;40% (40% dcto sin tope con CMR y 30% dcto sin tope con Débito Banco Falabella presencial y online los sábados);40;Sin Tope;Sábado;;;"CMR Mastercard; CMR Mastercard Premium; CMR Mastercard Elite; Tarjeta Débito Banco Falabella";Presencial, Online;Región Metropolitana de Santiago;2026-01-01 → 2026-10-31;https://www.bancofalabella.cl/descuentos/detalle/sakura;Conoce el detalle /  / Descuento: 40% dcto sin tope con CMR y 30% dcto sin tope con Débito Banco Falabella presencial y online los sábados / - Para compras online ingresa al sitio web de Sakura. / - Ingresa los 6 primeros dígitos de tu tarjeta como cupón de descuento y selecciona como método de pago alguna de tus tarjetas Banco Falabella / - Tendrás un 40% dcto sin tope con CMR y 30% dcto sin tope con Débito Banco Falabella en rolls y hosomakis / Condiciones: / - Válido para compras presencial y online / - Válido para rolls y hosomakis / - No acumulable sobre otras promociones
Banco Falabella;Club de restaurantes;Programa exclusivo de Banco Falabella que entrega beneficios y descuentos en restaurantes destacados;20%;20;Sin Tope;Lunes, Martes, Miércoles, Jueves, Viernes, Sábado, Domingo;;;"CMR Mastercard; CMR Mastercard Premium; CMR Mastercard Elite; Tarjeta Débito Banco Falabella";Presencial;Región de Arica y Parinacota, Región de Tarapacá, Región de Antofagasta, Región de Atacama, Región de Coquimbo, Región de Valparaíso, Región Metropolitana de Santiago, Región de O'Higgins, Región del Maule, Región de Ñuble, Región del Biobío, Región de La Araucanía, Región de Los Ríos, Región de Los Lagos, Región de Aysén del General Carlos Ibáñez del Campo, Región de Magallanes y de la Antártica Chilena, Región de Maule, Región de Biobío;2023-07-09 → 2026-12-31;https://www.bancofalabella.cl/descuentos/detalle/club-de-restaurantes;Sigue estos pasos: / - Ingresa al sitio web de Club de Restaurantes / - Selecciona tu restaurante favorito / - Descuento se aplicará al momento de la compra en el domicilio o en el local / - Consultar antes con cada local si el descuento es válido en feriados especiales o festivos como 14 de febrero, día de la madre, día del padre, día del niño, Navidad y Año Nuevo ante cualquier duda / Todos los días
Banco Falabella;Viña Viu Manent;Viña Viu Manent es una reconocida viña del Valle de Colchagua, famosa por sus vinos premium y experiencias enoturísticas;40%;40;Sin Tope;Viernes;;;"CMR Mastercard; CMR Mastercard Premium; CMR Mastercard Elite; Tarjeta Débito Banco Falabella";Presencial;Región de O'Higgins;2026-08-01 → 2026-10-31;https://www.bancofalabella.cl/descuentos/detalle/vina-viu-manent;Sigue estos pasos /  / RESTAURANTE / - 40% de dcto pagando con tu CMR y 30% de dcto pagando con débito Banco Falabella. Rayuela / ADICIONAL DE LUNES A VIERNES  / - 30% de descuento en una selección de 6 tours y degustaciones de Viu Manent mediante cupón de descuento CMR30%. Ingresa aquí Tours. / - 40% de descuento en nuestro e-commerce de vinos, también mediante cupón de descuento CMR40%. Ingresa aquí E-commerce.
Banco Falabella;Cuponera Gastronómica;;40% dcto;1;Sin tope;Lunes, Martes, Miércoles, Jueves, Viernes, Sábado, Domingo;;;"CMR Mastercard; CMR Mastercard Premium; Tarjeta Débito Banco Falabella; CMR Mastercard Elite";Presencial, Online;Región de Arica y Parinacota, Región de Tarapacá, Región de Antofagasta, Región de Atacama, Región de Coquimbo, Región de Valparaíso, Región Metropolitana de Santiago, Región de O'Higgins, Región de Maule, Región de Ñuble, Región de Biobío, Región de La Araucanía, Región de Los Ríos, Región de Los Lagos, Región de Aysén del General Carlos Ibáñez del Campo, Región de Magallanes y de la Antártica Chilena, Región del Biobío, Región del Maule;2026-06-05 → 2027-12-31;https://www.bancofalabella.cl/descuentos/detalle/cuponera-gastronomica;
Banco Falabella;Kila Coffee;Kila Coffee es una acogedora cafetería y espacio de bienestar ubicada en la comuna de Ñuñoa, Santiago de Chile;40% (40% dcto sin tope con CMR y 30% dcto sin tope con Débito Banco Falabella los martes);40;Sin tope;Martes;;Román Díaz 2023, Ñuñoa, Región Metropolitana;"CMR Mastercard; CMR Mastercard Premium; Tarjeta Débito Banco Falabella; CMR Mastercard Elite";Presencial;Región Metropolitana de Santiago;2026-01-01 → 2026-10-31;https://www.bancofalabella.cl/descuentos/detalle/kila-coffee;Conoce el detalle /  / Descuento: 40% dcto sin tope con CMR y 30% dcto sin tope con Débito Banco Falabella los martes / Válido en locales: / - Román Díaz 2023, Ñuñoa, Región Metropolitana
Banco Falabella;Boreal bar Rancagua;Bar y lounge ubicado en Miguel Ramírez 715, con terraza y horario extendido hasta las 3 AM;40% (40% dcto con CMR y 30% con Débito Banco Falabella.);40;Sin Tope;Miércoles;;"Rancagua; Av. Miguel Ramírez 715, Rancagua. Región de O'Higgins";"CMR Mastercard; CMR Mastercard Premium; Tarjeta Débito Banco Falabella; CMR Mastercard Elite";Presencial;$, 2, 8, :, p, r, o, p, s, :, b, e, n, e, f, i, t, C, a, r, d, s, D, a, t, a, :, 5, 3, :, r, e, g, i, o, n;2026-01-01 → 2026-10-31;https://www.bancofalabella.cl/descuentos/detalle/boreal-bar-rancagua;Sigue estos pasos /  / - Has tu reserva en Boreal bar Rancagua / - Usa tu tarjeta CMR o Débito Banco Falabella como medio de pago / - Y listo! Ya tienes tu 40% dcto con CMR y 30% con Débito Banco Falabella. / Condiciones: / *Solo Presencial / - Todos los miércoles / *Dirección: Av. Miguel Ramírez 715, Rancagua. Región de O'Higgins.
Banco Falabella;Taurus Steak Bar Chillan;Taurus Steakbar en Chillán es un destacado restaurante de carnes con más de 25 años de experiencia, posicionado como el;40% (40% dcto sin tope con CMR y 30% dcto sin tope con Débito Banco Falabella los Martes);40;Sin Tope;Martes;;"Chillan; Taurus Steak Bar Chillan";"CMR Mastercard; CMR Mastercard Premium; Tarjeta Débito Banco Falabella; CMR Mastercard Elite";Presencial;$, 2, 8, :, p, r, o, p, s, :, b, e, n, e, f, i, t, C, a, r, d, s, D, a, t, a, :, 6, 2, :, r, e, g, i, o, n;2026-01-01 → 2026-10-31;https://www.bancofalabella.cl/descuentos/detalle/taurus-steak-bar-chillan;Conoce el detalle /  / Descuento: 40% dcto sin tope con CMR y 30% dcto sin tope con Débito Banco Falabella los Martes / Válido en locales: / - Taurus Steak Bar Chillan / - Todos los Martes / Condiciones: / - El descuento no es acumulable con otras promociones / - Válido solo para compras presenciales en Taurus Steak Bar Chillan
Banco Falabella;Hijo Del Sol Santiago;Hijo del Sol es un destacado restaurante de comida peruana en Santiago, con sedes en Vitacura, Providencia y Las Condes;40% (40% dcto sin tope con CMR y 30% dcto sin tope con Débito Banco Falabella);40;Sin Tope;Lunes, Martes;;Hijo Del Sol Santiago;"CMR Mastercard; CMR Mastercard Premium; Tarjeta Débito Banco Falabella; CMR Mastercard Elite";Presencial;$, 2, 8, :, p, r, o, p, s, :, b, e, n, e, f, i, t, C, a, r, d, s, D, a, t, a, :, 7, 3, :, r, e, g, i, o, n;2026-01-01 → 2026-10-31;https://www.bancofalabella.cl/descuentos/detalle/hijo-del-sol-santiago;Conoce el detalle /  / Descuento: 40% dcto sin tope con CMR y 30% dcto sin tope con Débito Banco Falabella / Válido en locales: / - Hijo Del Sol Santiago / - lunes y martes / Condiciones: / - El descuento no es acumulable con otras promociones / - Válido solo para compras presenciales.
Banco Falabella;Hijo Del Sol 5ta Region;Hijos del Sol es un restaurante peruano que combina tradición y modernidad en su propuesta gastronómica;40% (40% dcto sin tope con CMR y 30% dcto sin tope con Débito Banco Falabella los martes);40;Sin Tope;Martes, Jueves;;"Hijo Del Sol Maitencillo; Hijo Del Sol Algarrobo";"CMR Mastercard; CMR Mastercard Premium; Tarjeta Débito Banco Falabella; CMR Mastercard Elite";Presencial;Región de Valparaíso;2026-01-01 → 2026-10-31;https://www.bancofalabella.cl/descuentos/detalle/hijo-del-sol-5ta-region;Conoce el detalle /  / Descuento: 40% dcto sin tope con CMR y 30% dcto sin tope con Débito Banco Falabella los martes / Válido en locales: / - Hijo Del Sol Maitencillo / - Hijo Del Sol Algarrobo / - lunes y martes / Condiciones: / - El descuento no es acumulable con otras promociones / - Válido solo para compras presenciales.
Banco Falabella;Casa Abierta;Casa Abierta es un restaurante en Concón que invita a disfrutar una experiencia gastronómica cálida y familiar;40% (40% dcto con CMR y 30% con Débito Banco Falabella.);40;Sin Tope;Miércoles;;Concón;"Tarjeta Débito Banco Falabella; CMR Mastercard Elite; CMR Mastercard Premium; CMR Mastercard";Presencial;Región de Valparaíso;2026-10-01 → 2026-10-31;https://www.bancofalabella.cl/descuentos/detalle/casa-abierta;Sigue estos pasos /  / - Usa tu tarjeta CMR o Débito Banco Falabella como medio de pago / - Y listo! Ya tienes tu 40% dcto con CMR y 30% con Débito Banco Falabella. / Condiciones: / *Solo Presencial
Banco Falabella;Barroco Restobar;Barroco Restobar es un espacio gastronómico de San Pedro de la Paz que combina cocina de autor, coctelería y un ambiente;40% (40% dcto con CMR y 30% con Débito Banco Falabella.);40;Sin Tope;Martes;;San Pedro de la Paz;"Tarjeta Débito Banco Falabella; CMR Mastercard Elite; CMR Mastercard Premium; CMR Mastercard";Presencial;Región de Biobío;2026-10-01 → 2026-10-31;https://www.bancofalabella.cl/descuentos/detalle/barroco-restobar;Sigue estos pasos /  / - Usa tu tarjeta CMR o Débito Banco Falabella como medio de pago / - Y listo! Ya tienes tu 40% dcto con CMR y 30% con Débito Banco Falabella. / Condiciones: / *Solo Presencial
Banco Falabella;Carmine;Carmine Cucina Italiana, con sedes en Casacostanera y Reñaca, ofrece una auténtica experiencia calabresa dirigida por el;40% (40% dcto sin tope con CMR y 30% dcto sin tope con Débito Banco Falabella los Martes.);40;Sin Tope;Martes;;Carmine;"CMR Mastercard; CMR Mastercard Premium; Tarjeta Débito Banco Falabella; CMR Mastercard Elite";Presencial;Región Metropolitana de Santiago;2026-04-01 → 2026-10-31;https://www.bancofalabella.cl/descuentos/detalle/carmine;Conoce el detalle /  / Descuento: 40% dcto sin tope con CMR y 30% dcto sin tope con Débito Banco Falabella los Martes. / Válido en locales: / - Carmine / - Todos los Martes. / Condiciones: / - El descuento no es acumulable con otras promociones / - Válido solo para compras presenciales en Carmine.
Banco Falabella;Cosenza;Cosenza es una pizzería-bar ubicada en el Roof de Casa Costanera, Santiago;40%;40;Sin tope;Viernes;;;CMR Mastercard Elite;Presencial;Región Metropolitana de Santiago;2026-03-01 → 2026-10-31;https://www.bancofalabella.cl/descuentos/detalle/cosenza;Condiciones: / - Exclusivo presencial con tu CMR Elite / - No acumulable sobre otras promociones / - Viernes
Banco Falabella;Do Sushi;Do Sushi es un destacado restaurante de cocina japonesa y de autor ubicado en la comuna de Providencia, Santiago (Chile);40% (40% dcto sin tope con Mastercard y 30% con débito Banco Falabella en Do Sushi.);40;Sin Tope;Viernes;;;"CMR Mastercard; CMR Mastercard Premium; CMR Mastercard Elite; Tarjeta Débito Banco Falabella";Presencial, Online;Región Metropolitana de Santiago;2025-12-31 → 2026-10-31;https://www.bancofalabella.cl/descuentos/detalle/do-sushi;Sigue estos pasos /  / - Ingresa a dosushi.cl y solicita tu reserva. / - Anda presencialmente y paga con tu CMR Mastercard o Débito Banco Falabella. / - ¡Listo! Ya cuentas con 40% dcto sin tope con Mastercard y 30% con débito Banco Falabella en Do Sushi. / ¿Aún no tienes tu CMR? Pídela aquí
Banco Falabella;Dynos Chillan;Es un restaurante-bar ubicado en el centro de Chillán, activo desde 2019;40% (40% dcto sin tope con CMR y 30% dcto sin tope con Débito Banco Falabella los Miercoles);40;Sin Tope;Miércoles;;"Chillán; El Roble 558, Chillán";"CMR Mastercard; CMR Mastercard Premium; Tarjeta Débito Banco Falabella; CMR Mastercard Elite";Presencial;Región de Ñuble;2026-01-01 → 2026-10-31;https://www.bancofalabella.cl/descuentos/detalle/dynos-chillan;Conoce el detalle /  / Descuento: 40% dcto sin tope con CMR y 30% dcto sin tope con Débito Banco Falabella los Miercoles / Válido en locales: / - El Roble 558, Chillán / - Todos los Miércoles / Condiciones: / - El descuento no es acumulable con otras promociones / - Válido solo para compras presenciales en Dynos Chillan
Banco Falabella;Taberna Nose Puerto Varas;La especialidad de la Taberna Nosé en Puerto Varas es su amplia selección de cervezas artesanales y su variada oferta ga;40% (40% dcto sin tope con CMR y 30% dcto sin tope con Débito Banco Falabella);40;Sin Tope;Viernes;;Puerto Varas;"CMR Mastercard; CMR Mastercard Premium; Tarjeta Débito Banco Falabella; CMR Mastercard Elite";Presencial;Región de Los Lagos;2026-08-01 → 2026-10-31;https://www.bancofalabella.cl/descuentos/detalle/taberna-nose-puerto-varas;Conoce el detalle /  / Descuento: 40% dcto sin tope con CMR y 30% dcto sin tope con Débito Banco Falabella / Condiciones: / - El descuento no es acumulable con otras promociones / - Válido solo para compras presenciales en Taberna Nose Puerto Varas
Banco Falabella;Docetrece;DoceTrece es una sanguchería y restobar familiar en Santiago, Chile, fundado en 2009, especializado en sándwiches de aut;40% (40% dcto sin tope con CMR y 30% dcto sin tope con Débito Banco Falabella los miércoles);40;Sin Tope;Miércoles;;Docetrece: Av. Tobalaba #1213, Providencia, Santiago y Av. Pedro de Valdivia #2785, Ñuñoa, Santiago;"CMR Mastercard; CMR Mastercard Premium; Tarjeta Débito Banco Falabella; CMR Mastercard Elite";Presencial;Región Metropolitana de Santiago;2026-04-01 → 2026-10-31;https://www.bancofalabella.cl/descuentos/detalle/docetrece;Conoce el detalle /  / Descuento: 40% dcto sin tope con CMR y 30% dcto sin tope con Débito Banco Falabella los miércoles / Válido en locales: / - Docetrece: Av. Tobalaba #1213, Providencia, Santiago y Av. Pedro de Valdivia #2785, Ñuñoa, Santiago. / - Todos los miércoles / Condiciones: / - El descuento no es acumulable con otras promociones / - Válido solo para compras presenciales en Docetrece
Banco Falabella;Pizzeria Popular;Pizzería Popular es una conocida cadena de pizzerías inspirada en las cantinas napolitanas del siglo XIX, con un concept;40% (40% dcto sin tope con CMR y 30% dcto sin tope con Débito Banco Falabella los miércoles);40;Sin tope;Miércoles;;Av. Alonso de Córdova 4236, Vitacura;"CMR Mastercard; CMR Mastercard Premium; Tarjeta Débito Banco Falabella; CMR Mastercard Elite";Presencial;Región Metropolitana de Santiago;2026-01-01 → 2026-10-31;https://www.bancofalabella.cl/descuentos/detalle/pizzeria-popular;Conoce el detalle /  / Descuento: 40% dcto sin tope con CMR y 30% dcto sin tope con Débito Banco Falabella los miércoles / - Av. Alonso de Córdova 4236, Vitacura
Banco Falabella;Umami Nikkei;Umami Nikkei es un servicio de comida a domicilio (delivery) y catering de alta cocina fusión peruano-japonesa en Santia;40% (40% dcto sin tope con CMR y 30% dcto sin tope con Débito Banco Falabella los miércoles para compra onlines y retiro en tienda.);40;Sin tope;Miércoles;;;"CMR Mastercard; CMR Mastercard Premium; Tarjeta Débito Banco Falabella; CMR Mastercard Elite";Presencial;Región Metropolitana de Santiago;2026-01-01 → 2026-10-31;https://www.bancofalabella.cl/descuentos/detalle/umami-nikkei;Conoce el detalle /  / Descuento: 40% dcto sin tope con CMR y 30% dcto sin tope con Débito Banco Falabella los miércoles para compra onlines y retiro en tienda. / Paso a paso / - Ingresa a Umami Nikkei, haz tu pedido / - Inicia sesión en Justo / - Al momento de pagar, ingresas los 6 primeros dígitos de tu tarjeta como código de descuento y paga con tu tarjeta CMR o Débito Banco Falabella. / - Y listo, obtendrás el descuentos correspndiente!
Banco Falabella;Taringuita;Taringuita Mall Sport es un restaurante, bar y cervecería ubicado junto a la laguna artificial del Mall Sport en Las Con;40%;40;Sin Tope;Martes;;Taringuita Mall Sport;"CMR Mastercard; CMR Mastercard Premium; CMR Mastercard Elite; Tarjeta Débito Banco Falabella";Presencial;Región Metropolitana de Santiago;2026-01-01 → 2026-10-31;https://www.bancofalabella.cl/descuentos/detalle/taringuita-mall-sport;¡Sin Tope! Disfruta con un 40% de dcto pagando con tu CMR y 30% de dcto pagando con débito Banco Falabella /  / Condiciones: / - Taringuita Mall Sport / - Excluye promociones / - Exclusivo presencial / - Martes
Banco Falabella;Amira Sabor y Café;Amira Sabor y Café es un acogedor restaurante y cafetería de barrio ubicado a pasos de la Plaza Ñuñoa, específicamente e;40%;40;Sin Tope;Lunes, Domingo;;Brown Nte. 274, Ñuñoa, Región Metropolitana;"CMR Mastercard; CMR Mastercard Premium; CMR Mastercard Elite; Tarjeta Débito Banco Falabella";Presencial;Región Metropolitana de Santiago;2026-01-01 → 2026-10-31;https://www.bancofalabella.cl/descuentos/detalle/amira-sabor-y-cafe;¡Sin Tope! Disfruta con un 40% de dcto pagando con tu CMR y 30% de dcto pagando con débito Banco Falabella /  / Condiciones: / - Brown Nte. 274, Ñuñoa, Región Metropolitana / - Excluye promociones / - Exclusivo presencial / - Lunes y Domingo
Banco Falabella;Shi Nuá;Shi-Nuá es un restaurante ubicado en Vitacura, Santiago, que ofrece cocina contemporánea con énfasis en platos de tempor;40%;40;Sin Tope;Lunes;;Shi-Nuá: Alonso de Córdova 3102, Vitacura;CMR Mastercard Elite;Presencial;Región Metropolitana de Santiago;2025-11-01 → 2026-10-31;https://www.bancofalabella.cl/descuentos/detalle/shi-nua;Conoce el detalle /  / Descuento: 40% dcto con la CMR Elite todos los lunes / Válido en locales: / - Shi-Nuá: Alonso de Córdova 3102, Vitacura
Banco Falabella;Kiara;Kiara Nikkei es un restaurante de cocina fusión japonesa‑peruana ubicado en El Rodeo, Lo Barnechea, reconocido por su pr;40%;40;Sin tope;Miércoles;;El Rodeo 13332, Lo Barnechea;CMR Mastercard Elite;Presencial;Región Metropolitana de Santiago;2026-01-01 → 2026-10-31;https://www.bancofalabella.cl/descuentos/detalle/kiara;Sigue estos pasos /  / En el total de tu boleta en Kiara* / *El Rodeo 13332, Lo Barnechea / *¿Aún no tienes tu CMR? Pídela aquí
Banco Falabella;Casaluz;Casaluz es un restaurante boutique ubicado en Barrio Italia, Santiago, que ofrece cocina contemporánea con énfasis en in;40%;40;Sin Tope;Jueves;;Casaluz: Av. italia 805, Providencia;CMR Mastercard Elite;Presencial;Región Metropolitana de Santiago;2026-01-01 → 2026-10-31;https://www.bancofalabella.cl/descuentos/detalle/casaluz;Conoce el detalle /  / Descuento: 40% dcto sin tope con CMR Elite los jueves / Válido en locales: / - Casaluz: Av. italia 805, Providencia
Banco Falabella;Ciros;;40%;40;Sin Tope;Sábado;;Isidora Goyenechea 2971, Las Condes;CMR Mastercard Elite;Presencial;Región Metropolitana de Santiago;2026-01-01 → 2026-10-31;https://www.bancofalabella.cl/descuentos/detalle/ciros;Sigue estos pasos /  / *Isidora Goyenechea 2971, Las Condes / *¿Aún no tienes tu CMR? Pídela aquí
Banco Falabella;Shopdog;Costa Sushi ofrece una amplia variedad de sushi, rolls y preparaciones japonesas elaboradas con ingredientes frescos y s;20% (20% dcto con CMR con Débito Banco Falabella.);20;Sin Tope;Lunes, Martes, Miércoles, Jueves, Viernes, Sábado, Domingo;;los Locales;"Tarjeta Débito Banco Falabella; CMR Mastercard Elite; CMR Mastercard Premium; CMR Mastercard";Presencial;Región de Antofagasta, Región de Coquimbo, Región de Valparaíso, Región Metropolitana de Santiago, Región de Biobío, Región de La Araucanía, Región de Los Ríos, Región de Los Lagos;2026-09-01 → 2026-10-31;https://www.bancofalabella.cl/descuentos/detalle/shopdog;Sigue estos pasos /  / - Usa tu tarjeta CMR o Débito Banco Falabella como medio de pago / - Y listo! Ya tienes tu 20% dcto con CMR con Débito Banco Falabella. / Condiciones: / *Solo Presencial / *Valido para todos los locales
Banco Falabella;Cream Roll;Cream Roll ofrece una experiencia única de helados artesanales preparados al momento, con sabores, toppings y salsas a e;20% (20% dcto con CMR con Débito Banco Falabella.);20;Sin Tope;Lunes, Martes, Miércoles, Jueves, Viernes, Sábado, Domingo;;los Locales;"Tarjeta Débito Banco Falabella; CMR Mastercard Elite; CMR Mastercard Premium; CMR Mastercard";Presencial;Región Metropolitana de Santiago, Región de Antofagasta;2026-09-01 → 2026-10-31;https://www.bancofalabella.cl/descuentos/detalle/cream-roll;Sigue estos pasos /  / - Usa tu tarjeta CMR o Débito Banco Falabella como medio de pago / - Y listo! Ya tienes tu 20% dcto con CMR con Débito Banco Falabella. / Condiciones: / *Solo Presencial / *Valido para todos los locales
Banco Falabella;Costa Sushi;Costa Sushi ofrece una amplia variedad de sushi, rolls y preparaciones japonesas elaboradas con ingredientes frescos y s;20% (20% dcto con CMR con Débito Banco Falabella.);20;Sin Tope;Lunes, Martes, Miércoles, Jueves, Viernes, Sábado, Domingo;;los Locales;"Tarjeta Débito Banco Falabella; CMR Mastercard Elite; CMR Mastercard Premium; CMR Mastercard";Presencial;Región de Valparaíso;2026-09-01 → 2026-10-31;https://www.bancofalabella.cl/descuentos/detalle/costa-sushi;Sigue estos pasos /  / - Usa tu tarjeta CMR o Débito Banco Falabella como medio de pago / - Y listo! Ya tienes tu 20% dcto con CMR con Débito Banco Falabella. / Condiciones: / *Solo Presencial / *Valido para todos los locales
Banco Falabella;Inca Pecador;Inca Pecador ofrece una auténtica experiencia de gastronomía peruana, con una propuesta que combina ceviches, pescados,;20% (20% dcto con CMR con Débito Banco Falabella.);20;Sin Tope;Lunes, Martes, Miércoles, Jueves, Viernes, Sábado, Domingo;;los Locales;"Tarjeta Débito Banco Falabella; CMR Mastercard Elite; CMR Mastercard Premium; CMR Mastercard";Presencial;Región de La Araucanía;2026-09-01 → 2026-10-31;https://www.bancofalabella.cl/descuentos/detalle/inca-pecador;Sigue estos pasos /  / - Usa tu tarjeta CMR o Débito Banco Falabella como medio de pago / - Y listo! Ya tienes tu 20% dcto con CMR con Débito Banco Falabella. / Condiciones: / *Solo Presencial / *Valido para todos los locales
Banco Falabella;Il Peccato;Il Peccato invita a disfrutar los auténticos sabores de Italia con pastas artesanales, pizzas y recetas tradicionales el;20% (20% dcto con CMR con Débito Banco Falabella.);20;Sin Tope;Lunes, Martes, Miércoles, Jueves, Viernes, Sábado, Domingo;;los Locales;"Tarjeta Débito Banco Falabella; CMR Mastercard Elite; CMR Mastercard Premium; CMR Mastercard";Presencial;Región de O'Higgins;2026-09-01 → 2026-10-31;https://www.bancofalabella.cl/descuentos/detalle/il-peccato;Sigue estos pasos /  / - Usa tu tarjeta CMR o Débito Banco Falabella como medio de pago / - Y listo! Ya tienes tu 20% dcto con CMR con Débito Banco Falabella. / Condiciones: / *Solo Presencial / *Valido para todos los locales
Banco Falabella;Tambo;Tambo es un reconocido restaurante de comida peruana e internacional, famoso por albergar cuatro propuestas culinarias d;20% (20% dcto con CMR con Débito Banco Falabella con tope $200.000);20;;Lunes, Martes, Miércoles, Jueves, Viernes, Sábado, Domingo;;;"Tarjeta Débito Banco Falabella; CMR Mastercard Elite; CMR Mastercard Premium; CMR Mastercard";Presencial;Región Metropolitana de Santiago;2026-09-01 → 2026-10-31;https://www.bancofalabella.cl/descuentos/detalle/tambo;Sigue estos pasos /  / - Usa tu tarjeta CMR o Débito Banco Falabella como medio de pago / - Y listo! Ya tienes tu 20% dcto con CMR con Débito Banco Falabella con tope $200.000 / Condiciones: / - Tambo (Constitución 36 ): Todos los días
Banco Falabella;Ruca Bar;Rossie La Loca es un conocido concepto de bar, pub y gastropub que combina coctelería de autor, música y una experiencia;25% (25% dcto con CMR con Débito Banco Falabella con tope $200.000);25;;Lunes, Martes, Miércoles, Jueves;;;"Tarjeta Débito Banco Falabella; CMR Mastercard Elite; CMR Mastercard Premium; CMR Mastercard";Presencial;Región Metropolitana de Santiago;2026-09-01 → 2026-10-31;https://www.bancofalabella.cl/descuentos/detalle/ruca-bar;Sigue estos pasos /  / - Usa tu tarjeta CMR o Débito Banco Falabella como medio de pago / - Y listo! Ya tienes tu 25% dcto con CMR con Débito Banco Falabella con tope $200.000 / Condiciones: / - Ruca Bar (Condell 868 868): Todos los días
Banco Falabella;Barbazul;Rossie La Loca es un conocido concepto de bar, pub y gastropub que combina coctelería de autor, música y una experiencia;20% (20% dcto con CMR con Débito Banco Falabella con tope $200.000);20;;Lunes, Martes, Miércoles, Jueves;;"Rossie la Loca Providencia (Calle Aguas Claras 1700): lunes a jueves; Rossie la Loca Providencia (Av. Tobalaba 947) : lunes a jueves";"Tarjeta Débito Banco Falabella; CMR Mastercard Elite; CMR Mastercard Premium; CMR Mastercard";Presencial;Región Metropolitana de Santiago;2026-09-01 → 2026-10-31;https://www.bancofalabella.cl/descuentos/detalle/rossie-la-loca;Sigue estos pasos /  / - Usa tu tarjeta CMR o Débito Banco Falabella como medio de pago / - Y listo! Ya tienes tu 20% dcto con CMR con Débito Banco Falabella con tope $200.000 / Condiciones: / - Rossie la Loca Providencia (Calle Aguas Claras 1700): lunes a jueves / - Rossie la Loca Providencia (Av. Tobalaba 947) : lunes a jueves
Banco Falabella;Barbazul;Costa Sushi ofrece una amplia variedad de sushi, rolls y preparaciones japonesas elaboradas con ingredientes frescos y s;20% (20% dcto con CMR con Débito Banco Falabella con tope $200.000);20;;Lunes, Martes, Miércoles, Jueves, Viernes, Sábado, Domingo;;"Barbazul Nueva Apoquindo (Avenida Apoquindo 7741): domingo a miércoles; Barbazul Beach Garden Apoquindo (Av Apoquindo 7581) : domingo a miércoles; Barbazul Plaza Ñuñoa (Jorge Washington 58 ) : domingo a miércoles; Barbazul Barrio Italia (Avenida Italia 1034) : domingo a miércoles; Barbazul Bellavista (Constitución 241) : todos los días; Barbazul Pedro de Valdivia (Plaza Pedro de Valdivia 1738) : todos los días; Barbazul Providencia (Avenida Tobalaba 175) : domingo a miércoles; Barbazul Tobalaba (Avenida Tobalaba 1115) : domingo a miércoles; Barbazul Vitacura (Avenida Vitacura 9257) : domingo a miércoles";"Tarjeta Débito Banco Falabella; CMR Mastercard Elite; CMR Mastercard Premium; CMR Mastercard";Presencial;Región Metropolitana de Santiago;2026-09-01 → 2026-10-31;https://www.bancofalabella.cl/descuentos/detalle/barbazul;Sigue estos pasos /  / - Usa tu tarjeta CMR o Débito Banco Falabella como medio de pago / - Y listo! Ya tienes tu 20% dcto con CMR con Débito Banco Falabella con tope $200.000 / Condiciones: / Revisa  / - Barbazul Nueva Apoquindo (Avenida Apoquindo 7741): domingo a miércoles / - Barbazul Beach Garden Apoquindo (Av Apoquindo 7581) : domingo a miércoles / - Barbazul Plaza Ñuñoa (Jorge Washington 58 ) : domingo a miércoles / - Barbazul Barrio Italia (Avenida Italia 1034) : domingo a miércoles / - Barbazul Bellavista (Constitución 241) : todos los días / - Barbazul General Holley (General Holley 2285 2285) : todos los días / - Barbazul Pedro de Valdivia (Plaza Pedro de Valdivia 1738) : todos los días / - Barbazul Providencia (Avenida Tobalaba 175) : domingo a miércoles / - Barbazul Tobalaba (Avenida Tobalaba 1115) : domingo a miércoles / - Barbazul Vitacura (Avenida Vitacura 9257) : domingo a miércoles
Banco Falabella;Nikkei 57;Nikkei 57 es un restaurante de comida de fusión peruano-japonesa (cocina Nikkei) ubicado en Santiago de Chile, especiali;40% (40% dcto con CMR con Débito Banco Falabella con tope $200.000);40;;Lunes, Martes, Miércoles, Jueves, Viernes, Sábado, Domingo;;;"Tarjeta Débito Banco Falabella; CMR Mastercard Elite; CMR Mastercard Premium; CMR Mastercard";Online, Delivery;Región Metropolitana de Santiago;2026-09-01 → 2026-10-31;https://www.bancofalabella.cl/descuentos/detalle/nikkei-57;Sigue estos pasos /  / - Usa tu tarjeta CMR o Débito Banco Falabella como medio de pago / - Y listo! Ya tienes tu 40% dcto con CMR con Débito Banco Falabella con tope $200.000 / Condiciones: / Revisa  / - Delivery, Take Away
Santander;Umami Nikkei;;40% todos los domingos;40;$40.000;Domingo;;"Tabancura 1530, Vitacura; Av Simón Bolivar 4576, Ñuñoa";"Exclusivo con tus Tarjetas de Crédito Santander.; Para hacer efectivo el descuento debe ser solicitado mostrando y pagando con tus Tarjetas Santander.";Presencial;;Hasta el 31 de octubre de 2026;https://banco.santander.cl/beneficios/promociones/umami-nikkei;Recuerda que: / - Exclusivo con tus Tarjetas de Crédito Santander. / - Válido en local / - Tope de descuento de $40.000 / - Tabancura 1530, Vitacura / - Av Simón Bolivar 4576, Ñuñoa / - Para hacer efectivo el descuento debe ser solicitado mostrando y pagando con tus Tarjetas Santander.
Santander;Sicily;;40% dcto todos los jueves;40;$100.000;Jueves;;;"Exclusivo con tus Tarjetas de Crédito WorldMember Limited Santander Latam Pass.; Para hacer efectivo el descuento debe ser solicitado mostrando y pagando con tus Tarjetas Santander.";Presencial;;Hasta el 31 de octubre de 2026;https://banco.santander.cl/beneficios/promociones/sicily-5;Recuerda que: / - Exclusivo con tus Tarjetas de Crédito WorldMember Limited Santander Latam Pass. / - Válido en local / - Descuento no aplica para productos en promociones o con descuentos. / - Tope de descuento de $100.000 / - Para hacer efectivo el descuento debe ser solicitado mostrando y pagando con tus Tarjetas Santander.
Santander;Vitalicio;;40% dcto todos los sábados;40;$40.000;Sábado;;San Sebastian 2800, Las Condes;"Exclusivo con tus Tarjetas de Crédito Santander; Para hacer efectivo el descuento debe ser solicitado mostrando y pagando con tus Tarjetas Santander.";Presencial;;Hasta el 31 de octubre de 2026;https://banco.santander.cl/beneficios/promociones/vitalicio;Recuerda que: / - Exclusivo con tus Tarjetas de Crédito Santander / - Válido en local / - No acumulable con otras promociones y descuentos / - Descuento no incluye propina / - Válido un descuento por mesa / - San Sebastian 2800, Las Condes / - Tope de descuento $40.000 / - Para hacer efectivo el descuento debe ser solicitado mostrando y pagando con tus Tarjetas Santander.
Santander;Ají Seco;;40% dcto todos los martes;40;$40.000;Martes;;Santiago, Región Metropolitana;Exclusivo con tus Tarjetas de Crédito Santander.;Presencial;;Hasta el 31 de octubre de 2026;https://banco.santander.cl/beneficios/promociones/aji-seco;Recuerda que: / - Exclusivo con tus Tarjetas de Crédito Santander. / - Válido en local  / - Santiago, Región Metropolitana  / - Descuento no aplica para productos en promociones o con descuentos. / - Tope $40.000.
Santander;Ocean Pacific;;40% dcto todos los lunes;40;$40.000;Lunes;;"Av Padre Hurtado Nte 1480, Vitacura; Ricardo Cumming 277, Providencia";"Exclusivo con tus Tarjetas de Crédito Santander; Para hacer efectivo el descuento debe ser solicitado mostrando y pagando con tus Tarjetas Santander.";Presencial;;Hasta el 31 de octubre de 2026;https://banco.santander.cl/beneficios/promociones/ocean-pacific;Recuerda que: / - Exclusivo con tus Tarjetas de Crédito Santander / - Tope de descuento $40.000 / - Válido en local  / - No acumulable con otras promociones  / - Av Padre Hurtado Nte 1480, Vitacura  / - Ricardo Cumming 277, Providencia / - Para hacer efectivo el descuento debe ser solicitado mostrando y pagando con tus Tarjetas Santander.
Santander;La Bravería;;40% dcto. todos los jueves;40;$100.000;Jueves;;Callejón el Pino 1700, Curicó;Exclusivo con tus Tarjetas de Crédito WorldMember Limited Santander Latam Pass.;Presencial;Regiones;Hasta el 31 de octubre de 2026;https://banco.santander.cl/beneficios/promociones/la-braveria;Recuerda que: / - Exclusivo con tus Tarjetas de Crédito WorldMember Limited Santander Latam Pass. / - Válido en local  / - Tope de descuento $100.000 / - Callejón el Pino 1700, Curicó
Santander;Costa Sushi;;30% dcto todos los miércoles;30;$40.000;Miércoles;;Av. Central 184, Viña del Mar;"Exclusivo con tus Tarjetas de Crédito Santander.; Para hacer efectivo el descuento debe ser solicitado mostrando y pagando con tus Tarjetas Santander.";;Regiones;Hasta el 31 de octubre de 2026;https://banco.santander.cl/beneficios/promociones/costa-sushi;Recuerda que: / - Exclusivo con tus Tarjetas de Crédito Santander. / - Tope de descuento $40.000. / - Av. Central 184, Viña del Mar / - Para hacer efectivo el descuento debe ser solicitado mostrando y pagando con tus Tarjetas Santander.
Santander;Nativa Bar;;40% dcto todos los miércoles;40;$40.000;Miércoles;;Raúl Pey Casado 2861, Arica;"Exclusivo con tus Tarjetas de Crédito Santander.; Para hacer efectivo el descuento debe ser solicitado mostrando y pagando con tus Tarjetas Santander.";;;Hasta el 31 de octubre de 2026;https://banco.santander.cl/beneficios/promociones/nativa-bar;Recuerda que: / - Exclusivo con tus Tarjetas de Crédito Santander. / - Tope de descuento $40.000. / - Raúl Pey Casado 2861, Arica.  / - Para hacer efectivo el descuento debe ser solicitado mostrando y pagando con tus Tarjetas Santander.
Santander;Rock In;;40% dcto todos los miércoles;40;$40.000;Miércoles;;"Av Pedro Aguirre Cerda N&deg; 10578 Local 400-4009, Antofagasta";"Exclusivo con tus Tarjetas de Crédito Santander; Para hacer efectivo el descuento debe ser solicitado mostrando y pagando con tus Tarjetas Santander.";;Regiones;Hasta el 31 de octubre de 2026;https://banco.santander.cl/beneficios/promociones/rock-in;"Recuerda que: / - Exclusivo con tus Tarjetas de Crédito Santander  / - Av Pedro Aguirre Cerda N&deg; 10578 Local 400-4009, Antofagasta / - Tope del descuento $40.000.  / - Para hacer efectivo el descuento debe ser solicitado mostrando y pagando con tus Tarjetas Santander."
Santander;Atípico;;40% dcto. los miércoles;40;$40.000;Miércoles;;Imperial 204, Puerto Varas;"Exclusivo con tus Tarjetas de Crédito Santander.; Para hacer efectivo el descuento debe ser solicitado mostrando y pagando con tus Tarjetas Santander.";;Regiones;Válido hasta el 31 de octubre de 2026;https://banco.santander.cl/beneficios/promociones/atipico;Recuerda que: / - Exclusivo con tus Tarjetas de Crédito Santander. / - Imperial 204, Puerto Varas. / - Tope de descuento $40.000 / - Para hacer efectivo el descuento debe ser solicitado mostrando y pagando con tus Tarjetas Santander.
Santander;Streat Burger;Streat Makes You Happy;40% dcto. todos los miércoles.;40;$40.000;Miércoles;;Metropolitana, O'Higgins, Ñuble, Valparaíso;Exclusivo con tus Tarjetas de Crédito Santander.;Presencial y online;Metropolitana, O'Higgins, Ñuble, Valparaíso;Hasta el 31 de octubre de 2026.;https://banco.santander.cl/beneficios/promociones/streat-burger-2;Streat Makes You Happy / Recuerda que: / - Exclusivo con tus Tarjetas de Crédito Santander. / - Válido en locales presenciales y en delivery a través de PedidosYa / - Válido en locales Santiago y Carretera. / - Válido dos cupones semanales por persona. / - Excluye categoría helados y combo full. / - No acumulable con otras promociones.  / - Descuento máximo por pedido de $40.000
Santander;Work/Café;Comienza tu día en el mejor lugar, conoce todas las sucursales Work/Café;40% dcto. todos los lunes y 30% dcto. de martes a viernes;40;Sin tope;Lunes, Martes, Miércoles, Jueves, Viernes;Sin tope de descuento.Horarios de Atención: | Lunes a jueves de 9:00 a 14:00 hrs y horario tarde de 15:30 a 17:00 hrs. Viernes de 9:00 a 14:00 hrs.;Las Condes, Vitacura, La Reina, Providencia, Ñuñoa, Santiago, San Joaquín, Huechuraba, Lo Barnechea, Independencia, Maipú;Exclusivo con tus Tarjetas de Crédito y Débito Santander.;Presencial y online;Metropolitana;Hasta el 31 de octubre de 2026.;https://banco.santander.cl/beneficios/promociones/work-cafe-5;¡Comienza tu día en el mejor lugar, conoce todas las sucursales Work/Café! / Recuerda que: / - Exclusivo con tus Tarjetas de Crédito y Débito Santander. / - Válido en locales y www.workcafe.cl, 30% los otros días de la semana. / - Pide tu descuento al momento de pagar. / - Sin tope de descuento.Horarios de Atención:  / Lunes a jueves de 9:00 a 14:00 hrs y horario tarde de 15:30 a 17:00 hrs. Viernes de 9:00 a 14:00 hrs.
Santander;Burger King;Disfruta las mejores burger a la parrilla, desde 1954;40% dcto. todos los jueves.;40;$15.000;Jueves;;Las Condes, Santiago, La Reina, Providencia, Vitacura, Ñuñoa, Peñalolén, Macul, Huechuraba, Lo Barnechea, Independencia, San Miguel, La Florida, Maipú, Quilicura;"Exclusivo con tus Tarjetas de Crédito Santander y Débito Santander.; Para hacer efectivo el descuento debe ser solicitado mostrando y pagando con tus Tarjetas Santander.";;Metropolitana;Hasta el 31 de octubre de 2026.;https://banco.santander.cl/beneficios/promociones/burger-king-3;¡Disfruta las mejores burger a la parrilla, desde 1954! / Recuerda que: / - Exclusivo con tus Tarjetas de Crédito Santander y Débito Santander. / - Válido en Autoking y locales, exclusivamente en mesones, no aplica a tótem de autoservicio. / - Descuento no aplica para productos en promociones o con descuentos. / - Por compras mínimas de $3.000 y tope descuento de $15.000. / - Para hacer efectivo el descuento debe ser solicitado mostrando y pagando con tus Tarjetas Santander.
Santander;Cosecha del Mar;Explora el mundo del salmón;40% dcto. todos los viernes;40;$100.000;Viernes;;Av. La Dehesa 2035, Lo Barnechea y Decher 161, Puerto Varas;"Exclusivo con tus Tarjetas de Crédito WorldMember Limited Santander LATAM Pass.; Válido en local, pagando con tu tarjeta física.";Presencial;Región Metropolitana;Hasta el 31 de octubre de 2026;https://banco.santander.cl/beneficios/promociones/cosecha-del-mar-5;¡Explora el mundo del salmón! / Recuerda que: / - Exclusivo con tus Tarjetas de Crédito WorldMember Limited Santander LATAM Pass. / - Válido en local, pagando con tu tarjeta física.  / - Av. La Dehesa 2035, Lo Barnechea y Decher 161, Puerto Varas. / - Tope de dcto. mensual $100.000 / - No acumulable a otras promociones.
Santander;De Costa a Costa;Los mejores productos del mar;40% dcto. todos los miércoles.;40;$40.000;Miércoles;;;Exclusivo con tus Tarjetas de Crédito Santander.;Presencial y online;;Hasta el 31 de octubre de 2026;https://banco.santander.cl/beneficios/promociones/de-costa-a-costa-2;Los mejores productos del mar / Recuerda que: / - Exclusivo con tus Tarjetas de Crédito Santander. / - Válido en locales y en decostacosta.cl / - No acumulable con otras promociones, no incluye packs, no se pueden programar pedidos para otro día. / - Tope dcto. $40.000.
Santander;Juan Esparraguito;Mucho más que frutas y verduras, productos de temporada y seleccionados uno a uno;30% dcto. todos los miércoles.;30;$100.000;Miércoles;;Las Condes, Lo Barnechea, Vitacura, La Reina, Ñuñoa, Providencia y Santiago;Exclusivo con tus Tarjetas de Crédito WorldMember Limited Santander LATAM Pass.;Online / delivery;Metropolitana;Hasta el 31 de octubre de 2026;https://banco.santander.cl/beneficios/promociones/juan-esparraguito-2;Mucho más que frutas y verduras, productos de temporada y seleccionados uno a uno / Recuerda que: / - Exclusivo con tus Tarjetas de Crédito WorldMember Limited Santander LATAM Pass. / - Válido en www.juanesparraguito.com / - No acumulable a otras promociones. / - Ingresa los 6 primeros dígitos de tu tarjeta como código de descuento. / - Descuento máximo por pedido de $100.000 / - Exclusivo en frutas y verduras.
Santander;El Mundo del Vino;El mejor vino para ti;40% dcto. todos los lunes en viñas seleccionadas.;40;$100.000;Lunes;;"En viñas seleccionadas: Clos de Luz, Barón Philippe, Tres Palacios, Las  Veletas, San Pedro, Tarapaca, Tabali, Ventisquero, Errazuriz; Providencia, Las Condes";Exclusivo con tus Tarjetas de Crédito WorldMember Limited Santander LATAM Pass.;Presencial y online;Metropolitana;Hasta el 31 de octubre de 2026;https://banco.santander.cl/beneficios/promociones/el-mundo-del-vino-10;¡El mejor vino para ti! / Recuerda que: / - Exclusivo con tus Tarjetas de Crédito WorldMember Limited Santander LATAM Pass. / - Válido para compras en local y www.elmundodelvino.cl / - No acumulable a otras promociones. / - En viñas seleccionadas: Clos de Luz, Barón Philippe, Tres Palacios, Las  Veletas, San Pedro, Tarapaca, Tabali, Ventisquero, Errazuriz. / - Ingresando los 6 primeros dígitos de tu Tarjeta como código de descuento. / - Descuento máximo por pedido de $100.000
Santander;Helados Timaukel;Heladería artesanal;40% dcto. todos los miércoles.;40;$30.000;Miércoles;;;Exclusivo con tus Tarjetas de Crédito y Débito Santander.;Online / delivery;;Hasta el 31 de octubre de 2026;https://banco.santander.cl/beneficios/promociones/helados-timaukel;Heladería artesanal / Recuerda que: / - Exclusivo con tus Tarjetas de Crédito y Débito Santander. / - Solo online en www.timaukel.cl / - Excluye días cyber octubre / - No acumulable con otras promociones. / - Ingresando los 6 primeros dígitos de tu Tarjeta como código de descuento. / - Descuento máximo por pedido de $30.000
Santander;Casa Mar Sushi;;30% dcto. todos los miércoles.;30;$40.000;Miércoles;;Av. Blanca Estela 1927, Concón;Exclusivo con tus Tarjetas de Crédito y Débito Santander.;Presencial;;Hasta el 31 de octubre de 2026;https://banco.santander.cl/beneficios/promociones/casa-mar-sushi;Recuerda que: / - Exclusivo con tus Tarjetas de Crédito y Débito Santander. / - Válido en local. / - Av. Blanca Estela 1927, Concón / - No acumulable con otras promociones. / - Descuento máximo por pedido de $40.000
Santander;Corrales del Sur;El mejor corte de carne en Corrales del Sur;20% dcto. todos los lunes.;20;$40.000;Lunes;;;Exclusivo con tus Tarjetas de Crédito Santander;Online / delivery;;Hasta el 31 de octubre de 2026;https://banco.santander.cl/beneficios/promociones/corrales-del-sur-4;¡El mejor corte de carne en Corrales del Sur! / Recuerda que: / - Exclusivo con tus Tarjetas de Crédito Santander / - Válido en tiendas y corralesdelsur.cl / - Exclusivo en categoría hogar. / - No acumulable a otras promociones. / - Ingresa los primeros 6 dígitos de tu Tarjeta como código de descuento. / - Descuento máximo por pedido de $40.000.
Santander;Ré;carnes y pescados, pastas y risottos;40% dcto. todos los domingos;40;$40.000;Domingo;;AV. Manquehue norte 656, Las Condes;Exclusivo con tus Tarjetas de Crédito Santander.;Presencial;;Hasta el 31 de octubre de 2026;https://banco.santander.cl/beneficios/promociones/re;carnes y pescados, pastas y risottos.  / Recuerda que:  / - Exclusivo con tus Tarjetas de Crédito Santander. / - Válido en local. / - AV. Manquehue norte 656, Las Condes / - No acumulable con otras promociones. / - Descuento máximo por pedido de $40.000
Santander;Enebro;Restaurant y Bar;40% todos los domingos;40;$40.000;Domingo;;Ebro 2828, Las Condes;Exclusivo con tus Tarjetas de Crédito Santander.;Presencial;;Hasta el 31 de octubre de 2026.;https://banco.santander.cl/beneficios/promociones/enebro;Restaurant y Bar / Recuerda que: / - Exclusivo con tus Tarjetas de Crédito Santander. / - Válido en local. / - Ebro 2828, Las Condes / - No acumulable con otras promociones. / - Descuento máximo por pedido de $40.000
Santander;Punta del Sol;Cocina del mar;50% de dcto. todos los lunes;50;$50.000;Lunes;;Av. del Mar 2730, Maitencillo;Exclusivo con tus Tarjetas de Crédito Santander American Express.;Presencial;;Desde el 01 de junio al 30 de noviembre de 2026;https://banco.santander.cl/beneficios/promociones/punta-del-sol;Cocina del mar  / Recuerda que: / - Exclusivo con tus Tarjetas de Crédito Santander American Express. / - Válido para consumo en local. / - Av. del Mar 2730, Maitencillo / - Tope de descuento de $50.000. / - No acumulable a otras promociones. / - Se excluyen propinas, menús, happy hours.
Santander;El Mesón de la Patagonia;Comida casera patagónica;40% dcto. todos los viernes;40;$40.000;Viernes;;Lo Barnechea 1223, Lo Barnechea;Exclusivo con tus Tarjetas de Crédito Santander.;Presencial;;Hasta el 31 de octubre de 2026;https://banco.santander.cl/beneficios/promociones/el-meson-de-la-patagonia;Comida casera patagónica   / Recuerda que: / - Exclusivo con tus Tarjetas de Crédito Santander. / - Válido en locales. / - Lo Barnechea 1223, Lo Barnechea.  / - No acumulable con otras promociones.  / - Descuento máximo por pedido de $40.000
Santander;Café Milan;Sandwich Gourmet, Hamburguesas, Pizzas, Crepes y mucho mas;40% dcto. todos los miércoles.;40;$40.000;Miércoles;;Andrés Bello 580, Temuco;Exclusivo con tus Tarjetas de Crédito Santander.;Presencial;Regiones;Hasta el 31 de octubre de 2026;https://banco.santander.cl/beneficios/promociones/cafe-milano;Sandwich Gourmet, Hamburguesas, Pizzas, Crepes y mucho mas / Recuerda que: / - Exclusivo con tus Tarjetas de Crédito Santander. / - Válido en locales / - Andrés Bello 580, Temuco. / - No acumulable con otras promociones.  / - Descuento máximo por pedido de $40.000
Santander;Ramblas;Bar con música en vivo;40% dcto. todos los jueves;40;$40.000;Jueves;;Manuel Montt 370, Providencia;Exclusivo con tus Tarjetas de Crédito Santander.;Presencial;;Hasta el 31 de octubre de 2026;https://banco.santander.cl/beneficios/promociones/ramblas;Bar con música en vivo / Recuerda que:  / - Exclusivo con tus Tarjetas de Crédito Santander. / - Válido en local / - Manuel Montt 370, Providencia / - No acumulable con otras promociones. / - Descuento máximo por pedido de $40.000
Santander;Bar TPM;;30% dcto. todos los lunes;30;$40.000;Lunes;;;Exclusivo con tus Tarjetas de Crédito Santander.;Presencial;;Hasta el 31 de octubre de 2026;https://banco.santander.cl/beneficios/promociones/bar-tpm;Bar TPM / Recuerda que: / - Exclusivo con tus Tarjetas de Crédito Santander. / - Válido en local / - Av. Las Condes 6766, Manuel Montt 412, Av. Tobalaba 455, Av. Italia 1226 y Av. Pedro de Valdivia 1738, Humberto Trucco 37 y Paula Jaraquemada 19 / - No acumulable con otras promociones. / - Descuento máximo por pedido de $40.000
Santander;Juan Cantina;;40% dcto. todos los miércoles.;40;$40.000;Miércoles;;"Cochrane 1285, Concepción; Concepción";Exclusivo con tus Tarjetas de Crédito Santander.;Presencial y online;Bío-Bío;Hasta el 31 de octubre de 2026;https://banco.santander.cl/beneficios/promociones/juan-cantina;Juan Cantina / Recuerda que: / - Exclusivo con tus Tarjetas de Crédito Santander. / - Válido en local, delivery web y retiro en local. / - Cochrane 1285, Concepción / - No acumulable con otras promociones. / - Descuento máximo por pedido de $40.000
Santander;Jeronimo;Cocina del mundo;40%. dcto. todos los miércoles;40;$100.000;Miércoles;;Alonso de Córdova 4355, Vitacura;Exclusivo con tus Tarjetas de Crédito WorldMember Limited Santander LATAM Pass.;Presencial;Región Metropolitana;Hasta el 31 de octubre de 2026.;https://banco.santander.cl/beneficios/promociones/jeronimo;Cocina del mundo / Recuerda que: / - Exclusivo con tus Tarjetas de Crédito WorldMember Limited Santander LATAM Pass. / - Válido para consumo en local. / - Alonso de Córdova 4355, Vitacura. / - Tope de descuento de $100.000. / - No acumulable a otras promociones. / - Se excluyen propinas, menús, happy hours.
Santander;Miscelaneo;Comida para compartir;40%. dcto. todos los jueves;40;$40.000;Jueves;;"Santa María 5870, Vitacura; Vitacura";Exclusivo con tus Tarjetas de Crédito Santander;Presencial;Metropolitana;Hasta el 31 de octubre de 2026.;https://banco.santander.cl/beneficios/promociones/miscelaneo;Comida para compartir / Recuerda que: / - Exclusivo con tus Tarjetas de Crédito Santander / - Válido para consumo en local. / - Santa María 5870, Vitacura. / - Tope de descuento de $40.000. / - No acumulable a otras promociones. / - Se excluyen propinas, menús, happy hours.
Santander;Carnivo Steakhouse;;40% dcto. todos los miércoles;40;$40.000;Miércoles;;Av. Los Pablos 2291, Temuco;Exclusivo con tus Tarjetas de Crédito Santander.;Presencial;;Hasta el 31 de octubre de 2026;https://banco.santander.cl/beneficios/promociones/carnivo-steakhouse;Carnivo Steakhouse / Recuerda que: / - Exclusivo con tus Tarjetas de Crédito Santander. / - Válido en local. / - Av. Los Pablos 2291, Temuco / - No acumulable con otras promociones. / - Descuento máximo por pedido de $40.000
Santander;Vapiano;Cadena internacional de comida italiana;40% dcto. todos los martes y jueves;40;$40.000;Martes, Jueves;;;Válido con Tarjetas de Crédito y Débito Santander.;Presencial;Metropolitana;Hasta el 31 de octubre 2026.;https://banco.santander.cl/beneficios/promociones/vapiano-2;Cadena internacional de comida italiana / - Válido con Tarjetas de Crédito y Débito Santander. / - Válido presencial / - No acumulable a otras promociones. / - Descuento máximo es de $40.000.
Santander;Casa Vitalis;eleva lo cotidiano a través de una buena ambientación;40% dcto. todos los lunes;40;$40.000;Lunes;;"Av Vitacura 8133; Vitacura";Exclusivo con tus Tarjetas de Crédito Santander.;Presencial;Metropolitana;Hasta el 31 de octubre de 2026;https://banco.santander.cl/beneficios/promociones/casa-vitalis;eleva lo cotidiano a través de una buena ambientación / Recuerda que: / - Exclusivo con tus Tarjetas de Crédito Santander. / - Válido en local. / - Av Vitacura 8133 / - No acumulable con otras promociones. / - Descuento máximo por pedido de $40.000
Santander;Cascade Bistró;Calidad, más de 50 años de tradición y una renovada carta;40%. dcto. todos los sábado;40;$40.000;Sábado;;"Costanera Sur S.J.E. de Balaguer 6400 local 8, Vitacura; Vitacura";Exclusivo con tus Tarjetas de Crédito Santander.;Presencial;Metropolitana;Hasta el 31 de octubre de 2026;https://banco.santander.cl/beneficios/promociones/cascade-bistro;Calidad, más de 50 años de tradición y una renovada carta / Recuerda que: / - Exclusivo con tus Tarjetas de Crédito Santander. / - Válido para compras en local. / - Costanera Sur S.J.E. de Balaguer 6400 local 8, Vitacura / - No acumulable a otras promociones. / - Descuento máximo por pedido de $40.000
Santander;Don Toro;Una experiencia a las brasas frente al mar;40% dcto. todos los miércoles;40;$100.000;Miércoles;;"Playa Brava 3346, iquique; Iquique";Exclusivo con tus Tarjetas de Crédito WorldMember Limited Santander.;Presencial;Iquique;Hasta el 31 de octubre de 2026;https://banco.santander.cl/beneficios/promociones/casa-don-toro;Una experiencia a las brasas frente al mar / Recuerda que: / - Exclusivo con tus Tarjetas de Crédito WorldMember Limited Santander. / - Válido en local. / - Playa Brava 3346, iquique / - No acumulable con otras promociones. / - Descuento máximo por pedido de $100.000
Santander;Chilis;Entregar lo mejor en comida tex-mex, como en ningún otro lugar directo en tu hogar;40% dcto. todos los miércoles.;40;$40.000;Miércoles;;Av. Italia 1484, Providencia;Exclusivo con tus Tarjetas de Crédito Santander.;Presencial y online;;Hasta el 31 de octubre de 2026;https://banco.santander.cl/beneficios/promociones/chilis;Entregar lo mejor en comida tex-mex, como en ningún otro lugar directo en tu hogar! / Recuerda que: / - Exclusivo con tus Tarjetas de Crédito Santander. / - Válido en local, delivery web y retiro en local. / - Av. Italia 1484, Providencia / - No acumulable con otras promociones. / - Descuento máximo por pedido de $40.000
Santander;Tropera Drugstore;Desde la Patagonia lo que mejor sabemos hacer;40% dcto. todos los sábado;40;$40.000;Sábado;;"Andrés de Fuenzalida 48, Providencia; Providencia";Exclusivo con tus Tarjetas de Crédito Santander.;Presencial;Metropolitana;Hasta el 31 de octubre de 2026;https://banco.santander.cl/beneficios/promociones/tropera-drugstore;Desde la Patagonia lo que mejor sabemos hacer / Recuerda que: / - Exclusivo con tus Tarjetas de Crédito Santander. / - Válido en local. / - Andrés de Fuenzalida 48, Providencia. / - No acumulable con otras promociones. / - Tope de descuento de $40.000.
Santander;Zía Bistro;Una gran experiencia gastronómica;40% dcto. todos los jueves;40;$40.000;Jueves;;"El Rodeo 13453, Lo Barnechea; Lo Barnechea";Exclusivo con tus Tarjetas de Crédito Santander.;Presencial;Metropolitana;Hasta el 31 de octubre de 2026;https://banco.santander.cl/beneficios/promociones/zia-bistro;Una gran experiencia gastronómica. / Recuerda que: / - Exclusivo con tus Tarjetas de Crédito Santander. / - Válido en local. / - El Rodeo 13453, Lo Barnechea. / - No acumulable con otras promociones. / - Tope de descuento de $40.000.
Santander;Santa Brasa;Increíbles cortes de carne;50% dcto. todos los martes;50;$50.000;Martes;;Alonso de Córdova 4260, Vitacura;Exclusivo con tus Tarjetas de Crédito Santander American Express.;Presencial;Metropolitana;Hasta el 30 de noviembre de 2026;https://banco.santander.cl/beneficios/promociones/santa-brasa-3;Increíbles cortes de carne. / Recuerda que: / - Exclusivo con tus Tarjetas de Crédito Santander American Express. / - Válido para consumo en local. / - Alonso de Córdova 4260, Vitacura / - Tope de descuento de $50.000. / - No acumulable a otras promociones.
Santander;Barra Olivo;Experiencia gastronómica única con platos para disfrutar de sabores auténticos;40% dcto. todos los jueves;40;$40.000;Jueves;;"Boulevard Los Ingleses de Chicureo, Local 16, Colina; Chicureo, Vitacura";Exclusivo con tus Tarjetas de Crédito Santander.;Presencial y online;Metropolitana;Hasta el 31 de octubre de 2026;https://banco.santander.cl/beneficios/promociones/barra-olivo;Experiencia gastronómica única con platos para disfrutar de sabores auténticos / Recuerda que: / - Exclusivo con tus Tarjetas de Crédito Santander. / - Válido en local y online con retiro en tienda. / - Boulevard Los Ingleses de Chicureo, Local 16, Colina. / - No acumulable con otras promociones. / - Descuento máximo por pedido de $40.000
Santander;Bar 1005;Bar donde las noches se encienden;40% dcto todos los miércoles.;40;$40.000;Miércoles;;"Vicuña Mackenna 1005, Reñaca; Reñaca";Exclusivo con tus Tarjetas de Crédito Santander.;Presencial;Valparaíso;Hasta el 31 de octubre de 2026.;https://banco.santander.cl/beneficios/promociones/bar-1005;Bar donde las noches se encienden / Recuerda que: / - Exclusivo con tus Tarjetas de Crédito Santander. / - Válido para consumo en local. / - Vicuña Mackenna 1005, Reñaca. / - No acumulable a otras promociones. / - Pide tu descuento al momento de pagar. / - Descuento máximo por pedido de $40.000. / - Se excluyen propinas, menús, happy hours.
Santander;Zulu;Disfruta de la cocina Internacional;50%. dcto. todos los jueves;50;$50.000;Jueves;;"Alonso de Córdova 2337, Vitacura; Vitacura";Exclusivo con tus Tarjetas de Crédito Santander American Express.;Presencial;Metropolitana;Desde el 1 de septiembre hasta el 30 de noviembre;https://banco.santander.cl/beneficios/promociones/zulu;Disfruta de la cocina Internacional / Recuerda que: / -  / - Exclusivo con tus Tarjetas de Crédito Santander American Express. / - Válido para consumo en local. / - Alonso de Córdova 2337, Vitacura / - Tope de descuento de $50.000. / - No acumulable a otras promociones. / - Se excluyen propinas, menús, happy hours.
Santander;Delivery Gourmet;Tus comidas favoritas en un solo pedido;30% dcto. todos los miércoles;30;$40.000;Miércoles;;"Partenón 1727, Vitacura / Av. Francisco Bilbao 2752, Providencia / Roberto Espinoza 718, Santiago Centro; Vitacura, Providencia, Santiago";Exclusivo con tus Tarjetas de Crédito y Débito Santander.;Presencial y online;Metropolitana;Hasta el 31 de octubre de 2026;https://banco.santander.cl/beneficios/promociones/delivery-gourmet;Tus comidas favoritas en un solo pedido / Recuerda que: / - Exclusivo con tus Tarjetas de Crédito y Débito Santander. / - Válido en local, delivery web y retiro en local. / - Partenón 1727, Vitacura / Av. Francisco Bilbao 2752, Providencia / Roberto Espinoza 718, Santiago Centro / - No acumulable a otras promociones. / - Pide tu descuento al momento de pagar. / - Descuento máximo por pedido de $40.000. / - Se excluyen propinas, menús, happy hours.
Santander;Curry;Comida Tailandesa;30% dcto. todos los miércoles;30;$40.000;Miércoles;;"Partenón 1727, Vitacura / Av. Francisco Bilbao 2752, Providencia / Roberto Espinoza 718, Santiago Centro; Vitacura, Providencia, Santiago";Exclusivo con tus Tarjetas de Crédito y Débito Santander.;Presencial y online;Metropolitana;Hasta el 31 de octubre de 2026;https://banco.santander.cl/beneficios/promociones/curry-2;Comida Tailandesa / Recuerda que: / - Exclusivo con tus Tarjetas de Crédito y Débito Santander. / - Válido en local, delivery web y retiro en local. / - Partenón 1727, Vitacura / Av. Francisco Bilbao 2752, Providencia / Roberto Espinoza 718, Santiago Centro / - No acumulable a otras promociones. / - Pide tu descuento al momento de pagar. / - Descuento máximo por pedido de $40.000. / - Se excluyen propinas, menús, happy hours.
Santander;Rocoto;Sabores peruanos auténticos en tu hogar;30% dcto. todos los miércoles;30;$40.000;Miércoles;;"Partenón 1727, Vitacura / Av. Francisco Bilbao 2752, Providencia / Roberto Espinoza 718, Santiago Centro; Vitacura, Providencia, Santiago";Exclusivo con tus Tarjetas de Crédito y Débito Santander.;Presencial y online;Metropolitana;Hasta el 31 de octubre de 2026;https://banco.santander.cl/beneficios/promociones/rocoto;Sabores peruanos auténticos en tu hogar / Recuerda que: / - Exclusivo con tus Tarjetas de Crédito y Débito Santander. / - Válido en local, delivery web y retiro en local / - Partenón 1727, Vitacura / Av. Francisco Bilbao 2752, Providencia / Roberto Espinoza 718, Santiago Centro / - No acumulable a otras promociones. / - Pide tu descuento al momento de pagar. / - Descuento máximo por pedido de $40.000. / - Se excluyen propinas, menús, happy hours.
Santander;Lima Fusión;Gastronomía Peruana, Criollas y Nikkei se reinventa con un toque único;40% dcto. todos los miércoles.;40;$40.000;Miércoles;;"Manuel Bulnes 314, Quillota; Quillota";Exclusivo con tus Tarjetas de Crédito Santander.;Presencial;Valparaíso;Hasta el 31 de octubre de 2026;https://banco.santander.cl/beneficios/promociones/lima-fusion;Gastronomía Peruana, Criollas y Nikkei se reinventa con un toque único. / Recuerda que: / - Exclusivo con tus Tarjetas de Crédito Santander. / - Válido en local. / - Manuel Bulnes 314, Quillota. / - No acumulable a otras promociones. / - Pide tu descuento al momento de pagar. / - Descuento máximo por pedido de $40.000. / - Se excluyen propinas, menús, happy hours.
Santander;Prístino;Preparaciones chilenas gourmet;50% dcto. todos los sábados;50;$50.000;Sábado;;"El Coihue 3807, Vitacura; Vitacura";Exclusivo con tus Tarjetas de Crédito Santander American Express.;Presencial;Metropolitana;Desde el 1 de septiembre hasta el 30 de noviembre de 2026.;https://banco.santander.cl/beneficios/promociones/pristino;Preparaciones chilenas gourmet / Recuerda que: / -  / - Exclusivo con tus Tarjetas de Crédito Santander American Express. / - Válido en local. / - El Coihue 3807, Vitacura. / - No acumulable a otras promociones. / - Descuento máximo por pedido de $50.000
Santander;Expendio Montt;Los mejores tacos y cervezas;30% dcto. todos los miércoles.;30;$40.000;Miércoles;;"Manuel Montt 727, Providencia; Providencia";Exclusivo con tus Tarjetas de Crédito y Débito Santander.;Presencial;Metropolitana;Hasta el 31 de octubre de 2026.;https://banco.santander.cl/beneficios/promociones/expendio-montt;Los mejores tacos y cervezas / Recuerda que: / - Exclusivo con tus Tarjetas de Crédito y Débito Santander. / - Válido en local. / - Manuel Montt 727, Providencia. / - No acumulable con otras promociones. / - Descuento máximo por pedido de $40.000
Santander;Bar Porfirio;Tacos, tragos y pura buena onda para cortar la semana con sabor;30% dcto. todos los miércoles.;30;$40.000;Miércoles;;"Manuel Montt 697, Providencia; Providencia";Exclusivo con tus Tarjetas de Crédito y Débito Santander.;Presencial;Metropolitana;Hasta el 31 de octubre de 2026;https://banco.santander.cl/beneficios/promociones/bar-porfirio;Tacos, tragos y pura buena onda para cortar la semana con sabor / Recuerda que: / - Exclusivo con tus Tarjetas de Crédito y Débito Santander. / - Válido en local. / - Manuel Montt 697, Providencia. / - No acumulable con otras promociones. / - Descuento máximo por pedido de $40.000
Santander;Kento Sushi;Los mejores sushi, nikkei, Sin arroz, Vegetarianos, Ceviche y más;30% dcto. todos los miércoles.;30;$40.000;Miércoles;;"Parque Arauco, Alto las Condes y Av. Vitacura 5460; Las Condes, Vitacura";Exclusivo con tus Tarjetas de Crédito y Débito Santander.;Presencial y online;Metropolitana;Hasta el 31 de octubre de 2026.;https://banco.santander.cl/beneficios/promociones/kento-sushi;Los mejores sushi, nikkei, Sin arroz, Vegetarianos, Ceviche y más / Recuerda que: / - Exclusivo con tus Tarjetas de Crédito y Débito Santander. / - Válido en local y online. / - Parque Arauco, Alto las Condes y Av. Vitacura 5460 / - No acumulable con otras promociones. / - Ingresando los 6 primeros dígitos de tu Tarjeta como código de descuento. / - Descuento máximo por pedido de $40.000
Santander;Hijo del Inca;Restaurante peruano;30% dcto. todos los miércoles;30;$40.000;Miércoles;;"Príncipe de Gales 6992, La Reina; Santa magdalena 168 local 102 Providencia; La Reina";Exclusivo con tus Tarjetas de Crédito Santander.;Presencial;Metropolitana;Hasta el 31 de octubre de 2026.;https://banco.santander.cl/beneficios/promociones/hijo-del-inca;Restaurante peruano. / Recuerda que: / - Exclusivo con tus Tarjetas de Crédito Santander. / - Válido para compras en local. / - Príncipe de Gales 6992, La Reina. / - Santa magdalena 168 local 102 Providencia. / - No acumulable con otras promociones. / - Descuento máximo por pedido de $40.000
Santander;Siete Olas;Las mejores pizzas napolitanas y hamburguesas artesanales;50%. dcto. todos los miércoles;50;$50.000;Miércoles;;"Av. Cachagua 269, Zapallar; Zapallar";Exclusivo con tus Nuevas Tarjetas de Crédito Santander American Express.;Presencial;Valparaíso;Desde el 01 de junio hasta el 30 de noviembre de 2026;https://banco.santander.cl/beneficios/promociones/siete-olas;Las mejores pizzas napolitanas y hamburguesas artesanales. / Recuerda que: / - Exclusivo con tus Nuevas Tarjetas de Crédito Santander American Express. / - Válido para consumo en local. / - Av. Cachagua 269, Zapallar. / - Tope de descuento de $50.000. / - No acumulable a otras promociones. / - Se excluyen propinas, menús, happy hours.
Santander;Le Vice Chocolat;Exquisitos chocolates de la más alta calidad, elaborados con ingredientes seleccionados cuidadosamente y un toque artesa;40% dcto. todos los jueves.;40;Sin tope;Jueves;;Vitacura;Exclusivo con tus Tarjetas de Crédito y Débito Santander.;Online / delivery;Metropolitana;Hasta el 31 de octubre de 2026.;https://banco.santander.cl/beneficios/promociones/le-vice-chocolat;Exquisitos chocolates de la más alta calidad, elaborados con ingredientes seleccionados cuidadosamente y un toque artesanal. / Recuerda que: / - Exclusivo con tus Tarjetas de Crédito y Débito Santander. / - Válido en tiendas y www.levicechocolat.com / - Sin tope de descuento. / - No acumulable a otras promociones. / - Ingresa los 6 primeros dígitos de tu Tarjeta como código de descuento.
Santander;Dulcería Puerto Varas;Pastelería familiar de tradición alemana;40% dcto. todos los miércoles.;40;$40.000;Miércoles;;Vitacura, La Reina, Lo Barnechea;Exclusivo con tus Tarjetas de Crédito y Débito Santander.;Presencial;Metropolitana;Hasta el 31 de octubre de 2026.;https://banco.santander.cl/beneficios/promociones/dulceria-puerto-varas;Pastelería familiar de tradición alemana. / Recuerda que: / - Exclusivo con tus Tarjetas de Crédito y Débito Santander. / - Válido en locales. / - No acumulable a otras promociones. / - Para hacer efectivo el descuento debes mostrar y pagar con tus Tarjetas Santander. / - Tope dcto. $40.000.
Santander;Berlin Döner Kebab;Restaurant de sandwich turco-alemanes;30% dcto. todos los miércoles;30;$40.000;Miércoles;;Ñuñoa, Vitacura;Exclusivo con tus Tarjetas de Crédito Santander.;Presencial;Metropolitana;Hasta el 31 de octubre de 2026;https://banco.santander.cl/beneficios/promociones/berlin-doner-kebab;Restaurant de sandwich turco-alemanes / Recuerda que: / - Exclusivo con tus Tarjetas de Crédito Santander. / - Válido para consumo en local. / - No acumulable a otras promociones. / - Pide tu descuento al momento de pagar. / - Descuento máximo por pedido de $40.000. / - Se excluyen propinas, menús, happy hours.
Santander;Chicken Love You;Los mejores sandwich de pollo frito;40% dcto. todos los miércoles;40;$40.000;Miércoles;;Santiago,Vitacura,Las Condes,Maipú,La Reina,La Florida,Lo Barnechea,Viña del Mar;Exclusivo con tus Tarjetas de Crédito Santander;Presencial y online;Metropolitana,Valparaíso;Hasta el 31 de octubre de 2026.;https://banco.santander.cl/beneficios/promociones/chicken-love-you;Los mejores sandwich de pollo frito. / Recuerda que: / - Exclusivo con tus Tarjetas de Crédito Santander / - Válido para consumo en locales y online. / - No acumulable a otras promociones. / - Pide tu descuento al momento de pagar. / - Descuento máximo por pedido de $40.000 / - Ingresa los 6 primeros dígitos de tu Tarjeta como código de descuento. / - Se excluyen propinas, menús y happy hours.
Santander;Nolia;Brunch bar;40% dcto. todos los martes;40;$40.000;Martes;;"Nilo Azul 1737, Vitacura; Vitacura";Exclusivo con tus Tarjetas de Crédito Santander.;Presencial;Metropolitana;Hasta el 31 de octubre de 2026.;https://banco.santander.cl/beneficios/promociones/nolia;Brunch bar / Recuerda que: / - Exclusivo con tus Tarjetas de Crédito Santander. / - Válido para consumo en local. / - Nilo Azul 1737, Vitacura. / - No acumulable a otras promociones. / - Pide tu descuento al momento de pagar. / - Descuento máximo por pedido de $40.000. / - Se excluyen propinas, menús, happy hours.
Santander;Bozzo;Disfruta los mejores chocolates, receta de tradición italiana;40% dcto. todos los martes en bozzochocolates.cl y 20% dcto. en tiendas;40;$40.000;Martes;;Las Condes, Vitacura, Lo Barnechea, Providencia, Santiago, Peñalolén, La Florida;Exclusivo con tus Tarjetas de Crédito y Débito Santander.;Presencial y online;Metropolitana;Hasta el 31 de octubre de 2026.;https://banco.santander.cl/beneficios/promociones/bozzo-4;¡Disfruta los mejores chocolates, receta de tradición italiana! / Recuerda que: / - Exclusivo con tus Tarjetas de Crédito y Débito Santander. / - Válido en www.bozzochocolates.cl y presencial. / - 20% dcto. en tiendas válido solo en Región Metropolitana. / - No acumulable a otras promociones. / - Ingresando los 6 primeros dígitos de tu Tarjeta como código de descuento. / - Para hacer efectivo el descuento debes mostrar y pagar con tus Tarjetas Santander. / - Descuento máximo por pedido de $40.000. / - Descuento aplica solamente para personas naturales.
Santander;El Taller;Helados Artesanales de Alta Calidad, reconocidos entre los mejores del Mundo;40% dcto. todos los martes;40;$15.000;Martes;;"Av. Providencia 1467, Providencia; Av. La Dehesa 1570, Lo Barnechea; Av. Apoquindo 2730, Las Condes; Providencia, Lo Barnechea, Las Condes";Exclusivo con tus Tarjetas de Crédito y Débito Santander.;Presencial y online;Metropolitana;Hasta el 31 de octubre de 2026.;https://banco.santander.cl/beneficios/promociones/el-taller;Helados Artesanales de Alta Calidad, reconocidos entre los mejores del Mundo / Recuerda que: / - Exclusivo con tus Tarjetas de Crédito y Débito Santander. / - Válido para consumo en locales y www.eltallerchile.cl / - Av. Providencia 1467, Providencia. / - Av. La Dehesa 1570, Lo Barnechea. / - Av. Apoquindo 2730, Las Condes. / - Tope de descuento de $15.000. / - Para compras presenciales pide tu descuento al momento de pagar. / - Para compras online ingresa los 6 primeros dígitos de tu tarjeta como código de descuento. / - No acumulable a otras promociones.
Santander;Ciros;Comida chilena y de ultramar;40% dcto. todos los viernes;40;$40.000;Viernes;;"Isidora Goyenechea 2971, Las Condes; Las Condes";Exclusivo con tus Tarjetas de Crédito Santander.;Presencial;Metropolitana;Hasta el 31 de octubre de 2026;https://banco.santander.cl/beneficios/promociones/ciros;Comida chilena y de ultramar / Recuerda: / - Exclusivo con tus Tarjetas de Crédito Santander. / - Válido para consumo en local. / - Isidora Goyenechea 2971, Las Condes. / - Tope de descuento de $40.000. / - Pide tu descuento al momento de pagar. / - No acumulable a otras promociones. / - Se excluyen propinas, menús, happy hours.
Santander;La Joya Cantina & Sanguches;Los mejores sánguches del puerto;40% dcto. todos los miércoles.;40;$40.000;Miércoles;;"Eusebio Lillo 200, Valparaíso; Valparaíso";Exclusivo con tus Tarjetas de Crédito Santander.;Presencial;Valparaíso;Hasta el 31 de octubre de 2026.;https://banco.santander.cl/beneficios/promociones/la-joya-cantina-sanguches;Los mejores sánguches del puerto / Recuerda que: / - Exclusivo con tus Tarjetas de Crédito Santander. / - Válido en local. / - Eusebio Lillo 200, Valparaíso. / - No acumulable a otras promociones. / - Pide tu descuento al momento de pagar. / - Descuento máximo por pedido de $40.000.
Santander;Quercus;Conoce la casa cervecera más icónica del mundo;40%. dcto. todos los martes;40;$40.000;Martes;;"Sta. Magdalena 61, Providencia; Providencia";Exclusivo con tus Tarjetas de Crédito Santander.;Presencial;Metropolitana;Hasta el 31 de octubre de 2026;https://banco.santander.cl/beneficios/promociones/quercus;Conoce la casa cervecera más icónica del mundo / Recuerda que: / - Exclusivo con tus Tarjetas de Crédito Santander. / - Válido para consumo en local. / - Sta. Magdalena 61, Providencia. / - Tope de descuento de $40.000. / - No acumulable a otras promociones. / - Se excluyen cervezas de cooler, cervezas en lata o botella. / - Se excluyen propinas, menús, happy hours.
Santander;Raymi;Auténtica gastronomía peruana, tragos de autos y coctelería clásica;40% dcto. todos los miércoles.;40;$40.000;Miércoles;;"Camino a Zapallar KM 1.4, Curicó; Curicó";Exclusivo con tus Tarjetas de Crédito Santander.;Presencial;Maule;Hasta el 31 de octubre de 2026;https://banco.santander.cl/beneficios/promociones/raymi;Auténtica gastronomía peruana, tragos de autos y coctelería clásica / Recuerda: / - Exclusivo con tus Tarjetas de Crédito Santander. / - Válido para consumo en local. / - Camino a Zapallar KM 1.4, Curicó / - No acumulable a otras promociones. / - Pide tu descuento al momento de pagar. / - Descuento máximo por pedido de $40.000. / - Se excluyen propinas, menús, happy hours.
Santander;Jardín Mallinkrodt;Conoce toda la gastronomía global y coctelería innovadora;40%. dcto. todos los martes;40;$40.000;Martes;;"Av. Vitacura 6780, local F01, Vitacura; Mallinkrodt 170, Providencia; Vitacura";Exclusivo pagando con tus Tarjetas de Crédito Santander.;Presencial;Metropolitana;Hasta el 31 de octubre de 2026;https://banco.santander.cl/beneficios/promociones/jardin-mallinkrodt;Conoce toda la gastronomía global y coctelería innovadora. / Recuerda que: / - Exclusivo pagando con tus Tarjetas de Crédito Santander. / - Válido para consumo en local. / - Av. Vitacura 6780, local F01, Vitacura. / - Mallinkrodt 170, Providencia. / - Tope de descuento de $40.000. / - No acumulable a otras promociones. / - Se excluyen propinas, menús, happy hours.
Santander;Rústico restobar;Karaoke, cocteles y comida;40% dcto. todos los miércoles;40;$40.000;Miércoles;;"Av. Presidente Manuel Bulnes 299, Punta Arenas; Punta Arenas";Exclusivo pagando con tus Tarjetas de Crédito Santander.;Presencial;Magallanes;Hasta el 31 de octubre de 2026;https://banco.santander.cl/beneficios/promociones/rustico-restobar;¡Karaoke, cocteles y comida! / Recuerda que: / - Exclusivo pagando con tus Tarjetas de Crédito Santander. / - Válido para consumo en local. / - Av. Presidente Manuel Bulnes 299, Punta Arenas / - Tope de descuento de $40.000. / - No acumulable a otras promociones.
Santander;Ari Nikkei;Nuevo concepto de sushi;40%. dcto. todos los viernes;40;$40.000;Viernes;;Las Condes;Exclusivo pagando con tus Tarjetas de Crédito Santander.;Presencial;Metropolitana;Hasta el 31 de octubre de 2026;https://banco.santander.cl/beneficios/promociones/ari-nikkei;Nuevo concepto de sushi / Recuerda que: / - Exclusivo pagando con tus Tarjetas de Crédito Santander. / - Válido para consumo en local. / - Tope de descuento de $40.000. / - No acumulable a otras promociones.
Santander;La Burguesía;Las más ricas hamburguesas;40%. dcto. todos los lunes;40;$40.000;Lunes;;"Sta. Magdalena 99, Providencia; Providencia, La Reina";Exclusivo pagando con tus Tarjetas de Crédito Santander.;Presencial;Metropolitana;Hasta el 31 de octubre  de 2026;https://banco.santander.cl/beneficios/promociones/la-burguesia;Las más ricas hamburguesas  / Recuerda que: / - Exclusivo pagando con tus Tarjetas de Crédito Santander. / - Válido para consumo en local. / - Sta. Magdalena 99, Providencia. / - Tope de descuento de $40.000. / - No acumulable a otras promociones.
Santander;Don Camarón;Las mejores preparaciones del mar y gastronomía circular de la Araucanía;40%. dcto. todos los miércoles.;40;$100.000;Miércoles;;"Av. Rudecindo Ortega 01650, Temuco; Temuco";Exclusivo con tus Tarjetas de Crédito WorldMember Limited Santander LATAM Pass.;Presencial;Araucanía;Hasta el 31 de octubre de 2026;https://banco.santander.cl/beneficios/promociones/don-camaron;Las mejores preparaciones del mar y gastronomía circular de la Araucanía / Recuerda que: / - Exclusivo con tus Tarjetas de Crédito WorldMember Limited Santander LATAM Pass. / - Válido para consumo en local. / - Av. Rudecindo Ortega 01650, Temuco. / - Tope de descuento de $100.000. / - No acumulable a otras promociones.
Santander;Raidho;Un nuevo viaje culinario hacia sabores inolvidables;40% dcto. todos los viernes.;40;$100.000;Viernes;;"Camino Las Rastras Km 7, Talca; Talca";Exclusivo con tus Tarjetas de Crédito WorldMember Limited Santander LATAM Pass.;Presencial;Maule;Hasta el 31 de octubre 2026.;https://banco.santander.cl/beneficios/promociones/raidho;Un nuevo viaje culinario hacia sabores inolvidables / - Exclusivo con tus Tarjetas de Crédito WorldMember Limited Santander LATAM Pass. / - Válido en local. / - Camino Las Rastras Km 7, Talca / - No acumulable a otras promociones. / - Descuento máximo de $100.000.
Santander;Sumoku;Comida del mar que garantiza un viaje entre clásicos sabores japoneses con notas sofisticadas de alta cocina;50%. dcto. todos los martes;50;$50.000;Martes;;"Bellavista 703, Reñaca; Reñaca";Exclusivo con tus Tarjetas de Crédito Santander American Express.;Presencial;Valparaíso;Desde el 01 de junio hasta el 30 de noviembre de 2026;https://banco.santander.cl/beneficios/promociones/sumoku;Comida del mar que garantiza un viaje entre clásicos sabores japoneses con notas sofisticadas de alta cocina. / Recuerda que: / - Exclusivo con tus Tarjetas de Crédito Santander American Express. / - Válido para consumo en local. / - Bellavista 703, Reñaca / - Descuento aplica para los días martes / - Tope de descuento de $50.000. / - Pide tu descuento al momento de pagar. / - No acumulable a otras promociones. / - Se excluyen propinas, menús, happy hours.
Santander;Kiara;Cocina Nikkei;40%. dcto. todos los jueves;40;$100.000;Jueves;;"El Rodeo 13332, Lo Barnechea; Lo Barnechea";Exclusivo con tus Tarjetas de Crédito WorldMember Limited Santander LATAM Pass.;Presencial;Metropolitana;Hasta el 31 de octubre de 2026;https://banco.santander.cl/beneficios/promociones/kiara;Cocina Nikkei / Recuerda que: / - Exclusivo con tus Tarjetas de Crédito WorldMember Limited Santander LATAM Pass. / - Válido para consumo en local. / - El Rodeo 13332, Lo Barnechea. / - Tope de descuento de $100.000. / - No acumulable a otras promociones. / - Se excluyen propinas, menús, happy hours.
Santander;Do Sushi;Disfruta de la cocina Japonesa;50% dcto. todos los domingos;50;$50.000;Domingo;;"Suecia 0155, local 102, Providencia; Providencia";Exclusivo con tus Tarjetas de Crédito Santander American Express.;Presencial;Metropolitana;Desde el 1 de septiembre hasta el 30 de noviembre de 2026;https://banco.santander.cl/beneficios/promociones/do-sushi-6;Disfruta de la cocina Japonesa / Recuerda que: / -  / - Exclusivo con tus Tarjetas de Crédito Santander American Express. / - Válido para consumo en local  / - Suecia 0155, local 102, Providencia. / - Pide tu descuento al momento de pagar. / - Descuento máximo por pedido de $50.000.
Santander;Demencia;Decoración circense y alta gastronomía, coctelería de autor y shows en vivo;40%. dcto. todos los martes;40;$100.000;Martes;;"Av. Vitacura 3520, Vitacura; Vitacura";Exclusivo pagando con tus Tarjetas de Crédito WorldMember Limited Santander LATAM Pass.;Presencial;Metropolitana;Hasta el 31 de octubre de 2026;https://banco.santander.cl/beneficios/promociones/demencia-2;Decoración circense y alta gastronomía, coctelería de autor y shows en vivo. / Recuerda que: / - Exclusivo pagando con tus Tarjetas de Crédito WorldMember Limited Santander LATAM Pass. / - Válido para consumo en local. / - Av. Vitacura 3520, Vitacura. / - Tope de descuento de $100.000. / - No acumulable a otras promociones. / - Se excluyen propinas, menús, happy hours.
Santander;Carmine;Raíces profundas de una tradición gastronómica que ha sido transmitida de generación en generación;50% dcto. todos los jueves;50;$50.000;Jueves;;"Av. Edmundo Eluchans 595, Viña del Mar; Viña del Mar";Exclusivo con tus Tarjetas de Crédito Santander American Express.;Presencial;Valparaíso;Desde el 01 de junio hasta el 30 de novimbre de 2026;https://banco.santander.cl/beneficios/promociones/carmine;Raíces profundas de una tradición gastronómica que ha sido transmitida de generación en generación. / Recuerda que: / - Exclusivo con tus Tarjetas de Crédito Santander American Express. / - Válido en local. / - Av. Edmundo Eluchans 595, Viña del Mar. / - No acumulable a otras promociones. / - Descuento máximo por pedido de $50.000.
Santander;Rishtedar;Platos tradicionales de la comida India;40% dcto. todos los viernes;40;;Viernes;;"Av. Vitacura 5461, Vitacura; Holanda 160, Providencia; Principe de Gales 6500 La Reina; El Rodeo 12850, loca 74 y 75, La Dehesa; Vitacura";Exclusivo con tus Tarjetas de Crédito Santander;Presencial;Metropolitana;Hasta el 31 de octubre de 2026;https://banco.santander.cl/beneficios/promociones/rishtedar-2;Platos tradicionales de la comida India / Recuerda que: / - Exclusivo con tus Tarjetas de Crédito Santander / - Válido para consumo en local. / - Av. Vitacura 5461, Vitacura. / - Holanda 160, Providencia / - Principe de Gales 6500 La Reina / - El Rodeo 12850, loca 74 y 75, La Dehesa  / - No acumulable a otras promociones. / - Ingresa los 6 primeros dígitos de tu Tarjeta como código de descuento. / - Descuento máximo por pedido de 40.000.
Santander;La Dicha;Descubre los mejores platos gourmet;40% dcto. todos los miércoles;40;$100.000;Miércoles;;"Alonso de Córdova 4355,Vitacura; Vitacura";Exclusivo con tus Tarjetas de Crédito WorldMember Limited Santander LATAM Pass.;Presencial;Metropolitana;Hasta el 31 de octubre de 2026;https://banco.santander.cl/beneficios/promociones/la-dicha-4;Descubre los mejores platos gourmet  / Recuerda que:  / - Exclusivo con tus Tarjetas de Crédito WorldMember Limited Santander LATAM Pass. / - Válido para consumo en local. / - Alonso de Córdova 4355,Vitacura / - No acumulable a otras promociones. / - Pide tu descuento al momento de pagar. / - Tope de descuento $100.000.
Santander;Naoki;Sabores y técnicas japonesas se combinan con elementos locales de la costa chilena para crear una experiencia gastronómi;40%. dcto. todos los lunes;40;$100.000;Lunes;;"Av. Vitacura 3875, Vitacura; Vitacura";Exclusivo con tu Tarjeta de Crédito WorldMember Limited Santander;Presencial;Metropolitana;Hasta el 31 de octubre de 2026;https://banco.santander.cl/beneficios/promociones/naoki-2;Sabores y técnicas japonesas se combinan con elementos locales de la costa chilena para crear una experiencia gastronómica única / Recuerda que: / - Exclusivo con tu Tarjeta de Crédito WorldMember Limited Santander  / - Válido para consumo en local. / - Av. Vitacura 3875, Vitacura. / - Tope de descuento de $100.000. / - No acumulable a otras promociones. / - Se excluyen propinas, menús, happy hours.
Santander;Caoba Bar;Disfruta de un increíble bar;40% dcto. todos los lunes;40;$40.000;Lunes;;"Alonso de Córdova 4156, Vitacura; Vitacura";Exclusivo con tus Tarjetas de Crédito Santander;Presencial;Metropolitana;Hasta el 31 de octubre de 2026;https://banco.santander.cl/beneficios/promociones/caoba-bar-2;¡Disfruta de un increíble bar! / Recuerda que: / - Exclusivo con tus Tarjetas de Crédito Santander / - Válido para consumo en local. / - Alonso de Córdova 4156, Vitacura. / - No acumulable a otras promociones. / - Pide tu descuento al momento de pagar. / - Tope de descuento $40.000
Santander;PF Chang’s;Lo mejor de la comida asiatica;40% dcto. todos los martes;40;$40.000;Martes;;"Isidora Goyenechea 2940, Parque Arauco y Alto Las Condes, Las Condes; Las Condes";40% pagando con tus Tarjetas de Crédito Santander;Presencial;Metropolitana;Hasta el 31 de octubre de 2026;https://banco.santander.cl/beneficios/promociones/pfchang;¡Lo mejor de la comida asiatica! / Recuerda que: / - 40% pagando con tus Tarjetas de Crédito Santander / - Válido para consumo en local. / - Isidora Goyenechea 2940, Parque Arauco y Alto Las Condes, Las Condes. / - No acumulable a otras promociones. / - Descuento máximo por pedido de $40.000. / - Se excluyen propinas, menús, happy hours.
Santander;Dominga Bistró;Gastronomía fusión y coctelería de autor en un solo lugar;40% dcto. todos los miércoles;40;$40.000;Miércoles;;Filomena Valenzuela 30, Iquique;Exclusivo con tus Tarjetas de Crédito Santander.;Presencial;Regiones;Hasta el 31 de octubre de 2026;https://banco.santander.cl/beneficios/promociones/domina-bistro;Gastronomía fusión y coctelería de autor en un solo lugar / Recuerda que: / - Exclusivo con tus Tarjetas de Crédito Santander. / - Válido para consumo en local. / - Filomena Valenzuela 30, Iquique. / - No acumulable a otras promociones. / - Pide tu descuento al momento de pagar. / - Descuento máximo por pedido de $40.000.
Santander;La Bifería;Cortes únicos de carne a la parrilla;40% dcto. todos los sábados;40;$40.000;Sábado;;"Av. Pedro de Valdivia 065, Providencia; Providencia";Exclusivo con tus Tarjetas de Crédito Santander.;Presencial;Metropolitana;Hasta el 31 de octubre de 2026;https://banco.santander.cl/beneficios/promociones/la-biferia-2;Cortes únicos de carne a la parrilla / Recuerda que: / - Exclusivo con tus Tarjetas de Crédito Santander. / - Válido para consumo en local. / - Av. Pedro de Valdivia 065, Providencia. / - No acumulable a otras promociones. / - Pide tu descuento al momento de pagar. / - Descuento máximo por pedido de $40.000.
Santander;Hijo del Sol;Disfruta del rico sabor de una causa limeña;40% dcto. todos los miércoles;40;$40.000;Miércoles;;La Reina, Las Condes, Vitacura, Santiago;Exclusivo con tus Tarjetas de Crédito Santander.;Presencial;Metropolitana;Hasta el 31 de octubre de 2026;https://banco.santander.cl/beneficios/promociones/hijo-del-sol-2;Disfruta del rico sabor de una causa limeña  / Recuerda que: / - Exclusivo con tus Tarjetas de Crédito Santander. / - Válido para consumo en local. / - No acumulable a otras promociones. / - Pide tu descuento al momento de pagar. / - Descuento máximo por pedido de $40.000. / - Se excluyen propinas, menús, happy hours.
Santander;Just Burger;Solo una hamburguesa, hasta que la pruebas;40% dcto. todos los miércoles;40;$40.000;Miércoles;;Providencia, Las Condes, Vitacura, Santiago, Huechuraba, Maipú, Peñalolén, Machalí, Rancagua, Villa Alemana y Viña del Mar;Exclusivo con tus Tarjetas de Crédito Santander.;Presencial y online;Metropolitana, O'Higgins, Valparaíso;Hasta el 31 de octubre de 2026;https://banco.santander.cl/beneficios/promociones/just-burger-3;Solo una hamburguesa, hasta que la pruebas / Recuerda que: / - Exclusivo con tus Tarjetas de Crédito Santander. / - Válido en local y www.justburger.cl. / - No acumulable a otras promociones. / - Pide tu descuento al momento de pagar. / - Ingresa los 6 primeros dígitos de tu Tarjeta como código de descuento. / - Descuento máximo por pedido de $40.000.
Santander;Kobo Sushi;Delicada comida de Japón con la frescura y del toque picante del Perú;40% dcto. todos los miércoles;40;$40.000;Miércoles;;Providencia, Las Condes, San Miguel;Exclusivo con tus Tarjetas de Crédito Santander.;Presencial y online;Metropolitana;Hasta el 31 de octubre de 2026;https://banco.santander.cl/beneficios/promociones/kobo-2;Delicada comida de Japón con la frescura y del toque picante del Perú / Recuerda que: / - Exclusivo con tus Tarjetas de Crédito Santander. / - Válido para consumo en local y en www.kobo.cl / - No acumulable a otras promociones. / - Ingresa los 6 primeros dígitos de tu Tarjeta como código de descuento. / - Descuento máximo por pedido de $40.000.
Santander;Fork;Platos preparados todos los días, frescos y sin conservantes;40% dcto. todos los viernes.;40;$40.000;Viernes;; La Reina, Las Condes, Lo Barnechea, Providencia, Santiago, Macul, Vitacura, Ñuñoa;"Exclusivo con tus Tarjetas de Crédito Santander.; Válido en tiendas Fork pagando con tu tarjeta Santander. Y en Forkchile.cl ingresando los primeros 6 dígitos de tu tarjeta en el botón &quot;CÓDIGO PROMO&quot; al momento de pagar.";Online / delivery;Metropolitana;Hasta el 31 de octubre de 2026;https://banco.santander.cl/beneficios/promociones/fork-4;"¡Platos preparados todos los días, frescos y sin conservantes! / Recuerda que: / 40% descuento: / - Exclusivo con tus Tarjetas de Crédito Santander. / - Válido en tiendas Fork pagando con tu tarjeta Santander. Y en Forkchile.cl ingresando los primeros 6 dígitos de tu tarjeta en el botón &quot;CÓDIGO PROMO&quot; al momento de pagar. / - Tope de dcto. de $40.000. / - No acumulable con otras promociones; Productos seleccionados en https://forkchile.cl/categoria/191/descuento-santander / - Aplica a productos Fork seleccionados: platos refrigerados individuales y familiares (excepto ensaladas, wraps y platos livianos, salmón a la gremolata y beef bourguignon), sopas, quiches individuales y familiares, sándwiches, cocktail congelado Fork, postres individuales y postres familiares (excepto tortas). / - Descuento aplicable únicamente a los productos incluidos en la categoría &quot;Descuento Santander&quot;, no incluye productos de otras categorías."
Santander;Winecaina;Disfruta las clásicas preparaciones peruanas;40% dcto. todos los miércoles;40;$100.000;Miércoles;;"Av. Borgoño 22900, Concón; Concón";Exclusivo con tus Tarjetas de Crédito WorldMember Limited Santander LATAM Pass.;Presencial;Valparaíso;Hasta el 31 de octubre de 2026.;https://banco.santander.cl/beneficios/promociones/winecaina-2;¡Disfruta las clásicas preparaciones peruanas!  / Recuerda que: / - Exclusivo con tus Tarjetas de Crédito WorldMember Limited Santander LATAM Pass. / - Válido para consumo en local. / - Av. Borgoño 22900, Concón. / - No acumulable a otras promociones. / - Pide tu descuento al momento de pagar. / - Tope de descuento de $100.000. / - Se excluyen propinas, menús, happy hours.
Santander;eCook;Lleva tus platos favoritos con el mejor descuento;40% dcto. todos los martes y jueves;40;Sin tope;Martes, Jueves;;;Exclusivo con tus Tarjetas de Crédito y Débito Santander.;Online / delivery;Metropolitana;Hasta el 31 de octubre de 2026.;https://banco.santander.cl/beneficios/promociones/ecook-4;¡Lleva tus platos favoritos con el mejor descuento! / Recuerda que: / - Exclusivo con tus Tarjetas de Crédito y Débito Santander. / - Válido en ecook.cl / - No acumulable a otras promociones. / - Ingresa los 6 primeros dígitos de tu Tarjeta como código de descuento. / - Sin tope de descuento.
Santander;Dominó;Los martes ahora son Dinámicos;40% dcto. todos los martes.;40;Sin tope;Martes;;Las Condes, La Reina, Providencia, Vitacura, Santiago, Ñuñoa, Peñalolén, Macul, Recoleta, La Florida, Huechuraba, Puente Alto, Maipú, Independencia, Viña del Mar, Puerto Montt, Antofagasta, Concepción;Exclusivo con tus Tarjetas de Crédito y Débito Santander.;Presencial y online;Metropolitana, Valparaíso, Los Lagos, Antofagasta, Bío-Bío;Hasta el 31 de octubre de 2026.;https://banco.santander.cl/beneficios/promociones/domino-2;"¡Los martes ahora son Dinámicos! / Recuerda que: / - Exclusivo con tus Tarjetas de Crédito y Débito Santander. / - Válido todos los martes en la App Club Dominó y 20% dcto. en locales. / - Para compras en la App Club Dominó: Selecciona tu pedido &gt; Cupones y Promos &gt; Promos &gt; Ingresa tu código Promocional (ingresando los 6 primeros dígitos de tu tarjeta) &gt; Banco Santander / - Para compras presenciales: Pide tu descuento al momento de pagar con tus Tarjetas Santander. / - Sin tope de descuento. / - Excluye locales de aeropuerto. / - No acumulable a otras promociones."
Santander;CuracaRibs;Disfruta carnes ahumadas 100% a leña;40% dcto. todos lunes online.;40;$40.000;Lunes;;La Florida, Cerrillos, Las Condes, Providencia, Huechuraba, Curacaví;Exclusivo con tus Tarjetas de Crédito Santander.;Online / delivery;Metropolitana;Hasta el 31 de octubre de 2026.;https://banco.santander.cl/beneficios/promociones/curacaribs-4;"¡Disfruta carnes ahumadas 100% a leña! / Recuerda que: / - Exclusivo con tus Tarjetas de Crédito Santander. / - Válido en www.curacaribs.cl / - Selecciona el medio de pago &quot;Tarjetas de Crédito Santander / Promo 40% día Lunes&quot; / - No acumulable a otras promociones. / - Descuento máximo por pedido de $40.000."
Santander;Sakura;Mucho más que sushi;40% dcto. en Rolls todos los viernes.;40;$40.000;Viernes;;Las Condes, Lo Barnechea, Ñuñoa, Vitacura, La Reina;Exclusivo con tus Tarjetas de Crédito y Débito Santander.;Presencial y online;Metropolitana;Hasta el 31 de octubre de 2026.;https://banco.santander.cl/beneficios/promociones/sakura-4;¡Mucho más que sushi! / Recuerda que: / - Exclusivo con tus Tarjetas de Crédito y Débito Santander. / - Válido en locales, www.sakura.cl / - Tope dcto. $40.000. / - Para compras con despacho el monto mínimo es de $12.000. / - Exclusivo en categorías de Rolls y Hosomaki. / - Excluye combinaciones, Bento Box. / - No válida en días feriados. / - No acumulable a otras promociones. / - Ingresa los 6 primeros dígitos de tu Tarjeta como código de descuento.
Santander;Corrales del Sur;El mejor Angus nacional en Corrales del Sur;30% dcto. todos los jueves.;30;$100.000;Jueves;;Vitacura, Providencia, Peñalolén, Osorno, Puerto Varas;Exclusivo con tus Tarjetas de Crédito WorldMember Limited Santander LATAM Pass.;Presencial y online;Metropolitana, Los Lagos;Hasta el 31 de octubre de 2026;https://banco.santander.cl/beneficios/promociones/corrales-del-sur-3;¡El mejor Angus nacional en Corrales del Sur! / Recuerda que: / - Exclusivo con tus Tarjetas de Crédito WorldMember Limited Santander LATAM Pass. / - Válido para consumo en local y en www.corralesdelsur.cl. / - Exclusivo en carnes Corrales del Sur y embutidos. / - No acumulable a otras promociones. / - Ingresa los primeros 6 dígitos de tu Tarjeta como código de descuento. / - Descuento máximo por pedido de $100.000.
Santander;Melt Pizzas;Las mejores pizzas están en Melt!;40% dcto. todos los martes.;40;$40.000;Martes;;La Reina, Vitacura, Santiago, Las Condes, Providencia, Peñalolén, Recoleta, Huechuraba, Lo Barnechea, San Miguel, La Florida, Puente Alto, Ñuñoa, ;Exclusivo con tus Tarjetas de Crédito y Débito Santander.;Presencial y online;Metropolitana, Maule, O'Higgins, Bío-Bío, Antofagasta, Valparaíso, La Araucanía;Hasta el 31 de octubre de 2026.;https://banco.santander.cl/beneficios/promociones/melt;¡Las mejores pizzas están en Melt! Arma tu pizza como más te guste. / Recuerda que: / - Exclusivo con tus Tarjetas de Crédito y Débito Santander. / - Válido en locales, App MELT y en www.meltpizzas.com / - No acumulable a otras promociones. / - Ingresa los 6 primeros dígitos de tu Tarjeta como código de descuento. / - Excluye productos de las categorías Promos, bebidas, Holy Cheese y precios promocionales. / - Tope dcto. $40.000.
Santander;Barrica 94;Disfruta el punto de encuentro entre el vino y la gastronomía;40% dcto. todos los viermes;40;$100.000;Lunes;;"Av. José Alcalde Délano 10533, Lo Barnechea; Lo Barnechea";Exclusivo con tus Tarjetas de Crédito WorldMember Limited Santander LATAM Pass.;Presencial;Metropolitana;Hasta el 31 de octubre de 2026;https://banco.santander.cl/beneficios/promociones/barrica-94-2;¡Disfruta el punto de encuentro entre el vino y la gastronomía! / Recuerda que: / - Exclusivo con tus Tarjetas de Crédito WorldMember Limited Santander LATAM Pass. / - Válido para consumo en local. / - Av. José Alcalde Délano 10533, Lo Barnechea / - No acumulable a otras promociones. / - Pide tu descuento al momento de pagar. / - Descuento máximo por pedido de $100.000. / - Se excluyen propinas, menús, happy hours.
Santander;Aquality;Compra pescados y mariscos congelados de calidad superior!;40% dcto. todos los martes y acumula 1 Milla LATAM Pass adicional;40;$100.000;Martes;;;Exclusivo con tus Tarjetas de Crédito WorldMember Limited Santander LATAM Pass.;Online / delivery;Metropolitana;Hasta el 31 de octubre de 2026;https://banco.santander.cl/beneficios/promociones/aquality-3;¡Compra pescados y mariscos congelados de calidad superior! Además, acumula 1 Milla LATAM Pass adicional del 01 al 07 de cada mes. / Recuerda que: / - Exclusivo con tus Tarjetas de Crédito WorldMember Limited Santander LATAM Pass. / - Válido en www.aqualitysoluciones.cl / - No acumulable a otras promociones. / - Ingresando los 6 primeros dígitos de tu Tarjeta como código de descuento. / - Despacho aplica en Región Metropolitana y Punto de retiro aplica en Chicureo y Concón. / - Descuento máximo por pedido de $100.000.
Santander;Al Pesto;Disfruta las delicias culinarias y tendencias italianas auténticas;30% dcto. todos los miércoles;30;$40.000;Miércoles;;Colina;Exclusivo con tus Tarjetas de Crédito Santander.Válido para consumo en local.Boulevard Los Ingleses, Av. Chicureo Km 2, Colina.No acumulable a otras promociones.Pide tu descuento al momento de pagar.Descuento máximo por pedido de $40.000Se excluyen propinas, menús, happy hours.;Presencial;Metropolitana;Hasta el 31 de octubre de 2026.;https://banco.santander.cl/beneficios/promociones/al-pesto;¡Disfruta las delicias culinarias y tendencias italianas auténticas! / Recuerda que:  / Exclusivo con tus Tarjetas de Crédito Santander.Válido para consumo en local.Boulevard Los Ingleses, Av. Chicureo Km 2, Colina.No acumulable a otras promociones.Pide tu descuento al momento de pagar.Descuento máximo por pedido de $40.000Se excluyen propinas, menús, happy hours.
Santander;Hestia;Cámbiale el sabor a tus miércoles con los Miércoles de Sabores;40% dcto. todos los miércoles;40;$40.000;Miércoles;;Avenida Isidoro del solar 177, Talca;Exclusivo con tus Tarjetas de Crédito Santander.;Presencial;Regiones;Hasta el 31 de octubre de 2026.;https://banco.santander.cl/beneficios/sabores/promociones/hestia-talca;¡Cámbiale el sabor a tus miércoles con los Miércoles de Sabores! / - Exclusivo con tus Tarjetas de Crédito Santander. / - Válido presencial. / - No acumulable a otras promociones. / - Descuento máximo por pedido de $40.000. / - Avenida Isidoro del solar 177, Talca
